episode_id,seed,scenario_id,original_model_version,release_adoption,release_modified_by_this_work,historical_capture_comparison,original_manifest,original_scene,original_script,candidate_status,candidate_path,trajectory_change,changed_position_ticks,changed_activity_ticks,first_changed_pose_time_s,first_changed_activity_time_s,planned_adoption,affected_entity,sensor_binding_status,camera_geometry_entity_changes,log_change,recommendation,unresolved_group,compute_candidate
L1-1_v1__seed00,0,L1-1_v1,1.6.0,NO_CANDIDATE_ADOPTED,False,UNKNOWN: missing capture-time trajectory/config hashes or original per-artifact receipts,aw_data/render_ready_episodes_capture_filtered/L1-1_v1__seed00/episode_manifest.json,Dataset/scenarios/L1_airspace/interaction/L1-1_v1/scene_setup.json,Dataset/scenarios/L1_airspace/interaction/L1-1_v1/event_script.json,NOT_RUN,,NOT_ESTABLISHED,,,,,,,,NONE_AUTHORIZED_IN_THIS_CANDIDATE,NOT_ADOPTED,C: no adopted modification; future compute-log profile decision pending,,
L1-1_v1__seed01,1,L1-1_v1,1.6.0,NO_CANDIDATE_ADOPTED,False,UNKNOWN: missing capture-time trajectory/config hashes or original per-artifact receipts,aw_data/render_ready_episodes_capture_filtered/L1-1_v1__seed01/episode_manifest.json,Dataset/scenarios/L1_airspace/interaction/L1-1_v1/scene_setup.json,Dataset/scenarios/L1_airspace/interaction/L1-1_v1/event_script.json,NOT_RUN,,NOT_ESTABLISHED,,,,,,,,NONE_AUTHORIZED_IN_THIS_CANDIDATE,NOT_ADOPTED,C: no adopted modification; future compute-log profile decision pending,,
L1-1_v1__seed02,2,L1-1_v1,1.6.0,NO_CANDIDATE_ADOPTED,False,UNKNOWN: missing capture-time trajectory/config hashes or original per-artifact receipts,aw_data/render_ready_episodes_capture_filtered/L1-1_v1__seed02/episode_manifest.json,Dataset/scenarios/L1_airspace/interaction/L1-1_v1/scene_setup.json,Dataset/scenarios/L1_airspace/interaction/L1-1_v1/event_script.json,NOT_RUN,,NOT_ESTABLISHED,,,,,,,,NONE_AUTHORIZED_IN_THIS_CANDIDATE,NOT_ADOPTED,C: no adopted modification; future compute-log profile decision pending,,
L1-1_v2__seed00,0,L1-1_v2,1.6.0,NO_CANDIDATE_ADOPTED,False,UNKNOWN: missing capture-time trajectory/config hashes or original per-artifact receipts,aw_data/render_ready_episodes_capture_filtered/L1-1_v2__seed00/episode_manifest.json,Dataset/scenarios/L1_airspace/interaction/L1-1_v2/scene_setup.json,Dataset/scenarios/L1_airspace/interaction/L1-1_v2/event_script.json,NOT_RUN,,NOT_ESTABLISHED,,,,,,,,NONE_AUTHORIZED_IN_THIS_CANDIDATE,NOT_ADOPTED,C: no adopted modification; future compute-log profile decision pending,,
L1-1_v2__seed01,1,L1-1_v2,1.6.0,NO_CANDIDATE_ADOPTED,False,UNKNOWN: missing capture-time trajectory/config hashes or original per-artifact receipts,aw_data/render_ready_episodes_capture_filtered/L1-1_v2__seed01/episode_manifest.json,Dataset/scenarios/L1_airspace/interaction/L1-1_v2/scene_setup.json,Dataset/scenarios/L1_airspace/interaction/L1-1_v2/event_script.json,NOT_RUN,,NOT_ESTABLISHED,,,,,,,,NONE_AUTHORIZED_IN_THIS_CANDIDATE,NOT_ADOPTED,C: no adopted modification; future compute-log profile decision pending,,
L1-1_v2__seed02,2,L1-1_v2,1.6.0,NO_CANDIDATE_ADOPTED,False,UNKNOWN: missing capture-time trajectory/config hashes or original per-artifact receipts,aw_data/render_ready_episodes_capture_filtered/L1-1_v2__seed02/episode_manifest.json,Dataset/scenarios/L1_airspace/interaction/L1-1_v2/scene_setup.json,Dataset/scenarios/L1_airspace/interaction/L1-1_v2/event_script.json,NOT_RUN,,NOT_ESTABLISHED,,,,,,,,NONE_AUTHORIZED_IN_THIS_CANDIDATE,NOT_ADOPTED,C: no adopted modification; future compute-log profile decision pending,,
L1-2_v1__seed00,0,L1-2_v1,1.6.0,NO_CANDIDATE_ADOPTED,False,UNKNOWN: missing capture-time trajectory/config hashes or original per-artifact receipts,aw_data/render_ready_episodes_capture_filtered/L1-2_v1__seed00/episode_manifest.json,Dataset/scenarios/L1_airspace/interaction/L1-2_v1/scene_setup.json,Dataset/scenarios/L1_airspace/interaction/L1-2_v1/event_script.json,NOT_RUN,,NOT_ESTABLISHED,,,,,,,,NONE_AUTHORIZED_IN_THIS_CANDIDATE,NOT_ADOPTED,C: no adopted modification; future compute-log profile decision pending,,
L1-2_v1__seed01,1,L1-2_v1,1.6.0,NO_CANDIDATE_ADOPTED,False,UNKNOWN: missing capture-time trajectory/config hashes or original per-artifact receipts,aw_data/render_ready_episodes_capture_filtered/L1-2_v1__seed01/episode_manifest.json,Dataset/scenarios/L1_airspace/interaction/L1-2_v1/scene_setup.json,Dataset/scenarios/L1_airspace/interaction/L1-2_v1/event_script.json,NOT_RUN,,NOT_ESTABLISHED,,,,,,,,NONE_AUTHORIZED_IN_THIS_CANDIDATE,NOT_ADOPTED,C: no adopted modification; future compute-log profile decision pending,,
L1-2_v1__seed02,2,L1-2_v1,1.6.0,NO_CANDIDATE_ADOPTED,False,UNKNOWN: missing capture-time trajectory/config hashes or original per-artifact receipts,aw_data/render_ready_episodes_capture_filtered/L1-2_v1__seed02/episode_manifest.json,Dataset/scenarios/L1_airspace/interaction/L1-2_v1/scene_setup.json,Dataset/scenarios/L1_airspace/interaction/L1-2_v1/event_script.json,NOT_RUN,,NOT_ESTABLISHED,,,,,,,,NONE_AUTHORIZED_IN_THIS_CANDIDATE,NOT_ADOPTED,C: no adopted modification; future compute-log profile decision pending,,
L1-3_v1__seed00,0,L1-3_v1,1.6.0,NO_CANDIDATE_ADOPTED,False,UNKNOWN: missing capture-time trajectory/config hashes or original per-artifact receipts,aw_data/render_ready_episodes_capture_filtered/L1-3_v1__seed00/episode_manifest.json,Dataset/scenarios/L1_airspace/interaction/L1-3_v1/scene_setup.json,Dataset/scenarios/L1_airspace/interaction/L1-3_v1/event_script.json,NOT_RUN,,NOT_ESTABLISHED,,,,,,,,NONE_AUTHORIZED_IN_THIS_CANDIDATE,NOT_ADOPTED,C: no adopted modification; future compute-log profile decision pending,,
L1-3_v1__seed01,1,L1-3_v1,1.6.0,NO_CANDIDATE_ADOPTED,False,UNKNOWN: missing capture-time trajectory/config hashes or original per-artifact receipts,aw_data/render_ready_episodes_capture_filtered/L1-3_v1__seed01/episode_manifest.json,Dataset/scenarios/L1_airspace/interaction/L1-3_v1/scene_setup.json,Dataset/scenarios/L1_airspace/interaction/L1-3_v1/event_script.json,NOT_RUN,,NOT_ESTABLISHED,,,,,,,,NONE_AUTHORIZED_IN_THIS_CANDIDATE,NOT_ADOPTED,C: no adopted modification; future compute-log profile decision pending,,
L1-3_v1__seed02,2,L1-3_v1,1.6.0,NO_CANDIDATE_ADOPTED,False,UNKNOWN: missing capture-time trajectory/config hashes or original per-artifact receipts,aw_data/render_ready_episodes_capture_filtered/L1-3_v1__seed02/episode_manifest.json,Dataset/scenarios/L1_airspace/interaction/L1-3_v1/scene_setup.json,Dataset/scenarios/L1_airspace/interaction/L1-3_v1/event_script.json,NOT_RUN,,NOT_ESTABLISHED,,,,,,,,NONE_AUTHORIZED_IN_THIS_CANDIDATE,NOT_ADOPTED,C: no adopted modification; future compute-log profile decision pending,,
L1-3_v2__seed00,0,L1-3_v2,1.6.0,NO_CANDIDATE_ADOPTED,False,UNKNOWN: missing capture-time trajectory/config hashes or original per-artifact receipts,aw_data/render_ready_episodes_capture_filtered/L1-3_v2__seed00/episode_manifest.json,Dataset/scenarios/L1_airspace/interaction/L1-3_v2/scene_setup.json,Dataset/scenarios/L1_airspace/interaction/L1-3_v2/event_script.json,NOT_RUN,,NOT_ESTABLISHED,,,,,,,,NONE_AUTHORIZED_IN_THIS_CANDIDATE,NOT_ADOPTED,C: no adopted modification; future compute-log profile decision pending,,
L1-3_v2__seed01,1,L1-3_v2,1.6.0,NO_CANDIDATE_ADOPTED,False,UNKNOWN: missing capture-time trajectory/config hashes or original per-artifact receipts,aw_data/render_ready_episodes_capture_filtered/L1-3_v2__seed01/episode_manifest.json,Dataset/scenarios/L1_airspace/interaction/L1-3_v2/scene_setup.json,Dataset/scenarios/L1_airspace/interaction/L1-3_v2/event_script.json,NOT_RUN,,NOT_ESTABLISHED,,,,,,,,NONE_AUTHORIZED_IN_THIS_CANDIDATE,NOT_ADOPTED,C: no adopted modification; future compute-log profile decision pending,,
L1-3_v2__seed02,2,L1-3_v2,1.6.0,NO_CANDIDATE_ADOPTED,False,UNKNOWN: missing capture-time trajectory/config hashes or original per-artifact receipts,aw_data/render_ready_episodes_capture_filtered/L1-3_v2__seed02/episode_manifest.json,Dataset/scenarios/L1_airspace/interaction/L1-3_v2/scene_setup.json,Dataset/scenarios/L1_airspace/interaction/L1-3_v2/event_script.json,NOT_RUN,,NOT_ESTABLISHED,,,,,,,,NONE_AUTHORIZED_IN_THIS_CANDIDATE,NOT_ADOPTED,C: no adopted modification; future compute-log profile decision pending,,
L1-4_v1__seed00,0,L1-4_v1,1.6.0,NO_CANDIDATE_ADOPTED,False,UNKNOWN: missing capture-time trajectory/config hashes or original per-artifact receipts,aw_data/render_ready_episodes_capture_filtered/L1-4_v1__seed00/episode_manifest.json,Dataset/scenarios/L1_airspace/interaction/L1-4_v1/scene_setup.json,Dataset/scenarios/L1_airspace/interaction/L1-4_v1/event_script.json,NOT_RUN,,NOT_ESTABLISHED,,,,,,,,NONE_AUTHORIZED_IN_THIS_CANDIDATE,NOT_ADOPTED,C: no adopted modification; future compute-log profile decision pending,,
L1-4_v1__seed01,1,L1-4_v1,1.6.0,NO_CANDIDATE_ADOPTED,False,UNKNOWN: missing capture-time trajectory/config hashes or original per-artifact receipts,aw_data/render_ready_episodes_capture_filtered/L1-4_v1__seed01/episode_manifest.json,Dataset/scenarios/L1_airspace/interaction/L1-4_v1/scene_setup.json,Dataset/scenarios/L1_airspace/interaction/L1-4_v1/event_script.json,NOT_RUN,,NOT_ESTABLISHED,,,,,,,,NONE_AUTHORIZED_IN_THIS_CANDIDATE,NOT_ADOPTED,C: no adopted modification; future compute-log profile decision pending,,
L1-4_v1__seed02,2,L1-4_v1,1.6.0,NO_CANDIDATE_ADOPTED,False,UNKNOWN: missing capture-time trajectory/config hashes or original per-artifact receipts,aw_data/render_ready_episodes_capture_filtered/L1-4_v1__seed02/episode_manifest.json,Dataset/scenarios/L1_airspace/interaction/L1-4_v1/scene_setup.json,Dataset/scenarios/L1_airspace/interaction/L1-4_v1/event_script.json,NOT_RUN,,NOT_ESTABLISHED,,,,,,,,NONE_AUTHORIZED_IN_THIS_CANDIDATE,NOT_ADOPTED,C: no adopted modification; future compute-log profile decision pending,,
L1-4_v2__seed00,0,L1-4_v2,1.6.0,NO_CANDIDATE_ADOPTED,False,UNKNOWN: missing capture-time trajectory/config hashes or original per-artifact receipts,aw_data/render_ready_episodes_capture_filtered/L1-4_v2__seed00/episode_manifest.json,Dataset/scenarios/L1_airspace/interaction/L1-4_v2/scene_setup.json,Dataset/scenarios/L1_airspace/interaction/L1-4_v2/event_script.json,NOT_RUN,,NOT_ESTABLISHED,,,,,,,,NONE_AUTHORIZED_IN_THIS_CANDIDATE,NOT_ADOPTED,C: no adopted modification; future compute-log profile decision pending,,
L1-4_v2__seed01,1,L1-4_v2,1.6.0,NO_CANDIDATE_ADOPTED,False,UNKNOWN: missing capture-time trajectory/config hashes or original per-artifact receipts,aw_data/render_ready_episodes_capture_filtered/L1-4_v2__seed01/episode_manifest.json,Dataset/scenarios/L1_airspace/interaction/L1-4_v2/scene_setup.json,Dataset/scenarios/L1_airspace/interaction/L1-4_v2/event_script.json,NOT_RUN,,NOT_ESTABLISHED,,,,,,,,NONE_AUTHORIZED_IN_THIS_CANDIDATE,NOT_ADOPTED,C: no adopted modification; future compute-log profile decision pending,,
L1-4_v2__seed02,2,L1-4_v2,1.6.0,NO_CANDIDATE_ADOPTED,False,UNKNOWN: missing capture-time trajectory/config hashes or original per-artifact receipts,aw_data/render_ready_episodes_capture_filtered/L1-4_v2__seed02/episode_manifest.json,Dataset/scenarios/L1_airspace/interaction/L1-4_v2/scene_setup.json,Dataset/scenarios/L1_airspace/interaction/L1-4_v2/event_script.json,NOT_RUN,,NOT_ESTABLISHED,,,,,,,,NONE_AUTHORIZED_IN_THIS_CANDIDATE,NOT_ADOPTED,C: no adopted modification; future compute-log profile decision pending,,
L2-1_v1__seed00,0,L2-1_v1,1.6.0,NO_CANDIDATE_ADOPTED,False,UNKNOWN: missing capture-time trajectory/config hashes or original per-artifact receipts,aw_data/render_ready_episodes_capture_filtered/L2-1_v1__seed00/episode_manifest.json,Dataset/scenarios/L2_infrastructure/failure/L2-1_v1/scene_setup.json,Dataset/scenarios/L2_infrastructure/failure/L2-1_v1/event_script.json,NOT_RUN,,NOT_ESTABLISHED,,,,,,,,NONE_AUTHORIZED_IN_THIS_CANDIDATE,NOT_ADOPTED,PENDING: B if frozen-motion logs; A only if receipt-causal changed motion is adopted,"{'compatibility': 'INCOMPATIBLE_FOUR_POST_TAKEOFF_STAGES', 'reason': 'station_degraded -> uav_link_response -> patrol_resume_via_backup_link -> landing is four stages, not degradation/response/backup/observed-restore/landing. No separate recovery stage exists. Taking the initial takeoff as degradation would invent semantics.', 'unsupported': ['Station-unavailable and UAV communication-unavailable patches do not define a packet outage mechanism or aircraft-visible notification. A fully unavailable same link cannot be assumed to deliver the response command.', 'backup_link_active/alternate_link_active and tower visual backup state do not specify a second radio, channel, association or real handover. Background secondary tower is present but no action binds a flow to it.', 'Safe hold is patched at the failure event, not an independent prefault planned hold. Actor-local failsafe and receipt policy require explicit transport/controller binding.']}",
L2-1_v1__seed01,1,L2-1_v1,1.6.0,NO_CANDIDATE_ADOPTED,False,UNKNOWN: missing capture-time trajectory/config hashes or original per-artifact receipts,aw_data/render_ready_episodes_capture_filtered/L2-1_v1__seed01/episode_manifest.json,Dataset/scenarios/L2_infrastructure/failure/L2-1_v1/scene_setup.json,Dataset/scenarios/L2_infrastructure/failure/L2-1_v1/event_script.json,NOT_RUN,,NOT_ESTABLISHED,,,,,,,,NONE_AUTHORIZED_IN_THIS_CANDIDATE,NOT_ADOPTED,PENDING: B if frozen-motion logs; A only if receipt-causal changed motion is adopted,"{'compatibility': 'INCOMPATIBLE_FOUR_POST_TAKEOFF_STAGES', 'reason': 'station_degraded -> uav_link_response -> patrol_resume_via_backup_link -> landing is four stages, not degradation/response/backup/observed-restore/landing. No separate recovery stage exists. Taking the initial takeoff as degradation would invent semantics.', 'unsupported': ['Station-unavailable and UAV communication-unavailable patches do not define a packet outage mechanism or aircraft-visible notification. A fully unavailable same link cannot be assumed to deliver the response command.', 'backup_link_active/alternate_link_active and tower visual backup state do not specify a second radio, channel, association or real handover. Background secondary tower is present but no action binds a flow to it.', 'Safe hold is patched at the failure event, not an independent prefault planned hold. Actor-local failsafe and receipt policy require explicit transport/controller binding.']}",
L2-1_v1__seed02,2,L2-1_v1,1.6.0,NO_CANDIDATE_ADOPTED,False,UNKNOWN: missing capture-time trajectory/config hashes or original per-artifact receipts,aw_data/render_ready_episodes_capture_filtered/L2-1_v1__seed02/episode_manifest.json,Dataset/scenarios/L2_infrastructure/failure/L2-1_v1/scene_setup.json,Dataset/scenarios/L2_infrastructure/failure/L2-1_v1/event_script.json,NOT_RUN,,NOT_ESTABLISHED,,,,,,,,NONE_AUTHORIZED_IN_THIS_CANDIDATE,NOT_ADOPTED,PENDING: B if frozen-motion logs; A only if receipt-causal changed motion is adopted,"{'compatibility': 'INCOMPATIBLE_FOUR_POST_TAKEOFF_STAGES', 'reason': 'station_degraded -> uav_link_response -> patrol_resume_via_backup_link -> landing is four stages, not degradation/response/backup/observed-restore/landing. No separate recovery stage exists. Taking the initial takeoff as degradation would invent semantics.', 'unsupported': ['Station-unavailable and UAV communication-unavailable patches do not define a packet outage mechanism or aircraft-visible notification. A fully unavailable same link cannot be assumed to deliver the response command.', 'backup_link_active/alternate_link_active and tower visual backup state do not specify a second radio, channel, association or real handover. Background secondary tower is present but no action binds a flow to it.', 'Safe hold is patched at the failure event, not an independent prefault planned hold. Actor-local failsafe and receipt policy require explicit transport/controller binding.']}",
L2-1_v2__seed00,0,L2-1_v2,1.6.0,NO_CANDIDATE_ADOPTED,False,UNKNOWN: missing capture-time trajectory/config hashes or original per-artifact receipts,aw_data/render_ready_episodes_capture_filtered/L2-1_v2__seed00/episode_manifest.json,Dataset/scenarios/L2_infrastructure/failure/L2-1_v2/scene_setup.json,Dataset/scenarios/L2_infrastructure/failure/L2-1_v2/event_script.json,NOT_RUN,,NOT_ESTABLISHED,,,,,,,,NONE_AUTHORIZED_IN_THIS_CANDIDATE,NOT_ADOPTED,PENDING: B if frozen-motion logs; A only if receipt-causal changed motion is adopted,"{'compatibility': 'INCOMPATIBLE_FOUR_POST_TAKEOFF_STAGES', 'reason': 'station_degraded -> uav_link_response -> patrol_resume_via_backup_link -> landing is four stages, not degradation/response/backup/observed-restore/landing. No separate recovery stage exists. Taking the initial takeoff as degradation would invent semantics.', 'unsupported': ['Station-unavailable and UAV communication-unavailable patches do not define a packet outage mechanism or aircraft-visible notification. A fully unavailable same link cannot be assumed to deliver the response command.', 'backup_link_active/alternate_link_active and tower visual backup state do not specify a second radio, channel, association or real handover. Background secondary tower is present but no action binds a flow to it.', 'Safe hold is patched at the failure event, not an independent prefault planned hold. Actor-local failsafe and receipt policy require explicit transport/controller binding.']}",
L2-1_v2__seed01,1,L2-1_v2,1.6.0,NO_CANDIDATE_ADOPTED,False,UNKNOWN: missing capture-time trajectory/config hashes or original per-artifact receipts,aw_data/render_ready_episodes_capture_filtered/L2-1_v2__seed01/episode_manifest.json,Dataset/scenarios/L2_infrastructure/failure/L2-1_v2/scene_setup.json,Dataset/scenarios/L2_infrastructure/failure/L2-1_v2/event_script.json,NOT_RUN,,NOT_ESTABLISHED,,,,,,,,NONE_AUTHORIZED_IN_THIS_CANDIDATE,NOT_ADOPTED,PENDING: B if frozen-motion logs; A only if receipt-causal changed motion is adopted,"{'compatibility': 'INCOMPATIBLE_FOUR_POST_TAKEOFF_STAGES', 'reason': 'station_degraded -> uav_link_response -> patrol_resume_via_backup_link -> landing is four stages, not degradation/response/backup/observed-restore/landing. No separate recovery stage exists. Taking the initial takeoff as degradation would invent semantics.', 'unsupported': ['Station-unavailable and UAV communication-unavailable patches do not define a packet outage mechanism or aircraft-visible notification. A fully unavailable same link cannot be assumed to deliver the response command.', 'backup_link_active/alternate_link_active and tower visual backup state do not specify a second radio, channel, association or real handover. Background secondary tower is present but no action binds a flow to it.', 'Safe hold is patched at the failure event, not an independent prefault planned hold. Actor-local failsafe and receipt policy require explicit transport/controller binding.']}",
L2-1_v2__seed02,2,L2-1_v2,1.6.0,NO_CANDIDATE_ADOPTED,False,UNKNOWN: missing capture-time trajectory/config hashes or original per-artifact receipts,aw_data/render_ready_episodes_capture_filtered/L2-1_v2__seed02/episode_manifest.json,Dataset/scenarios/L2_infrastructure/failure/L2-1_v2/scene_setup.json,Dataset/scenarios/L2_infrastructure/failure/L2-1_v2/event_script.json,NOT_RUN,,NOT_ESTABLISHED,,,,,,,,NONE_AUTHORIZED_IN_THIS_CANDIDATE,NOT_ADOPTED,PENDING: B if frozen-motion logs; A only if receipt-causal changed motion is adopted,"{'compatibility': 'INCOMPATIBLE_FOUR_POST_TAKEOFF_STAGES', 'reason': 'station_degraded -> uav_link_response -> patrol_resume_via_backup_link -> landing is four stages, not degradation/response/backup/observed-restore/landing. No separate recovery stage exists. Taking the initial takeoff as degradation would invent semantics.', 'unsupported': ['Station-unavailable and UAV communication-unavailable patches do not define a packet outage mechanism or aircraft-visible notification. A fully unavailable same link cannot be assumed to deliver the response command.', 'backup_link_active/alternate_link_active and tower visual backup state do not specify a second radio, channel, association or real handover. Background secondary tower is present but no action binds a flow to it.', 'Safe hold is patched at the failure event, not an independent prefault planned hold. Actor-local failsafe and receipt policy require explicit transport/controller binding.']}",
L2-2_v1__seed00,0,L2-2_v1,1.6.0,NO_CANDIDATE_ADOPTED,False,UNKNOWN: missing capture-time trajectory/config hashes or original per-artifact receipts,aw_data/render_ready_episodes_capture_filtered/L2-2_v1__seed00/episode_manifest.json,Dataset/scenarios/L2_infrastructure/failure/L2-2_v1/scene_setup.json,Dataset/scenarios/L2_infrastructure/failure/L2-2_v1/event_script.json,NOT_RUN,,NOT_ESTABLISHED,,,,,,,,NONE_AUTHORIZED_IN_THIS_CANDIDATE,NOT_ADOPTED,C: no adopted modification; future compute-log profile decision pending,,
L2-2_v1__seed01,1,L2-2_v1,1.6.0,NO_CANDIDATE_ADOPTED,False,UNKNOWN: missing capture-time trajectory/config hashes or original per-artifact receipts,aw_data/render_ready_episodes_capture_filtered/L2-2_v1__seed01/episode_manifest.json,Dataset/scenarios/L2_infrastructure/failure/L2-2_v1/scene_setup.json,Dataset/scenarios/L2_infrastructure/failure/L2-2_v1/event_script.json,NOT_RUN,,NOT_ESTABLISHED,,,,,,,,NONE_AUTHORIZED_IN_THIS_CANDIDATE,NOT_ADOPTED,C: no adopted modification; future compute-log profile decision pending,,
L2-2_v1__seed02,2,L2-2_v1,1.6.0,NO_CANDIDATE_ADOPTED,False,UNKNOWN: missing capture-time trajectory/config hashes or original per-artifact receipts,aw_data/render_ready_episodes_capture_filtered/L2-2_v1__seed02/episode_manifest.json,Dataset/scenarios/L2_infrastructure/failure/L2-2_v1/scene_setup.json,Dataset/scenarios/L2_infrastructure/failure/L2-2_v1/event_script.json,NOT_RUN,,NOT_ESTABLISHED,,,,,,,,NONE_AUTHORIZED_IN_THIS_CANDIDATE,NOT_ADOPTED,C: no adopted modification; future compute-log profile decision pending,,
L2-2_v2__seed00,0,L2-2_v2,1.6.0,NO_CANDIDATE_ADOPTED,False,UNKNOWN: missing capture-time trajectory/config hashes or original per-artifact receipts,aw_data/render_ready_episodes_capture_filtered/L2-2_v2__seed00/episode_manifest.json,Dataset/scenarios/L2_infrastructure/failure/L2-2_v2/scene_setup.json,Dataset/scenarios/L2_infrastructure/failure/L2-2_v2/event_script.json,NOT_RUN,,NOT_ESTABLISHED,,,,,,,,NONE_AUTHORIZED_IN_THIS_CANDIDATE,NOT_ADOPTED,C: no adopted modification; future compute-log profile decision pending,,
L2-2_v2__seed01,1,L2-2_v2,1.6.0,NO_CANDIDATE_ADOPTED,False,UNKNOWN: missing capture-time trajectory/config hashes or original per-artifact receipts,aw_data/render_ready_episodes_capture_filtered/L2-2_v2__seed01/episode_manifest.json,Dataset/scenarios/L2_infrastructure/failure/L2-2_v2/scene_setup.json,Dataset/scenarios/L2_infrastructure/failure/L2-2_v2/event_script.json,NOT_RUN,,NOT_ESTABLISHED,,,,,,,,NONE_AUTHORIZED_IN_THIS_CANDIDATE,NOT_ADOPTED,C: no adopted modification; future compute-log profile decision pending,,
L2-2_v2__seed02,2,L2-2_v2,1.6.0,NO_CANDIDATE_ADOPTED,False,UNKNOWN: missing capture-time trajectory/config hashes or original per-artifact receipts,aw_data/render_ready_episodes_capture_filtered/L2-2_v2__seed02/episode_manifest.json,Dataset/scenarios/L2_infrastructure/failure/L2-2_v2/scene_setup.json,Dataset/scenarios/L2_infrastructure/failure/L2-2_v2/event_script.json,NOT_RUN,,NOT_ESTABLISHED,,,,,,,,NONE_AUTHORIZED_IN_THIS_CANDIDATE,NOT_ADOPTED,C: no adopted modification; future compute-log profile decision pending,,
L2-3_v1__seed00,0,L2-3_v1,1.6.0,NO_CANDIDATE_ADOPTED,False,UNKNOWN: missing capture-time trajectory/config hashes or original per-artifact receipts,aw_data/render_ready_episodes_capture_filtered/L2-3_v1__seed00/episode_manifest.json,Dataset/scenarios/L2_infrastructure/failure/L2-3_v1/scene_setup.json,Dataset/scenarios/L2_infrastructure/failure/L2-3_v1/event_script.json,NOT_RUN,,NOT_ESTABLISHED,,,,,,,,NONE_AUTHORIZED_IN_THIS_CANDIDATE,NOT_ADOPTED; source-profile CPU/queue normal+congested candidates executed,C: no adopted modification; future compute-log profile decision pending,,/mnt/data1/weizhiwei/AERO_WORLD_runtime/p09/compute_business_group_seeds_v3/receipt.json
L2-3_v1__seed01,1,L2-3_v1,1.6.0,NO_CANDIDATE_ADOPTED,False,UNKNOWN: missing capture-time trajectory/config hashes or original per-artifact receipts,aw_data/render_ready_episodes_capture_filtered/L2-3_v1__seed01/episode_manifest.json,Dataset/scenarios/L2_infrastructure/failure/L2-3_v1/scene_setup.json,Dataset/scenarios/L2_infrastructure/failure/L2-3_v1/event_script.json,NOT_RUN,,NOT_ESTABLISHED,,,,,,,,NONE_AUTHORIZED_IN_THIS_CANDIDATE,NOT_ADOPTED; source-profile CPU/queue normal+congested candidates executed,C: no adopted modification; future compute-log profile decision pending,,/mnt/data1/weizhiwei/AERO_WORLD_runtime/p09/compute_business_group_seeds_v3/receipt.json
L2-3_v1__seed02,2,L2-3_v1,1.6.0,NO_CANDIDATE_ADOPTED,False,UNKNOWN: missing capture-time trajectory/config hashes or original per-artifact receipts,aw_data/render_ready_episodes_capture_filtered/L2-3_v1__seed02/episode_manifest.json,Dataset/scenarios/L2_infrastructure/failure/L2-3_v1/scene_setup.json,Dataset/scenarios/L2_infrastructure/failure/L2-3_v1/event_script.json,NOT_RUN,,NOT_ESTABLISHED,,,,,,,,NONE_AUTHORIZED_IN_THIS_CANDIDATE,NOT_ADOPTED; source-profile CPU/queue normal+congested candidates executed,C: no adopted modification; future compute-log profile decision pending,,/mnt/data1/weizhiwei/AERO_WORLD_runtime/p09/compute_business_group_seeds_v3/receipt.json
L2-3_v2__seed00,0,L2-3_v2,1.6.0,NO_CANDIDATE_ADOPTED,False,UNKNOWN: missing capture-time trajectory/config hashes or original per-artifact receipts,aw_data/render_ready_episodes_capture_filtered/L2-3_v2__seed00/episode_manifest.json,Dataset/scenarios/L2_infrastructure/failure/L2-3_v2/scene_setup.json,Dataset/scenarios/L2_infrastructure/failure/L2-3_v2/event_script.json,NOT_RUN,,NOT_ESTABLISHED,,,,,,,,NONE_AUTHORIZED_IN_THIS_CANDIDATE,NOT_ADOPTED,C: no adopted modification; future compute-log profile decision pending,,
L2-3_v2__seed01,1,L2-3_v2,1.6.0,NO_CANDIDATE_ADOPTED,False,UNKNOWN: missing capture-time trajectory/config hashes or original per-artifact receipts,aw_data/render_ready_episodes_capture_filtered/L2-3_v2__seed01/episode_manifest.json,Dataset/scenarios/L2_infrastructure/failure/L2-3_v2/scene_setup.json,Dataset/scenarios/L2_infrastructure/failure/L2-3_v2/event_script.json,NOT_RUN,,NOT_ESTABLISHED,,,,,,,,NONE_AUTHORIZED_IN_THIS_CANDIDATE,NOT_ADOPTED,C: no adopted modification; future compute-log profile decision pending,,
L2-3_v2__seed02,2,L2-3_v2,1.6.0,NO_CANDIDATE_ADOPTED,False,UNKNOWN: missing capture-time trajectory/config hashes or original per-artifact receipts,aw_data/render_ready_episodes_capture_filtered/L2-3_v2__seed02/episode_manifest.json,Dataset/scenarios/L2_infrastructure/failure/L2-3_v2/scene_setup.json,Dataset/scenarios/L2_infrastructure/failure/L2-3_v2/event_script.json,NOT_RUN,,NOT_ESTABLISHED,,,,,,,,NONE_AUTHORIZED_IN_THIS_CANDIDATE,NOT_ADOPTED,C: no adopted modification; future compute-log profile decision pending,,
L2-4_v1__seed00,0,L2-4_v1,1.6.0,NO_CANDIDATE_ADOPTED,False,UNKNOWN: missing capture-time trajectory/config hashes or original per-artifact receipts,aw_data/render_ready_episodes_capture_filtered/L2-4_v1__seed00/episode_manifest.json,Dataset/scenarios/L2_infrastructure/failure/L2-4_v1/scene_setup.json,Dataset/scenarios/L2_infrastructure/failure/L2-4_v1/event_script.json,NOT_RUN,,NOT_ESTABLISHED,,,,,,,,NONE_AUTHORIZED_IN_THIS_CANDIDATE,NOT_ADOPTED,C: no adopted modification; future compute-log profile decision pending,,
L2-4_v1__seed01,1,L2-4_v1,1.6.0,NO_CANDIDATE_ADOPTED,False,UNKNOWN: missing capture-time trajectory/config hashes or original per-artifact receipts,aw_data/render_ready_episodes_capture_filtered/L2-4_v1__seed01/episode_manifest.json,Dataset/scenarios/L2_infrastructure/failure/L2-4_v1/scene_setup.json,Dataset/scenarios/L2_infrastructure/failure/L2-4_v1/event_script.json,NOT_RUN,,NOT_ESTABLISHED,,,,,,,,NONE_AUTHORIZED_IN_THIS_CANDIDATE,NOT_ADOPTED,C: no adopted modification; future compute-log profile decision pending,,
L2-4_v1__seed02,2,L2-4_v1,1.6.0,NO_CANDIDATE_ADOPTED,False,UNKNOWN: missing capture-time trajectory/config hashes or original per-artifact receipts,aw_data/render_ready_episodes_capture_filtered/L2-4_v1__seed02/episode_manifest.json,Dataset/scenarios/L2_infrastructure/failure/L2-4_v1/scene_setup.json,Dataset/scenarios/L2_infrastructure/failure/L2-4_v1/event_script.json,NOT_RUN,,NOT_ESTABLISHED,,,,,,,,NONE_AUTHORIZED_IN_THIS_CANDIDATE,NOT_ADOPTED,C: no adopted modification; future compute-log profile decision pending,,
L2-4_v2__seed00,0,L2-4_v2,1.6.0,NO_CANDIDATE_ADOPTED,False,UNKNOWN: missing capture-time trajectory/config hashes or original per-artifact receipts,aw_data/render_ready_episodes_capture_filtered/L2-4_v2__seed00/episode_manifest.json,Dataset/scenarios/L2_infrastructure/failure/L2-4_v2/scene_setup.json,Dataset/scenarios/L2_infrastructure/failure/L2-4_v2/event_script.json,NOT_RUN,,NOT_ESTABLISHED,,,,,,,,NONE_AUTHORIZED_IN_THIS_CANDIDATE,NOT_ADOPTED,C: no adopted modification; future compute-log profile decision pending,,
L2-4_v2__seed01,1,L2-4_v2,1.6.0,NO_CANDIDATE_ADOPTED,False,UNKNOWN: missing capture-time trajectory/config hashes or original per-artifact receipts,aw_data/render_ready_episodes_capture_filtered/L2-4_v2__seed01/episode_manifest.json,Dataset/scenarios/L2_infrastructure/failure/L2-4_v2/scene_setup.json,Dataset/scenarios/L2_infrastructure/failure/L2-4_v2/event_script.json,NOT_RUN,,NOT_ESTABLISHED,,,,,,,,NONE_AUTHORIZED_IN_THIS_CANDIDATE,NOT_ADOPTED,C: no adopted modification; future compute-log profile decision pending,,
L2-4_v2__seed02,2,L2-4_v2,1.6.0,NO_CANDIDATE_ADOPTED,False,UNKNOWN: missing capture-time trajectory/config hashes or original per-artifact receipts,aw_data/render_ready_episodes_capture_filtered/L2-4_v2__seed02/episode_manifest.json,Dataset/scenarios/L2_infrastructure/failure/L2-4_v2/scene_setup.json,Dataset/scenarios/L2_infrastructure/failure/L2-4_v2/event_script.json,NOT_RUN,,NOT_ESTABLISHED,,,,,,,,NONE_AUTHORIZED_IN_THIS_CANDIDATE,NOT_ADOPTED,C: no adopted modification; future compute-log profile decision pending,,
L2-5_v1__seed00,0,L2-5_v1,1.6.0,NO_CANDIDATE_ADOPTED,False,UNKNOWN: missing capture-time trajectory/config hashes or original per-artifact receipts,aw_data/render_ready_episodes_capture_filtered/L2-5_v1__seed00/episode_manifest.json,Dataset/scenarios/L2_infrastructure/interaction/L2-5_v1/scene_setup.json,Dataset/scenarios/L2_infrastructure/interaction/L2-5_v1/event_script.json,NOT_RUN,,NOT_ESTABLISHED,,,,,,,,NONE_AUTHORIZED_IN_THIS_CANDIDATE,NOT_ADOPTED,C: no adopted modification; future compute-log profile decision pending,,
L2-5_v1__seed01,1,L2-5_v1,1.6.0,NO_CANDIDATE_ADOPTED,False,UNKNOWN: missing capture-time trajectory/config hashes or original per-artifact receipts,aw_data/render_ready_episodes_capture_filtered/L2-5_v1__seed01/episode_manifest.json,Dataset/scenarios/L2_infrastructure/interaction/L2-5_v1/scene_setup.json,Dataset/scenarios/L2_infrastructure/interaction/L2-5_v1/event_script.json,NOT_RUN,,NOT_ESTABLISHED,,,,,,,,NONE_AUTHORIZED_IN_THIS_CANDIDATE,NOT_ADOPTED,C: no adopted modification; future compute-log profile decision pending,,
L2-5_v1__seed02,2,L2-5_v1,1.6.0,NO_CANDIDATE_ADOPTED,False,UNKNOWN: missing capture-time trajectory/config hashes or original per-artifact receipts,aw_data/render_ready_episodes_capture_filtered/L2-5_v1__seed02/episode_manifest.json,Dataset/scenarios/L2_infrastructure/interaction/L2-5_v1/scene_setup.json,Dataset/scenarios/L2_infrastructure/interaction/L2-5_v1/event_script.json,NOT_RUN,,NOT_ESTABLISHED,,,,,,,,NONE_AUTHORIZED_IN_THIS_CANDIDATE,NOT_ADOPTED,C: no adopted modification; future compute-log profile decision pending,,
L3-1_v1__seed00,0,L3-1_v1,1.6.0,NO_CANDIDATE_ADOPTED,False,UNKNOWN: missing capture-time trajectory/config hashes or original per-artifact receipts,aw_data/render_ready_episodes_capture_filtered/L3-1_v1__seed00/episode_manifest.json,Dataset/scenarios/L3_dynamic_constraints/interaction/L3-1_v1/scene_setup.json,Dataset/scenarios/L3_dynamic_constraints/interaction/L3-1_v1/event_script.json,NOT_RUN,,NOT_ESTABLISHED,,,,,,,,NONE_AUTHORIZED_IN_THIS_CANDIDATE,NOT_ADOPTED,C: no adopted modification; future compute-log profile decision pending,,
L3-1_v1__seed01,1,L3-1_v1,1.6.0,NO_CANDIDATE_ADOPTED,False,UNKNOWN: missing capture-time trajectory/config hashes or original per-artifact receipts,aw_data/render_ready_episodes_capture_filtered/L3-1_v1__seed01/episode_manifest.json,Dataset/scenarios/L3_dynamic_constraints/interaction/L3-1_v1/scene_setup.json,Dataset/scenarios/L3_dynamic_constraints/interaction/L3-1_v1/event_script.json,NOT_RUN,,NOT_ESTABLISHED,,,,,,,,NONE_AUTHORIZED_IN_THIS_CANDIDATE,NOT_ADOPTED,C: no adopted modification; future compute-log profile decision pending,,
L3-1_v1__seed02,2,L3-1_v1,1.6.0,NO_CANDIDATE_ADOPTED,False,UNKNOWN: missing capture-time trajectory/config hashes or original per-artifact receipts,aw_data/render_ready_episodes_capture_filtered/L3-1_v1__seed02/episode_manifest.json,Dataset/scenarios/L3_dynamic_constraints/interaction/L3-1_v1/scene_setup.json,Dataset/scenarios/L3_dynamic_constraints/interaction/L3-1_v1/event_script.json,NOT_RUN,,NOT_ESTABLISHED,,,,,,,,NONE_AUTHORIZED_IN_THIS_CANDIDATE,NOT_ADOPTED,C: no adopted modification; future compute-log profile decision pending,,
L3-2_v1__seed00,0,L3-2_v1,1.6.0,NO_CANDIDATE_ADOPTED,False,UNKNOWN: missing capture-time trajectory/config hashes or original per-artifact receipts,aw_data/render_ready_episodes_capture_filtered/L3-2_v1__seed00/episode_manifest.json,Dataset/scenarios/L3_dynamic_constraints/interaction/L3-2_v1/scene_setup.json,Dataset/scenarios/L3_dynamic_constraints/interaction/L3-2_v1/event_script.json,NOT_RUN,,NOT_ESTABLISHED,,,,,,,,NONE_AUTHORIZED_IN_THIS_CANDIDATE,NOT_ADOPTED,C: no adopted modification; future compute-log profile decision pending,,
L3-2_v1__seed01,1,L3-2_v1,1.6.0,NO_CANDIDATE_ADOPTED,False,UNKNOWN: missing capture-time trajectory/config hashes or original per-artifact receipts,aw_data/render_ready_episodes_capture_filtered/L3-2_v1__seed01/episode_manifest.json,Dataset/scenarios/L3_dynamic_constraints/interaction/L3-2_v1/scene_setup.json,Dataset/scenarios/L3_dynamic_constraints/interaction/L3-2_v1/event_script.json,NOT_RUN,,NOT_ESTABLISHED,,,,,,,,NONE_AUTHORIZED_IN_THIS_CANDIDATE,NOT_ADOPTED,C: no adopted modification; future compute-log profile decision pending,,
L3-2_v1__seed02,2,L3-2_v1,1.6.0,NO_CANDIDATE_ADOPTED,False,UNKNOWN: missing capture-time trajectory/config hashes or original per-artifact receipts,aw_data/render_ready_episodes_capture_filtered/L3-2_v1__seed02/episode_manifest.json,Dataset/scenarios/L3_dynamic_constraints/interaction/L3-2_v1/scene_setup.json,Dataset/scenarios/L3_dynamic_constraints/interaction/L3-2_v1/event_script.json,NOT_RUN,,NOT_ESTABLISHED,,,,,,,,NONE_AUTHORIZED_IN_THIS_CANDIDATE,NOT_ADOPTED,C: no adopted modification; future compute-log profile decision pending,,
L3-2_v2__seed00,0,L3-2_v2,1.6.0,NO_CANDIDATE_ADOPTED,False,UNKNOWN: missing capture-time trajectory/config hashes or original per-artifact receipts,aw_data/render_ready_episodes_capture_filtered/L3-2_v2__seed00/episode_manifest.json,Dataset/scenarios/L3_dynamic_constraints/interaction/L3-2_v2/scene_setup.json,Dataset/scenarios/L3_dynamic_constraints/interaction/L3-2_v2/event_script.json,NOT_RUN,,NOT_ESTABLISHED,,,,,,,,NONE_AUTHORIZED_IN_THIS_CANDIDATE,NOT_ADOPTED,C: no adopted modification; future compute-log profile decision pending,,
L3-2_v2__seed01,1,L3-2_v2,1.6.0,NO_CANDIDATE_ADOPTED,False,UNKNOWN: missing capture-time trajectory/config hashes or original per-artifact receipts,aw_data/render_ready_episodes_capture_filtered/L3-2_v2__seed01/episode_manifest.json,Dataset/scenarios/L3_dynamic_constraints/interaction/L3-2_v2/scene_setup.json,Dataset/scenarios/L3_dynamic_constraints/interaction/L3-2_v2/event_script.json,NOT_RUN,,NOT_ESTABLISHED,,,,,,,,NONE_AUTHORIZED_IN_THIS_CANDIDATE,NOT_ADOPTED,C: no adopted modification; future compute-log profile decision pending,,
L3-2_v2__seed02,2,L3-2_v2,1.6.0,NO_CANDIDATE_ADOPTED,False,UNKNOWN: missing capture-time trajectory/config hashes or original per-artifact receipts,aw_data/render_ready_episodes_capture_filtered/L3-2_v2__seed02/episode_manifest.json,Dataset/scenarios/L3_dynamic_constraints/interaction/L3-2_v2/scene_setup.json,Dataset/scenarios/L3_dynamic_constraints/interaction/L3-2_v2/event_script.json,NOT_RUN,,NOT_ESTABLISHED,,,,,,,,NONE_AUTHORIZED_IN_THIS_CANDIDATE,NOT_ADOPTED,C: no adopted modification; future compute-log profile decision pending,,
L3-3_v1__seed00,0,L3-3_v1,1.6.0,NO_CANDIDATE_ADOPTED,False,UNKNOWN: missing capture-time trajectory/config hashes or original per-artifact receipts,aw_data/render_ready_episodes_capture_filtered/L3-3_v1__seed00/episode_manifest.json,Dataset/scenarios/L3_dynamic_constraints/interaction/L3-3_v1/scene_setup.json,Dataset/scenarios/L3_dynamic_constraints/interaction/L3-3_v1/event_script.json,NOT_RUN,,NOT_ESTABLISHED,,,,,,,,NONE_AUTHORIZED_IN_THIS_CANDIDATE,NOT_ADOPTED,C: no adopted modification; future compute-log profile decision pending,,
L3-3_v1__seed01,1,L3-3_v1,1.6.0,NO_CANDIDATE_ADOPTED,False,UNKNOWN: missing capture-time trajectory/config hashes or original per-artifact receipts,aw_data/render_ready_episodes_capture_filtered/L3-3_v1__seed01/episode_manifest.json,Dataset/scenarios/L3_dynamic_constraints/interaction/L3-3_v1/scene_setup.json,Dataset/scenarios/L3_dynamic_constraints/interaction/L3-3_v1/event_script.json,NOT_RUN,,NOT_ESTABLISHED,,,,,,,,NONE_AUTHORIZED_IN_THIS_CANDIDATE,NOT_ADOPTED,C: no adopted modification; future compute-log profile decision pending,,
L3-3_v1__seed02,2,L3-3_v1,1.6.0,NO_CANDIDATE_ADOPTED,False,UNKNOWN: missing capture-time trajectory/config hashes or original per-artifact receipts,aw_data/render_ready_episodes_capture_filtered/L3-3_v1__seed02/episode_manifest.json,Dataset/scenarios/L3_dynamic_constraints/interaction/L3-3_v1/scene_setup.json,Dataset/scenarios/L3_dynamic_constraints/interaction/L3-3_v1/event_script.json,NOT_RUN,,NOT_ESTABLISHED,,,,,,,,NONE_AUTHORIZED_IN_THIS_CANDIDATE,NOT_ADOPTED,C: no adopted modification; future compute-log profile decision pending,,
L3-3_v2__seed00,0,L3-3_v2,1.6.0,NO_CANDIDATE_ADOPTED,False,UNKNOWN: missing capture-time trajectory/config hashes or original per-artifact receipts,aw_data/render_ready_episodes_capture_filtered/L3-3_v2__seed00/episode_manifest.json,Dataset/scenarios/L3_dynamic_constraints/interaction/L3-3_v2/scene_setup.json,Dataset/scenarios/L3_dynamic_constraints/interaction/L3-3_v2/event_script.json,NOT_RUN,,NOT_ESTABLISHED,,,,,,,,NONE_AUTHORIZED_IN_THIS_CANDIDATE,NOT_ADOPTED,C: no adopted modification; future compute-log profile decision pending,,
L3-3_v2__seed01,1,L3-3_v2,1.6.0,NO_CANDIDATE_ADOPTED,False,UNKNOWN: missing capture-time trajectory/config hashes or original per-artifact receipts,aw_data/render_ready_episodes_capture_filtered/L3-3_v2__seed01/episode_manifest.json,Dataset/scenarios/L3_dynamic_constraints/interaction/L3-3_v2/scene_setup.json,Dataset/scenarios/L3_dynamic_constraints/interaction/L3-3_v2/event_script.json,NOT_RUN,,NOT_ESTABLISHED,,,,,,,,NONE_AUTHORIZED_IN_THIS_CANDIDATE,NOT_ADOPTED,C: no adopted modification; future compute-log profile decision pending,,
L3-3_v2__seed02,2,L3-3_v2,1.6.0,NO_CANDIDATE_ADOPTED,False,UNKNOWN: missing capture-time trajectory/config hashes or original per-artifact receipts,aw_data/render_ready_episodes_capture_filtered/L3-3_v2__seed02/episode_manifest.json,Dataset/scenarios/L3_dynamic_constraints/interaction/L3-3_v2/scene_setup.json,Dataset/scenarios/L3_dynamic_constraints/interaction/L3-3_v2/event_script.json,NOT_RUN,,NOT_ESTABLISHED,,,,,,,,NONE_AUTHORIZED_IN_THIS_CANDIDATE,NOT_ADOPTED,C: no adopted modification; future compute-log profile decision pending,,
L4-10_v1__seed00,0,L4-10_v1,1.6.0,NO_CANDIDATE_ADOPTED,False,UNKNOWN: missing capture-time trajectory/config hashes or original per-artifact receipts,aw_data/render_ready_episodes_capture_filtered/L4-10_v1__seed00/episode_manifest.json,Dataset/scenarios/L4_agents/interaction/L4-10_v1/scene_setup.json,Dataset/scenarios/L4_agents/interaction/L4-10_v1/event_script.json,NOT_RUN,,NOT_ESTABLISHED,,,,,,,,NONE_AUTHORIZED_IN_THIS_CANDIDATE,NOT_ADOPTED,C: no adopted modification; future compute-log profile decision pending,,
L4-10_v1__seed01,1,L4-10_v1,1.6.0,NO_CANDIDATE_ADOPTED,False,UNKNOWN: missing capture-time trajectory/config hashes or original per-artifact receipts,aw_data/render_ready_episodes_capture_filtered/L4-10_v1__seed01/episode_manifest.json,Dataset/scenarios/L4_agents/interaction/L4-10_v1/scene_setup.json,Dataset/scenarios/L4_agents/interaction/L4-10_v1/event_script.json,NOT_RUN,,NOT_ESTABLISHED,,,,,,,,NONE_AUTHORIZED_IN_THIS_CANDIDATE,NOT_ADOPTED,C: no adopted modification; future compute-log profile decision pending,,
L4-10_v1__seed02,2,L4-10_v1,1.6.0,NO_CANDIDATE_ADOPTED,False,UNKNOWN: missing capture-time trajectory/config hashes or original per-artifact receipts,aw_data/render_ready_episodes_capture_filtered/L4-10_v1__seed02/episode_manifest.json,Dataset/scenarios/L4_agents/interaction/L4-10_v1/scene_setup.json,Dataset/scenarios/L4_agents/interaction/L4-10_v1/event_script.json,NOT_RUN,,NOT_ESTABLISHED,,,,,,,,NONE_AUTHORIZED_IN_THIS_CANDIDATE,NOT_ADOPTED,C: no adopted modification; future compute-log profile decision pending,,
L4-10_v2__seed00,0,L4-10_v2,1.6.0,NO_CANDIDATE_ADOPTED,False,UNKNOWN: missing capture-time trajectory/config hashes or original per-artifact receipts,aw_data/render_ready_episodes_capture_filtered/L4-10_v2__seed00/episode_manifest.json,Dataset/scenarios/L4_agents/interaction/L4-10_v2/scene_setup.json,Dataset/scenarios/L4_agents/interaction/L4-10_v2/event_script.json,NOT_RUN,,NOT_ESTABLISHED,,,,,,,,NONE_AUTHORIZED_IN_THIS_CANDIDATE,NOT_ADOPTED,C: no adopted modification; future compute-log profile decision pending,,
L4-10_v2__seed01,1,L4-10_v2,1.6.0,NO_CANDIDATE_ADOPTED,False,UNKNOWN: missing capture-time trajectory/config hashes or original per-artifact receipts,aw_data/render_ready_episodes_capture_filtered/L4-10_v2__seed01/episode_manifest.json,Dataset/scenarios/L4_agents/interaction/L4-10_v2/scene_setup.json,Dataset/scenarios/L4_agents/interaction/L4-10_v2/event_script.json,NOT_RUN,,NOT_ESTABLISHED,,,,,,,,NONE_AUTHORIZED_IN_THIS_CANDIDATE,NOT_ADOPTED,C: no adopted modification; future compute-log profile decision pending,,
L4-10_v2__seed02,2,L4-10_v2,1.6.0,NO_CANDIDATE_ADOPTED,False,UNKNOWN: missing capture-time trajectory/config hashes or original per-artifact receipts,aw_data/render_ready_episodes_capture_filtered/L4-10_v2__seed02/episode_manifest.json,Dataset/scenarios/L4_agents/interaction/L4-10_v2/scene_setup.json,Dataset/scenarios/L4_agents/interaction/L4-10_v2/event_script.json,NOT_RUN,,NOT_ESTABLISHED,,,,,,,,NONE_AUTHORIZED_IN_THIS_CANDIDATE,NOT_ADOPTED,C: no adopted modification; future compute-log profile decision pending,,
L4-11_v1__seed00,0,L4-11_v1,1.6.0,NO_CANDIDATE_ADOPTED,False,UNKNOWN: missing capture-time trajectory/config hashes or original per-artifact receipts,aw_data/render_ready_episodes_capture_filtered/L4-11_v1__seed00/episode_manifest.json,Dataset/scenarios/L4_agents/failure/L4-11_v1/scene_setup.json,Dataset/scenarios/L4_agents/failure/L4-11_v1/event_script.json,NOT_RUN,,NOT_ESTABLISHED,,,,,,,,NONE_AUTHORIZED_IN_THIS_CANDIDATE,NOT_ADOPTED,C: no adopted modification; future compute-log profile decision pending,,
L4-11_v1__seed01,1,L4-11_v1,1.6.0,NO_CANDIDATE_ADOPTED,False,UNKNOWN: missing capture-time trajectory/config hashes or original per-artifact receipts,aw_data/render_ready_episodes_capture_filtered/L4-11_v1__seed01/episode_manifest.json,Dataset/scenarios/L4_agents/failure/L4-11_v1/scene_setup.json,Dataset/scenarios/L4_agents/failure/L4-11_v1/event_script.json,NOT_RUN,,NOT_ESTABLISHED,,,,,,,,NONE_AUTHORIZED_IN_THIS_CANDIDATE,NOT_ADOPTED,C: no adopted modification; future compute-log profile decision pending,,
L4-11_v1__seed02,2,L4-11_v1,1.6.0,NO_CANDIDATE_ADOPTED,False,UNKNOWN: missing capture-time trajectory/config hashes or original per-artifact receipts,aw_data/render_ready_episodes_capture_filtered/L4-11_v1__seed02/episode_manifest.json,Dataset/scenarios/L4_agents/failure/L4-11_v1/scene_setup.json,Dataset/scenarios/L4_agents/failure/L4-11_v1/event_script.json,NOT_RUN,,NOT_ESTABLISHED,,,,,,,,NONE_AUTHORIZED_IN_THIS_CANDIDATE,NOT_ADOPTED,C: no adopted modification; future compute-log profile decision pending,,
L4-11_v2__seed00,0,L4-11_v2,1.6.0,NO_CANDIDATE_ADOPTED,False,UNKNOWN: missing capture-time trajectory/config hashes or original per-artifact receipts,aw_data/render_ready_episodes_capture_filtered/L4-11_v2__seed00/episode_manifest.json,Dataset/scenarios/L4_agents/failure/L4-11_v2/scene_setup.json,Dataset/scenarios/L4_agents/failure/L4-11_v2/event_script.json,NOT_RUN,,NOT_ESTABLISHED,,,,,,,,NONE_AUTHORIZED_IN_THIS_CANDIDATE,NOT_ADOPTED,C: no adopted modification; future compute-log profile decision pending,,
L4-11_v2__seed01,1,L4-11_v2,1.6.0,NO_CANDIDATE_ADOPTED,False,UNKNOWN: missing capture-time trajectory/config hashes or original per-artifact receipts,aw_data/render_ready_episodes_capture_filtered/L4-11_v2__seed01/episode_manifest.json,Dataset/scenarios/L4_agents/failure/L4-11_v2/scene_setup.json,Dataset/scenarios/L4_agents/failure/L4-11_v2/event_script.json,NOT_RUN,,NOT_ESTABLISHED,,,,,,,,NONE_AUTHORIZED_IN_THIS_CANDIDATE,NOT_ADOPTED,C: no adopted modification; future compute-log profile decision pending,,
L4-11_v2__seed02,2,L4-11_v2,1.6.0,NO_CANDIDATE_ADOPTED,False,UNKNOWN: missing capture-time trajectory/config hashes or original per-artifact receipts,aw_data/render_ready_episodes_capture_filtered/L4-11_v2__seed02/episode_manifest.json,Dataset/scenarios/L4_agents/failure/L4-11_v2/scene_setup.json,Dataset/scenarios/L4_agents/failure/L4-11_v2/event_script.json,NOT_RUN,,NOT_ESTABLISHED,,,,,,,,NONE_AUTHORIZED_IN_THIS_CANDIDATE,NOT_ADOPTED,C: no adopted modification; future compute-log profile decision pending,,
L4-1_v1__seed00,0,L4-1_v1,1.6.0,NO_CANDIDATE_ADOPTED,False,UNKNOWN: missing capture-time trajectory/config hashes or original per-artifact receipts,aw_data/render_ready_episodes_capture_filtered/L4-1_v1__seed00/episode_manifest.json,Dataset/scenarios/L4_agents/collision/L4-1_v1/scene_setup.json,Dataset/scenarios/L4_agents/collision/L4-1_v1/event_script.json,NOT_RUN,,NOT_ESTABLISHED,,,,,,,,NONE_AUTHORIZED_IN_THIS_CANDIDATE,NOT_ADOPTED,C: no adopted modification; future compute-log profile decision pending,,
L4-1_v1__seed01,1,L4-1_v1,1.6.0,NO_CANDIDATE_ADOPTED,False,UNKNOWN: missing capture-time trajectory/config hashes or original per-artifact receipts,aw_data/render_ready_episodes_capture_filtered/L4-1_v1__seed01/episode_manifest.json,Dataset/scenarios/L4_agents/collision/L4-1_v1/scene_setup.json,Dataset/scenarios/L4_agents/collision/L4-1_v1/event_script.json,NOT_RUN,,NOT_ESTABLISHED,,,,,,,,NONE_AUTHORIZED_IN_THIS_CANDIDATE,NOT_ADOPTED,C: no adopted modification; future compute-log profile decision pending,,
L4-1_v1__seed02,2,L4-1_v1,1.6.0,NO_CANDIDATE_ADOPTED,False,UNKNOWN: missing capture-time trajectory/config hashes or original per-artifact receipts,aw_data/render_ready_episodes_capture_filtered/L4-1_v1__seed02/episode_manifest.json,Dataset/scenarios/L4_agents/collision/L4-1_v1/scene_setup.json,Dataset/scenarios/L4_agents/collision/L4-1_v1/event_script.json,NOT_RUN,,NOT_ESTABLISHED,,,,,,,,NONE_AUTHORIZED_IN_THIS_CANDIDATE,NOT_ADOPTED,C: no adopted modification; future compute-log profile decision pending,,
L4-1_v2__seed00,0,L4-1_v2,1.6.0,NO_CANDIDATE_ADOPTED,False,UNKNOWN: missing capture-time trajectory/config hashes or original per-artifact receipts,aw_data/render_ready_episodes_capture_filtered/L4-1_v2__seed00/episode_manifest.json,Dataset/scenarios/L4_agents/collision/L4-1_v2/scene_setup.json,Dataset/scenarios/L4_agents/collision/L4-1_v2/event_script.json,NOT_RUN,,NOT_ESTABLISHED,,,,,,,,NONE_AUTHORIZED_IN_THIS_CANDIDATE,NOT_ADOPTED,C: no adopted modification; future compute-log profile decision pending,,
L4-1_v2__seed01,1,L4-1_v2,1.6.0,NO_CANDIDATE_ADOPTED,False,UNKNOWN: missing capture-time trajectory/config hashes or original per-artifact receipts,aw_data/render_ready_episodes_capture_filtered/L4-1_v2__seed01/episode_manifest.json,Dataset/scenarios/L4_agents/collision/L4-1_v2/scene_setup.json,Dataset/scenarios/L4_agents/collision/L4-1_v2/event_script.json,NOT_RUN,,NOT_ESTABLISHED,,,,,,,,NONE_AUTHORIZED_IN_THIS_CANDIDATE,NOT_ADOPTED,C: no adopted modification; future compute-log profile decision pending,,
L4-1_v2__seed02,2,L4-1_v2,1.6.0,NO_CANDIDATE_ADOPTED,False,UNKNOWN: missing capture-time trajectory/config hashes or original per-artifact receipts,aw_data/render_ready_episodes_capture_filtered/L4-1_v2__seed02/episode_manifest.json,Dataset/scenarios/L4_agents/collision/L4-1_v2/scene_setup.json,Dataset/scenarios/L4_agents/collision/L4-1_v2/event_script.json,NOT_RUN,,NOT_ESTABLISHED,,,,,,,,NONE_AUTHORIZED_IN_THIS_CANDIDATE,NOT_ADOPTED,C: no adopted modification; future compute-log profile decision pending,,
L4-2_v1__seed00,0,L4-2_v1,1.6.0,NO_CANDIDATE_ADOPTED,False,UNKNOWN: missing capture-time trajectory/config hashes or original per-artifact receipts,aw_data/render_ready_episodes_capture_filtered/L4-2_v1__seed00/episode_manifest.json,Dataset/scenarios/L4_agents/collision/L4-2_v1/scene_setup.json,Dataset/scenarios/L4_agents/collision/L4-2_v1/event_script.json,NOT_RUN,,NOT_ESTABLISHED,,,,,,,,NONE_AUTHORIZED_IN_THIS_CANDIDATE,NOT_ADOPTED,C: no adopted modification; future compute-log profile decision pending,,
L4-2_v1__seed01,1,L4-2_v1,1.6.0,NO_CANDIDATE_ADOPTED,False,UNKNOWN: missing capture-time trajectory/config hashes or original per-artifact receipts,aw_data/render_ready_episodes_capture_filtered/L4-2_v1__seed01/episode_manifest.json,Dataset/scenarios/L4_agents/collision/L4-2_v1/scene_setup.json,Dataset/scenarios/L4_agents/collision/L4-2_v1/event_script.json,NOT_RUN,,NOT_ESTABLISHED,,,,,,,,NONE_AUTHORIZED_IN_THIS_CANDIDATE,NOT_ADOPTED,C: no adopted modification; future compute-log profile decision pending,,
L4-2_v1__seed02,2,L4-2_v1,1.6.0,NO_CANDIDATE_ADOPTED,False,UNKNOWN: missing capture-time trajectory/config hashes or original per-artifact receipts,aw_data/render_ready_episodes_capture_filtered/L4-2_v1__seed02/episode_manifest.json,Dataset/scenarios/L4_agents/collision/L4-2_v1/scene_setup.json,Dataset/scenarios/L4_agents/collision/L4-2_v1/event_script.json,NOT_RUN,,NOT_ESTABLISHED,,,,,,,,NONE_AUTHORIZED_IN_THIS_CANDIDATE,NOT_ADOPTED,C: no adopted modification; future compute-log profile decision pending,,
L4-2_v2__seed00,0,L4-2_v2,1.6.0,NO_CANDIDATE_ADOPTED,False,UNKNOWN: missing capture-time trajectory/config hashes or original per-artifact receipts,aw_data/render_ready_episodes_capture_filtered/L4-2_v2__seed00/episode_manifest.json,Dataset/scenarios/L4_agents/collision/L4-2_v2/scene_setup.json,Dataset/scenarios/L4_agents/collision/L4-2_v2/event_script.json,NOT_RUN,,NOT_ESTABLISHED,,,,,,,,NONE_AUTHORIZED_IN_THIS_CANDIDATE,NOT_ADOPTED,C: no adopted modification; future compute-log profile decision pending,,
L4-2_v2__seed01,1,L4-2_v2,1.6.0,NO_CANDIDATE_ADOPTED,False,UNKNOWN: missing capture-time trajectory/config hashes or original per-artifact receipts,aw_data/render_ready_episodes_capture_filtered/L4-2_v2__seed01/episode_manifest.json,Dataset/scenarios/L4_agents/collision/L4-2_v2/scene_setup.json,Dataset/scenarios/L4_agents/collision/L4-2_v2/event_script.json,NOT_RUN,,NOT_ESTABLISHED,,,,,,,,NONE_AUTHORIZED_IN_THIS_CANDIDATE,NOT_ADOPTED,C: no adopted modification; future compute-log profile decision pending,,
L4-2_v2__seed02,2,L4-2_v2,1.6.0,NO_CANDIDATE_ADOPTED,False,UNKNOWN: missing capture-time trajectory/config hashes or original per-artifact receipts,aw_data/render_ready_episodes_capture_filtered/L4-2_v2__seed02/episode_manifest.json,Dataset/scenarios/L4_agents/collision/L4-2_v2/scene_setup.json,Dataset/scenarios/L4_agents/collision/L4-2_v2/event_script.json,NOT_RUN,,NOT_ESTABLISHED,,,,,,,,NONE_AUTHORIZED_IN_THIS_CANDIDATE,NOT_ADOPTED,C: no adopted modification; future compute-log profile decision pending,,
L4-3_v1__seed00,0,L4-3_v1,1.6.0,NO_CANDIDATE_ADOPTED,False,UNKNOWN: missing capture-time trajectory/config hashes or original per-artifact receipts,aw_data/render_ready_episodes_capture_filtered/L4-3_v1__seed00/episode_manifest.json,Dataset/scenarios/L4_agents/failure/L4-3_v1/scene_setup.json,Dataset/scenarios/L4_agents/failure/L4-3_v1/event_script.json,NOT_RUN,,NOT_ESTABLISHED,,,,,,,,NONE_AUTHORIZED_IN_THIS_CANDIDATE,NOT_ADOPTED,C: no adopted modification; future compute-log profile decision pending,,
L4-3_v1__seed01,1,L4-3_v1,1.6.0,NO_CANDIDATE_ADOPTED,False,UNKNOWN: missing capture-time trajectory/config hashes or original per-artifact receipts,aw_data/render_ready_episodes_capture_filtered/L4-3_v1__seed01/episode_manifest.json,Dataset/scenarios/L4_agents/failure/L4-3_v1/scene_setup.json,Dataset/scenarios/L4_agents/failure/L4-3_v1/event_script.json,NOT_RUN,,NOT_ESTABLISHED,,,,,,,,NONE_AUTHORIZED_IN_THIS_CANDIDATE,NOT_ADOPTED,C: no adopted modification; future compute-log profile decision pending,,
L4-3_v1__seed02,2,L4-3_v1,1.6.0,NO_CANDIDATE_ADOPTED,False,UNKNOWN: missing capture-time trajectory/config hashes or original per-artifact receipts,aw_data/render_ready_episodes_capture_filtered/L4-3_v1__seed02/episode_manifest.json,Dataset/scenarios/L4_agents/failure/L4-3_v1/scene_setup.json,Dataset/scenarios/L4_agents/failure/L4-3_v1/event_script.json,NOT_RUN,,NOT_ESTABLISHED,,,,,,,,NONE_AUTHORIZED_IN_THIS_CANDIDATE,NOT_ADOPTED,C: no adopted modification; future compute-log profile decision pending,,
L4-3_v2__seed00,0,L4-3_v2,1.6.0,NO_CANDIDATE_ADOPTED,False,UNKNOWN: missing capture-time trajectory/config hashes or original per-artifact receipts,aw_data/render_ready_episodes_capture_filtered/L4-3_v2__seed00/episode_manifest.json,Dataset/scenarios/L4_agents/failure/L4-3_v2/scene_setup.json,Dataset/scenarios/L4_agents/failure/L4-3_v2/event_script.json,NOT_RUN,,NOT_ESTABLISHED,,,,,,,,NONE_AUTHORIZED_IN_THIS_CANDIDATE,NOT_ADOPTED,C: no adopted modification; future compute-log profile decision pending,,
L4-3_v2__seed01,1,L4-3_v2,1.6.0,NO_CANDIDATE_ADOPTED,False,UNKNOWN: missing capture-time trajectory/config hashes or original per-artifact receipts,aw_data/render_ready_episodes_capture_filtered/L4-3_v2__seed01/episode_manifest.json,Dataset/scenarios/L4_agents/failure/L4-3_v2/scene_setup.json,Dataset/scenarios/L4_agents/failure/L4-3_v2/event_script.json,NOT_RUN,,NOT_ESTABLISHED,,,,,,,,NONE_AUTHORIZED_IN_THIS_CANDIDATE,NOT_ADOPTED,C: no adopted modification; future compute-log profile decision pending,,
L4-3_v2__seed02,2,L4-3_v2,1.6.0,NO_CANDIDATE_ADOPTED,False,UNKNOWN: missing capture-time trajectory/config hashes or original per-artifact receipts,aw_data/render_ready_episodes_capture_filtered/L4-3_v2__seed02/episode_manifest.json,Dataset/scenarios/L4_agents/failure/L4-3_v2/scene_setup.json,Dataset/scenarios/L4_agents/failure/L4-3_v2/event_script.json,NOT_RUN,,NOT_ESTABLISHED,,,,,,,,NONE_AUTHORIZED_IN_THIS_CANDIDATE,NOT_ADOPTED,C: no adopted modification; future compute-log profile decision pending,,
L4-3_v3__seed00,0,L4-3_v3,1.6.0,NO_CANDIDATE_ADOPTED,False,UNKNOWN: missing capture-time trajectory/config hashes or original per-artifact receipts,aw_data/render_ready_episodes_capture_filtered/L4-3_v3__seed00/episode_manifest.json,Dataset/scenarios/L4_agents/failure/L4-3_v3/scene_setup.json,Dataset/scenarios/L4_agents/failure/L4-3_v3/event_script.json,NOT_RUN,,NOT_ESTABLISHED,,,,,,,,NONE_AUTHORIZED_IN_THIS_CANDIDATE,NOT_ADOPTED,C: no adopted modification; future compute-log profile decision pending,,
L4-3_v3__seed01,1,L4-3_v3,1.6.0,NO_CANDIDATE_ADOPTED,False,UNKNOWN: missing capture-time trajectory/config hashes or original per-artifact receipts,aw_data/render_ready_episodes_capture_filtered/L4-3_v3__seed01/episode_manifest.json,Dataset/scenarios/L4_agents/failure/L4-3_v3/scene_setup.json,Dataset/scenarios/L4_agents/failure/L4-3_v3/event_script.json,NOT_RUN,,NOT_ESTABLISHED,,,,,,,,NONE_AUTHORIZED_IN_THIS_CANDIDATE,NOT_ADOPTED,C: no adopted modification; future compute-log profile decision pending,,
L4-3_v3__seed02,2,L4-3_v3,1.6.0,NO_CANDIDATE_ADOPTED,False,UNKNOWN: missing capture-time trajectory/config hashes or original per-artifact receipts,aw_data/render_ready_episodes_capture_filtered/L4-3_v3__seed02/episode_manifest.json,Dataset/scenarios/L4_agents/failure/L4-3_v3/scene_setup.json,Dataset/scenarios/L4_agents/failure/L4-3_v3/event_script.json,NOT_RUN,,NOT_ESTABLISHED,,,,,,,,NONE_AUTHORIZED_IN_THIS_CANDIDATE,NOT_ADOPTED,C: no adopted modification; future compute-log profile decision pending,,
L4-4_v1__seed00,0,L4-4_v1,1.6.0,NO_CANDIDATE_ADOPTED,False,UNKNOWN: missing capture-time trajectory/config hashes or original per-artifact receipts,aw_data/render_ready_episodes_capture_filtered/L4-4_v1__seed00/episode_manifest.json,Dataset/scenarios/L4_agents/collision/L4-4_v1/scene_setup.json,Dataset/scenarios/L4_agents/collision/L4-4_v1/event_script.json,NOT_RUN,,NOT_ESTABLISHED,,,,,,,,NONE_AUTHORIZED_IN_THIS_CANDIDATE,NOT_ADOPTED,C: no adopted modification; future compute-log profile decision pending,,
L4-4_v1__seed01,1,L4-4_v1,1.6.0,NO_CANDIDATE_ADOPTED,False,UNKNOWN: missing capture-time trajectory/config hashes or original per-artifact receipts,aw_data/render_ready_episodes_capture_filtered/L4-4_v1__seed01/episode_manifest.json,Dataset/scenarios/L4_agents/collision/L4-4_v1/scene_setup.json,Dataset/scenarios/L4_agents/collision/L4-4_v1/event_script.json,NOT_RUN,,NOT_ESTABLISHED,,,,,,,,NONE_AUTHORIZED_IN_THIS_CANDIDATE,NOT_ADOPTED,C: no adopted modification; future compute-log profile decision pending,,
L4-4_v1__seed02,2,L4-4_v1,1.6.0,NO_CANDIDATE_ADOPTED,False,UNKNOWN: missing capture-time trajectory/config hashes or original per-artifact receipts,aw_data/render_ready_episodes_capture_filtered/L4-4_v1__seed02/episode_manifest.json,Dataset/scenarios/L4_agents/collision/L4-4_v1/scene_setup.json,Dataset/scenarios/L4_agents/collision/L4-4_v1/event_script.json,NOT_RUN,,NOT_ESTABLISHED,,,,,,,,NONE_AUTHORIZED_IN_THIS_CANDIDATE,NOT_ADOPTED,C: no adopted modification; future compute-log profile decision pending,,
L4-4_v2__seed00,0,L4-4_v2,1.6.0,NO_CANDIDATE_ADOPTED,False,UNKNOWN: missing capture-time trajectory/config hashes or original per-artifact receipts,aw_data/render_ready_episodes_capture_filtered/L4-4_v2__seed00/episode_manifest.json,Dataset/scenarios/L4_agents/collision/L4-4_v2/scene_setup.json,Dataset/scenarios/L4_agents/collision/L4-4_v2/event_script.json,NOT_RUN,,NOT_ESTABLISHED,,,,,,,,NONE_AUTHORIZED_IN_THIS_CANDIDATE,NOT_ADOPTED,C: no adopted modification; future compute-log profile decision pending,,
L4-4_v2__seed01,1,L4-4_v2,1.6.0,NO_CANDIDATE_ADOPTED,False,UNKNOWN: missing capture-time trajectory/config hashes or original per-artifact receipts,aw_data/render_ready_episodes_capture_filtered/L4-4_v2__seed01/episode_manifest.json,Dataset/scenarios/L4_agents/collision/L4-4_v2/scene_setup.json,Dataset/scenarios/L4_agents/collision/L4-4_v2/event_script.json,NOT_RUN,,NOT_ESTABLISHED,,,,,,,,NONE_AUTHORIZED_IN_THIS_CANDIDATE,NOT_ADOPTED,C: no adopted modification; future compute-log profile decision pending,,
L4-4_v2__seed02,2,L4-4_v2,1.6.0,NO_CANDIDATE_ADOPTED,False,UNKNOWN: missing capture-time trajectory/config hashes or original per-artifact receipts,aw_data/render_ready_episodes_capture_filtered/L4-4_v2__seed02/episode_manifest.json,Dataset/scenarios/L4_agents/collision/L4-4_v2/scene_setup.json,Dataset/scenarios/L4_agents/collision/L4-4_v2/event_script.json,NOT_RUN,,NOT_ESTABLISHED,,,,,,,,NONE_AUTHORIZED_IN_THIS_CANDIDATE,NOT_ADOPTED,C: no adopted modification; future compute-log profile decision pending,,
L4-5_v1__seed00,0,L4-5_v1,1.6.0,NO_CANDIDATE_ADOPTED,False,UNKNOWN: missing capture-time trajectory/config hashes or original per-artifact receipts,aw_data/render_ready_episodes_capture_filtered/L4-5_v1__seed00/episode_manifest.json,Dataset/scenarios/L4_agents/collision/L4-5_v1/scene_setup.json,Dataset/scenarios/L4_agents/collision/L4-5_v1/event_script.json,NOT_RUN,,NOT_ESTABLISHED,,,,,,,,NONE_AUTHORIZED_IN_THIS_CANDIDATE,NOT_ADOPTED,C: no adopted modification; future compute-log profile decision pending,,
L4-5_v1__seed01,1,L4-5_v1,1.6.0,NO_CANDIDATE_ADOPTED,False,UNKNOWN: missing capture-time trajectory/config hashes or original per-artifact receipts,aw_data/render_ready_episodes_capture_filtered/L4-5_v1__seed01/episode_manifest.json,Dataset/scenarios/L4_agents/collision/L4-5_v1/scene_setup.json,Dataset/scenarios/L4_agents/collision/L4-5_v1/event_script.json,NOT_RUN,,NOT_ESTABLISHED,,,,,,,,NONE_AUTHORIZED_IN_THIS_CANDIDATE,NOT_ADOPTED,C: no adopted modification; future compute-log profile decision pending,,
L4-5_v1__seed02,2,L4-5_v1,1.6.0,NO_CANDIDATE_ADOPTED,False,UNKNOWN: missing capture-time trajectory/config hashes or original per-artifact receipts,aw_data/render_ready_episodes_capture_filtered/L4-5_v1__seed02/episode_manifest.json,Dataset/scenarios/L4_agents/collision/L4-5_v1/scene_setup.json,Dataset/scenarios/L4_agents/collision/L4-5_v1/event_script.json,NOT_RUN,,NOT_ESTABLISHED,,,,,,,,NONE_AUTHORIZED_IN_THIS_CANDIDATE,NOT_ADOPTED,C: no adopted modification; future compute-log profile decision pending,,
L4-5_v2__seed00,0,L4-5_v2,1.6.0,NO_CANDIDATE_ADOPTED,False,UNKNOWN: missing capture-time trajectory/config hashes or original per-artifact receipts,aw_data/render_ready_episodes_capture_filtered/L4-5_v2__seed00/episode_manifest.json,Dataset/scenarios/L4_agents/collision/L4-5_v2/scene_setup.json,Dataset/scenarios/L4_agents/collision/L4-5_v2/event_script.json,NOT_RUN,,NOT_ESTABLISHED,,,,,,,,NONE_AUTHORIZED_IN_THIS_CANDIDATE,NOT_ADOPTED,C: no adopted modification; future compute-log profile decision pending,,
L4-5_v2__seed01,1,L4-5_v2,1.6.0,NO_CANDIDATE_ADOPTED,False,UNKNOWN: missing capture-time trajectory/config hashes or original per-artifact receipts,aw_data/render_ready_episodes_capture_filtered/L4-5_v2__seed01/episode_manifest.json,Dataset/scenarios/L4_agents/collision/L4-5_v2/scene_setup.json,Dataset/scenarios/L4_agents/collision/L4-5_v2/event_script.json,NOT_RUN,,NOT_ESTABLISHED,,,,,,,,NONE_AUTHORIZED_IN_THIS_CANDIDATE,NOT_ADOPTED,C: no adopted modification; future compute-log profile decision pending,,
L4-5_v2__seed02,2,L4-5_v2,1.6.0,NO_CANDIDATE_ADOPTED,False,UNKNOWN: missing capture-time trajectory/config hashes or original per-artifact receipts,aw_data/render_ready_episodes_capture_filtered/L4-5_v2__seed02/episode_manifest.json,Dataset/scenarios/L4_agents/collision/L4-5_v2/scene_setup.json,Dataset/scenarios/L4_agents/collision/L4-5_v2/event_script.json,NOT_RUN,,NOT_ESTABLISHED,,,,,,,,NONE_AUTHORIZED_IN_THIS_CANDIDATE,NOT_ADOPTED,C: no adopted modification; future compute-log profile decision pending,,
L4-5_v3__seed00,0,L4-5_v3,1.6.0,NO_CANDIDATE_ADOPTED,False,UNKNOWN: missing capture-time trajectory/config hashes or original per-artifact receipts,aw_data/render_ready_episodes_capture_filtered/L4-5_v3__seed00/episode_manifest.json,Dataset/scenarios/L4_agents/collision/L4-5_v3/scene_setup.json,Dataset/scenarios/L4_agents/collision/L4-5_v3/event_script.json,NOT_RUN,,NOT_ESTABLISHED,,,,,,,,NONE_AUTHORIZED_IN_THIS_CANDIDATE,NOT_ADOPTED,C: no adopted modification; future compute-log profile decision pending,,
L4-5_v3__seed01,1,L4-5_v3,1.6.0,NO_CANDIDATE_ADOPTED,False,UNKNOWN: missing capture-time trajectory/config hashes or original per-artifact receipts,aw_data/render_ready_episodes_capture_filtered/L4-5_v3__seed01/episode_manifest.json,Dataset/scenarios/L4_agents/collision/L4-5_v3/scene_setup.json,Dataset/scenarios/L4_agents/collision/L4-5_v3/event_script.json,NOT_RUN,,NOT_ESTABLISHED,,,,,,,,NONE_AUTHORIZED_IN_THIS_CANDIDATE,NOT_ADOPTED,C: no adopted modification; future compute-log profile decision pending,,
L4-5_v3__seed02,2,L4-5_v3,1.6.0,NO_CANDIDATE_ADOPTED,False,UNKNOWN: missing capture-time trajectory/config hashes or original per-artifact receipts,aw_data/render_ready_episodes_capture_filtered/L4-5_v3__seed02/episode_manifest.json,Dataset/scenarios/L4_agents/collision/L4-5_v3/scene_setup.json,Dataset/scenarios/L4_agents/collision/L4-5_v3/event_script.json,NOT_RUN,,NOT_ESTABLISHED,,,,,,,,NONE_AUTHORIZED_IN_THIS_CANDIDATE,NOT_ADOPTED,C: no adopted modification; future compute-log profile decision pending,,
L4-6_v1__seed00,0,L4-6_v1,1.6.0,NO_CANDIDATE_ADOPTED,False,UNKNOWN: missing capture-time trajectory/config hashes or original per-artifact receipts,aw_data/render_ready_episodes_capture_filtered/L4-6_v1__seed00/episode_manifest.json,Dataset/scenarios/L4_agents/collision/L4-6_v1/scene_setup.json,Dataset/scenarios/L4_agents/collision/L4-6_v1/event_script.json,NOT_RUN,,NOT_ESTABLISHED,,,,,,,,NONE_AUTHORIZED_IN_THIS_CANDIDATE,NOT_ADOPTED,C: no adopted modification; future compute-log profile decision pending,,
L4-6_v1__seed01,1,L4-6_v1,1.6.0,NO_CANDIDATE_ADOPTED,False,UNKNOWN: missing capture-time trajectory/config hashes or original per-artifact receipts,aw_data/render_ready_episodes_capture_filtered/L4-6_v1__seed01/episode_manifest.json,Dataset/scenarios/L4_agents/collision/L4-6_v1/scene_setup.json,Dataset/scenarios/L4_agents/collision/L4-6_v1/event_script.json,NOT_RUN,,NOT_ESTABLISHED,,,,,,,,NONE_AUTHORIZED_IN_THIS_CANDIDATE,NOT_ADOPTED,C: no adopted modification; future compute-log profile decision pending,,
L4-6_v1__seed02,2,L4-6_v1,1.6.0,NO_CANDIDATE_ADOPTED,False,UNKNOWN: missing capture-time trajectory/config hashes or original per-artifact receipts,aw_data/render_ready_episodes_capture_filtered/L4-6_v1__seed02/episode_manifest.json,Dataset/scenarios/L4_agents/collision/L4-6_v1/scene_setup.json,Dataset/scenarios/L4_agents/collision/L4-6_v1/event_script.json,NOT_RUN,,NOT_ESTABLISHED,,,,,,,,NONE_AUTHORIZED_IN_THIS_CANDIDATE,NOT_ADOPTED,C: no adopted modification; future compute-log profile decision pending,,
L4-6_v2__seed00,0,L4-6_v2,1.6.0,NO_CANDIDATE_ADOPTED,False,UNKNOWN: missing capture-time trajectory/config hashes or original per-artifact receipts,aw_data/render_ready_episodes_capture_filtered/L4-6_v2__seed00/episode_manifest.json,Dataset/scenarios/L4_agents/collision/L4-6_v2/scene_setup.json,Dataset/scenarios/L4_agents/collision/L4-6_v2/event_script.json,NOT_RUN,,NOT_ESTABLISHED,,,,,,,,NONE_AUTHORIZED_IN_THIS_CANDIDATE,NOT_ADOPTED,C: no adopted modification; future compute-log profile decision pending,,
L4-6_v2__seed01,1,L4-6_v2,1.6.0,NO_CANDIDATE_ADOPTED,False,UNKNOWN: missing capture-time trajectory/config hashes or original per-artifact receipts,aw_data/render_ready_episodes_capture_filtered/L4-6_v2__seed01/episode_manifest.json,Dataset/scenarios/L4_agents/collision/L4-6_v2/scene_setup.json,Dataset/scenarios/L4_agents/collision/L4-6_v2/event_script.json,NOT_RUN,,NOT_ESTABLISHED,,,,,,,,NONE_AUTHORIZED_IN_THIS_CANDIDATE,NOT_ADOPTED,C: no adopted modification; future compute-log profile decision pending,,
L4-6_v2__seed02,2,L4-6_v2,1.6.0,NO_CANDIDATE_ADOPTED,False,UNKNOWN: missing capture-time trajectory/config hashes or original per-artifact receipts,aw_data/render_ready_episodes_capture_filtered/L4-6_v2__seed02/episode_manifest.json,Dataset/scenarios/L4_agents/collision/L4-6_v2/scene_setup.json,Dataset/scenarios/L4_agents/collision/L4-6_v2/event_script.json,NOT_RUN,,NOT_ESTABLISHED,,,,,,,,NONE_AUTHORIZED_IN_THIS_CANDIDATE,NOT_ADOPTED,C: no adopted modification; future compute-log profile decision pending,,
L4-7_v1__seed00,0,L4-7_v1,1.6.0,NO_CANDIDATE_ADOPTED,False,UNKNOWN: missing capture-time trajectory/config hashes or original per-artifact receipts,aw_data/render_ready_episodes_capture_filtered/L4-7_v1__seed00/episode_manifest.json,Dataset/scenarios/L4_agents/interaction/L4-7_v1/scene_setup.json,Dataset/scenarios/L4_agents/interaction/L4-7_v1/event_script.json,NOT_RUN,,NOT_ESTABLISHED,,,,,,,,NONE_AUTHORIZED_IN_THIS_CANDIDATE,NOT_ADOPTED,C: no adopted modification; future compute-log profile decision pending,,
L4-7_v1__seed01,1,L4-7_v1,1.6.0,NO_CANDIDATE_ADOPTED,False,UNKNOWN: missing capture-time trajectory/config hashes or original per-artifact receipts,aw_data/render_ready_episodes_capture_filtered/L4-7_v1__seed01/episode_manifest.json,Dataset/scenarios/L4_agents/interaction/L4-7_v1/scene_setup.json,Dataset/scenarios/L4_agents/interaction/L4-7_v1/event_script.json,NOT_RUN,,NOT_ESTABLISHED,,,,,,,,NONE_AUTHORIZED_IN_THIS_CANDIDATE,NOT_ADOPTED,C: no adopted modification; future compute-log profile decision pending,,
L4-7_v1__seed02,2,L4-7_v1,1.6.0,NO_CANDIDATE_ADOPTED,False,UNKNOWN: missing capture-time trajectory/config hashes or original per-artifact receipts,aw_data/render_ready_episodes_capture_filtered/L4-7_v1__seed02/episode_manifest.json,Dataset/scenarios/L4_agents/interaction/L4-7_v1/scene_setup.json,Dataset/scenarios/L4_agents/interaction/L4-7_v1/event_script.json,NOT_RUN,,NOT_ESTABLISHED,,,,,,,,NONE_AUTHORIZED_IN_THIS_CANDIDATE,NOT_ADOPTED,C: no adopted modification; future compute-log profile decision pending,,
L4-7_v2__seed00,0,L4-7_v2,1.6.0,NO_CANDIDATE_ADOPTED,False,UNKNOWN: missing capture-time trajectory/config hashes or original per-artifact receipts,aw_data/render_ready_episodes_capture_filtered/L4-7_v2__seed00/episode_manifest.json,Dataset/scenarios/L4_agents/interaction/L4-7_v2/scene_setup.json,Dataset/scenarios/L4_agents/interaction/L4-7_v2/event_script.json,NOT_RUN,,NOT_ESTABLISHED,,,,,,,,NONE_AUTHORIZED_IN_THIS_CANDIDATE,NOT_ADOPTED,C: no adopted modification; future compute-log profile decision pending,,
L4-7_v2__seed01,1,L4-7_v2,1.6.0,NO_CANDIDATE_ADOPTED,False,UNKNOWN: missing capture-time trajectory/config hashes or original per-artifact receipts,aw_data/render_ready_episodes_capture_filtered/L4-7_v2__seed01/episode_manifest.json,Dataset/scenarios/L4_agents/interaction/L4-7_v2/scene_setup.json,Dataset/scenarios/L4_agents/interaction/L4-7_v2/event_script.json,NOT_RUN,,NOT_ESTABLISHED,,,,,,,,NONE_AUTHORIZED_IN_THIS_CANDIDATE,NOT_ADOPTED,C: no adopted modification; future compute-log profile decision pending,,
L4-7_v2__seed02,2,L4-7_v2,1.6.0,NO_CANDIDATE_ADOPTED,False,UNKNOWN: missing capture-time trajectory/config hashes or original per-artifact receipts,aw_data/render_ready_episodes_capture_filtered/L4-7_v2__seed02/episode_manifest.json,Dataset/scenarios/L4_agents/interaction/L4-7_v2/scene_setup.json,Dataset/scenarios/L4_agents/interaction/L4-7_v2/event_script.json,NOT_RUN,,NOT_ESTABLISHED,,,,,,,,NONE_AUTHORIZED_IN_THIS_CANDIDATE,NOT_ADOPTED,C: no adopted modification; future compute-log profile decision pending,,
L4-8_v1__seed00,0,L4-8_v1,1.6.0,NO_CANDIDATE_ADOPTED,False,UNKNOWN: missing capture-time trajectory/config hashes or original per-artifact receipts,aw_data/render_ready_episodes_capture_filtered/L4-8_v1__seed00/episode_manifest.json,Dataset/scenarios/L4_agents/interaction/L4-8_v1/scene_setup.json,Dataset/scenarios/L4_agents/interaction/L4-8_v1/event_script.json,NOT_RUN,,NOT_ESTABLISHED,,,,,,,,NONE_AUTHORIZED_IN_THIS_CANDIDATE,NOT_ADOPTED,C: no adopted modification; future compute-log profile decision pending,,
L4-8_v1__seed01,1,L4-8_v1,1.6.0,NO_CANDIDATE_ADOPTED,False,UNKNOWN: missing capture-time trajectory/config hashes or original per-artifact receipts,aw_data/render_ready_episodes_capture_filtered/L4-8_v1__seed01/episode_manifest.json,Dataset/scenarios/L4_agents/interaction/L4-8_v1/scene_setup.json,Dataset/scenarios/L4_agents/interaction/L4-8_v1/event_script.json,NOT_RUN,,NOT_ESTABLISHED,,,,,,,,NONE_AUTHORIZED_IN_THIS_CANDIDATE,NOT_ADOPTED,C: no adopted modification; future compute-log profile decision pending,,
L4-8_v1__seed02,2,L4-8_v1,1.6.0,NO_CANDIDATE_ADOPTED,False,UNKNOWN: missing capture-time trajectory/config hashes or original per-artifact receipts,aw_data/render_ready_episodes_capture_filtered/L4-8_v1__seed02/episode_manifest.json,Dataset/scenarios/L4_agents/interaction/L4-8_v1/scene_setup.json,Dataset/scenarios/L4_agents/interaction/L4-8_v1/event_script.json,NOT_RUN,,NOT_ESTABLISHED,,,,,,,,NONE_AUTHORIZED_IN_THIS_CANDIDATE,NOT_ADOPTED,C: no adopted modification; future compute-log profile decision pending,,
L4-8_v2__seed00,0,L4-8_v2,1.6.0,NO_CANDIDATE_ADOPTED,False,UNKNOWN: missing capture-time trajectory/config hashes or original per-artifact receipts,aw_data/render_ready_episodes_capture_filtered/L4-8_v2__seed00/episode_manifest.json,Dataset/scenarios/L4_agents/interaction/L4-8_v2/scene_setup.json,Dataset/scenarios/L4_agents/interaction/L4-8_v2/event_script.json,NOT_RUN,,NOT_ESTABLISHED,,,,,,,,NONE_AUTHORIZED_IN_THIS_CANDIDATE,NOT_ADOPTED,C: no adopted modification; future compute-log profile decision pending,,
L4-8_v2__seed01,1,L4-8_v2,1.6.0,NO_CANDIDATE_ADOPTED,False,UNKNOWN: missing capture-time trajectory/config hashes or original per-artifact receipts,aw_data/render_ready_episodes_capture_filtered/L4-8_v2__seed01/episode_manifest.json,Dataset/scenarios/L4_agents/interaction/L4-8_v2/scene_setup.json,Dataset/scenarios/L4_agents/interaction/L4-8_v2/event_script.json,NOT_RUN,,NOT_ESTABLISHED,,,,,,,,NONE_AUTHORIZED_IN_THIS_CANDIDATE,NOT_ADOPTED,C: no adopted modification; future compute-log profile decision pending,,
L4-8_v2__seed02,2,L4-8_v2,1.6.0,NO_CANDIDATE_ADOPTED,False,UNKNOWN: missing capture-time trajectory/config hashes or original per-artifact receipts,aw_data/render_ready_episodes_capture_filtered/L4-8_v2__seed02/episode_manifest.json,Dataset/scenarios/L4_agents/interaction/L4-8_v2/scene_setup.json,Dataset/scenarios/L4_agents/interaction/L4-8_v2/event_script.json,NOT_RUN,,NOT_ESTABLISHED,,,,,,,,NONE_AUTHORIZED_IN_THIS_CANDIDATE,NOT_ADOPTED,C: no adopted modification; future compute-log profile decision pending,,
L4-9_v1__seed00,0,L4-9_v1,1.6.0,NO_CANDIDATE_ADOPTED,False,UNKNOWN: missing capture-time trajectory/config hashes or original per-artifact receipts,aw_data/render_ready_episodes_capture_filtered/L4-9_v1__seed00/episode_manifest.json,Dataset/scenarios/L4_agents/collision/L4-9_v1/scene_setup.json,Dataset/scenarios/L4_agents/collision/L4-9_v1/event_script.json,NOT_RUN,,NOT_ESTABLISHED,,,,,,,,NONE_AUTHORIZED_IN_THIS_CANDIDATE,NOT_ADOPTED,C: no adopted modification; future compute-log profile decision pending,,
L4-9_v1__seed01,1,L4-9_v1,1.6.0,NO_CANDIDATE_ADOPTED,False,UNKNOWN: missing capture-time trajectory/config hashes or original per-artifact receipts,aw_data/render_ready_episodes_capture_filtered/L4-9_v1__seed01/episode_manifest.json,Dataset/scenarios/L4_agents/collision/L4-9_v1/scene_setup.json,Dataset/scenarios/L4_agents/collision/L4-9_v1/event_script.json,NOT_RUN,,NOT_ESTABLISHED,,,,,,,,NONE_AUTHORIZED_IN_THIS_CANDIDATE,NOT_ADOPTED,C: no adopted modification; future compute-log profile decision pending,,
L4-9_v1__seed02,2,L4-9_v1,1.6.0,NO_CANDIDATE_ADOPTED,False,UNKNOWN: missing capture-time trajectory/config hashes or original per-artifact receipts,aw_data/render_ready_episodes_capture_filtered/L4-9_v1__seed02/episode_manifest.json,Dataset/scenarios/L4_agents/collision/L4-9_v1/scene_setup.json,Dataset/scenarios/L4_agents/collision/L4-9_v1/event_script.json,NOT_RUN,,NOT_ESTABLISHED,,,,,,,,NONE_AUTHORIZED_IN_THIS_CANDIDATE,NOT_ADOPTED,C: no adopted modification; future compute-log profile decision pending,,
L4-9_v2__seed00,0,L4-9_v2,1.6.0,NO_CANDIDATE_ADOPTED,False,UNKNOWN: missing capture-time trajectory/config hashes or original per-artifact receipts,aw_data/render_ready_episodes_capture_filtered/L4-9_v2__seed00/episode_manifest.json,Dataset/scenarios/L4_agents/collision/L4-9_v2/scene_setup.json,Dataset/scenarios/L4_agents/collision/L4-9_v2/event_script.json,NOT_RUN,,NOT_ESTABLISHED,,,,,,,,NONE_AUTHORIZED_IN_THIS_CANDIDATE,NOT_ADOPTED,C: no adopted modification; future compute-log profile decision pending,,
L4-9_v2__seed01,1,L4-9_v2,1.6.0,NO_CANDIDATE_ADOPTED,False,UNKNOWN: missing capture-time trajectory/config hashes or original per-artifact receipts,aw_data/render_ready_episodes_capture_filtered/L4-9_v2__seed01/episode_manifest.json,Dataset/scenarios/L4_agents/collision/L4-9_v2/scene_setup.json,Dataset/scenarios/L4_agents/collision/L4-9_v2/event_script.json,NOT_RUN,,NOT_ESTABLISHED,,,,,,,,NONE_AUTHORIZED_IN_THIS_CANDIDATE,NOT_ADOPTED,C: no adopted modification; future compute-log profile decision pending,,
L4-9_v2__seed02,2,L4-9_v2,1.6.0,NO_CANDIDATE_ADOPTED,False,UNKNOWN: missing capture-time trajectory/config hashes or original per-artifact receipts,aw_data/render_ready_episodes_capture_filtered/L4-9_v2__seed02/episode_manifest.json,Dataset/scenarios/L4_agents/collision/L4-9_v2/scene_setup.json,Dataset/scenarios/L4_agents/collision/L4-9_v2/event_script.json,NOT_RUN,,NOT_ESTABLISHED,,,,,,,,NONE_AUTHORIZED_IN_THIS_CANDIDATE,NOT_ADOPTED,C: no adopted modification; future compute-log profile decision pending,,
L5-1_v1__seed00,0,L5-1_v1,1.6.0,NO_CANDIDATE_ADOPTED,False,UNKNOWN: missing capture-time trajectory/config hashes or original per-artifact receipts,aw_data/render_ready_episodes_capture_filtered/L5-1_v1__seed00/episode_manifest.json,Dataset/scenarios/L5_environment/interaction/L5-1_v1/scene_setup.json,Dataset/scenarios/L5_environment/interaction/L5-1_v1/event_script.json,NOT_RUN,,NOT_ESTABLISHED,,,,,,,,NONE_AUTHORIZED_IN_THIS_CANDIDATE,NOT_ADOPTED,PENDING: B if frozen-motion logs; A only if receipt-causal changed motion is adopted,"{'compatibility': 'INCOMPATIBLE_WEATHER_CONDITION_AND_MULTIACTOR_CHAIN', 'reason': 'Rain threshold is weather_state rain>=.5 sustained5ticks, followed by weather/UAV/vehicle branches. No C2 degradation, backup-lock or packet-recovery event exists in the script.', 'unsupported': ['No radio-tower or GCS entity appears in either scene; a command gateway/sender cannot be selected from a landing pad or charger.', 'Rain/wetness/visibility are authored environmental values, not an ns3 rainfall attenuation calibration or packet-loss receipt. Rain caution/low-visibility vehicle and UAV routes cannot be renamed C2 commands.', 'Actor weather observation/notification provenance is absent. Any weather-driven local policy or communicated caution needs a separate available observation/receipt contract.']}",
L5-1_v1__seed01,1,L5-1_v1,1.6.0,NO_CANDIDATE_ADOPTED,False,UNKNOWN: missing capture-time trajectory/config hashes or original per-artifact receipts,aw_data/render_ready_episodes_capture_filtered/L5-1_v1__seed01/episode_manifest.json,Dataset/scenarios/L5_environment/interaction/L5-1_v1/scene_setup.json,Dataset/scenarios/L5_environment/interaction/L5-1_v1/event_script.json,NOT_RUN,,NOT_ESTABLISHED,,,,,,,,NONE_AUTHORIZED_IN_THIS_CANDIDATE,NOT_ADOPTED,PENDING: B if frozen-motion logs; A only if receipt-causal changed motion is adopted,"{'compatibility': 'INCOMPATIBLE_WEATHER_CONDITION_AND_MULTIACTOR_CHAIN', 'reason': 'Rain threshold is weather_state rain>=.5 sustained5ticks, followed by weather/UAV/vehicle branches. No C2 degradation, backup-lock or packet-recovery event exists in the script.', 'unsupported': ['No radio-tower or GCS entity appears in either scene; a command gateway/sender cannot be selected from a landing pad or charger.', 'Rain/wetness/visibility are authored environmental values, not an ns3 rainfall attenuation calibration or packet-loss receipt. Rain caution/low-visibility vehicle and UAV routes cannot be renamed C2 commands.', 'Actor weather observation/notification provenance is absent. Any weather-driven local policy or communicated caution needs a separate available observation/receipt contract.']}",
L5-1_v1__seed02,2,L5-1_v1,1.6.0,NO_CANDIDATE_ADOPTED,False,UNKNOWN: missing capture-time trajectory/config hashes or original per-artifact receipts,aw_data/render_ready_episodes_capture_filtered/L5-1_v1__seed02/episode_manifest.json,Dataset/scenarios/L5_environment/interaction/L5-1_v1/scene_setup.json,Dataset/scenarios/L5_environment/interaction/L5-1_v1/event_script.json,NOT_RUN,,NOT_ESTABLISHED,,,,,,,,NONE_AUTHORIZED_IN_THIS_CANDIDATE,NOT_ADOPTED,PENDING: B if frozen-motion logs; A only if receipt-causal changed motion is adopted,"{'compatibility': 'INCOMPATIBLE_WEATHER_CONDITION_AND_MULTIACTOR_CHAIN', 'reason': 'Rain threshold is weather_state rain>=.5 sustained5ticks, followed by weather/UAV/vehicle branches. No C2 degradation, backup-lock or packet-recovery event exists in the script.', 'unsupported': ['No radio-tower or GCS entity appears in either scene; a command gateway/sender cannot be selected from a landing pad or charger.', 'Rain/wetness/visibility are authored environmental values, not an ns3 rainfall attenuation calibration or packet-loss receipt. Rain caution/low-visibility vehicle and UAV routes cannot be renamed C2 commands.', 'Actor weather observation/notification provenance is absent. Any weather-driven local policy or communicated caution needs a separate available observation/receipt contract.']}",
L5-1_v2__seed00,0,L5-1_v2,1.6.0,NO_CANDIDATE_ADOPTED,False,UNKNOWN: missing capture-time trajectory/config hashes or original per-artifact receipts,aw_data/render_ready_episodes_capture_filtered/L5-1_v2__seed00/episode_manifest.json,Dataset/scenarios/L5_environment/interaction/L5-1_v2/scene_setup.json,Dataset/scenarios/L5_environment/interaction/L5-1_v2/event_script.json,NOT_RUN,,NOT_ESTABLISHED,,,,,,,,NONE_AUTHORIZED_IN_THIS_CANDIDATE,NOT_ADOPTED,PENDING: B if frozen-motion logs; A only if receipt-causal changed motion is adopted,"{'compatibility': 'INCOMPATIBLE_WEATHER_CONDITION_AND_MULTIACTOR_CHAIN', 'reason': 'Rain threshold is weather_state rain>=.5 sustained5ticks, followed by weather/UAV/vehicle branches. No C2 degradation, backup-lock or packet-recovery event exists in the script.', 'unsupported': ['No radio-tower or GCS entity appears in either scene; a command gateway/sender cannot be selected from a landing pad or charger.', 'Rain/wetness/visibility are authored environmental values, not an ns3 rainfall attenuation calibration or packet-loss receipt. Rain caution/low-visibility vehicle and UAV routes cannot be renamed C2 commands.', 'Actor weather observation/notification provenance is absent. Any weather-driven local policy or communicated caution needs a separate available observation/receipt contract.']}",
L5-1_v2__seed01,1,L5-1_v2,1.6.0,NO_CANDIDATE_ADOPTED,False,UNKNOWN: missing capture-time trajectory/config hashes or original per-artifact receipts,aw_data/render_ready_episodes_capture_filtered/L5-1_v2__seed01/episode_manifest.json,Dataset/scenarios/L5_environment/interaction/L5-1_v2/scene_setup.json,Dataset/scenarios/L5_environment/interaction/L5-1_v2/event_script.json,NOT_RUN,,NOT_ESTABLISHED,,,,,,,,NONE_AUTHORIZED_IN_THIS_CANDIDATE,NOT_ADOPTED,PENDING: B if frozen-motion logs; A only if receipt-causal changed motion is adopted,"{'compatibility': 'INCOMPATIBLE_WEATHER_CONDITION_AND_MULTIACTOR_CHAIN', 'reason': 'Rain threshold is weather_state rain>=.5 sustained5ticks, followed by weather/UAV/vehicle branches. No C2 degradation, backup-lock or packet-recovery event exists in the script.', 'unsupported': ['No radio-tower or GCS entity appears in either scene; a command gateway/sender cannot be selected from a landing pad or charger.', 'Rain/wetness/visibility are authored environmental values, not an ns3 rainfall attenuation calibration or packet-loss receipt. Rain caution/low-visibility vehicle and UAV routes cannot be renamed C2 commands.', 'Actor weather observation/notification provenance is absent. Any weather-driven local policy or communicated caution needs a separate available observation/receipt contract.']}",
L5-1_v2__seed02,2,L5-1_v2,1.6.0,NO_CANDIDATE_ADOPTED,False,UNKNOWN: missing capture-time trajectory/config hashes or original per-artifact receipts,aw_data/render_ready_episodes_capture_filtered/L5-1_v2__seed02/episode_manifest.json,Dataset/scenarios/L5_environment/interaction/L5-1_v2/scene_setup.json,Dataset/scenarios/L5_environment/interaction/L5-1_v2/event_script.json,NOT_RUN,,NOT_ESTABLISHED,,,,,,,,NONE_AUTHORIZED_IN_THIS_CANDIDATE,NOT_ADOPTED,PENDING: B if frozen-motion logs; A only if receipt-causal changed motion is adopted,"{'compatibility': 'INCOMPATIBLE_WEATHER_CONDITION_AND_MULTIACTOR_CHAIN', 'reason': 'Rain threshold is weather_state rain>=.5 sustained5ticks, followed by weather/UAV/vehicle branches. No C2 degradation, backup-lock or packet-recovery event exists in the script.', 'unsupported': ['No radio-tower or GCS entity appears in either scene; a command gateway/sender cannot be selected from a landing pad or charger.', 'Rain/wetness/visibility are authored environmental values, not an ns3 rainfall attenuation calibration or packet-loss receipt. Rain caution/low-visibility vehicle and UAV routes cannot be renamed C2 commands.', 'Actor weather observation/notification provenance is absent. Any weather-driven local policy or communicated caution needs a separate available observation/receipt contract.']}",
L5-1_v3__seed00,0,L5-1_v3,1.6.0,NO_CANDIDATE_ADOPTED,False,UNKNOWN: missing capture-time trajectory/config hashes or original per-artifact receipts,aw_data/render_ready_episodes_capture_filtered/L5-1_v3__seed00/episode_manifest.json,Dataset/scenarios/L5_environment/interaction/L5-1_v3/scene_setup.json,Dataset/scenarios/L5_environment/interaction/L5-1_v3/event_script.json,NOT_RUN,,NOT_ESTABLISHED,,,,,,,,NONE_AUTHORIZED_IN_THIS_CANDIDATE,NOT_ADOPTED,C: no adopted modification; future compute-log profile decision pending,,
L5-1_v3__seed01,1,L5-1_v3,1.6.0,NO_CANDIDATE_ADOPTED,False,UNKNOWN: missing capture-time trajectory/config hashes or original per-artifact receipts,aw_data/render_ready_episodes_capture_filtered/L5-1_v3__seed01/episode_manifest.json,Dataset/scenarios/L5_environment/interaction/L5-1_v3/scene_setup.json,Dataset/scenarios/L5_environment/interaction/L5-1_v3/event_script.json,NOT_RUN,,NOT_ESTABLISHED,,,,,,,,NONE_AUTHORIZED_IN_THIS_CANDIDATE,NOT_ADOPTED,C: no adopted modification; future compute-log profile decision pending,,
L5-1_v3__seed02,2,L5-1_v3,1.6.0,NO_CANDIDATE_ADOPTED,False,UNKNOWN: missing capture-time trajectory/config hashes or original per-artifact receipts,aw_data/render_ready_episodes_capture_filtered/L5-1_v3__seed02/episode_manifest.json,Dataset/scenarios/L5_environment/interaction/L5-1_v3/scene_setup.json,Dataset/scenarios/L5_environment/interaction/L5-1_v3/event_script.json,NOT_RUN,,NOT_ESTABLISHED,,,,,,,,NONE_AUTHORIZED_IN_THIS_CANDIDATE,NOT_ADOPTED,C: no adopted modification; future compute-log profile decision pending,,
L5-2_v1__seed00,0,L5-2_v1,1.6.0,NO_CANDIDATE_ADOPTED,False,UNKNOWN: missing capture-time trajectory/config hashes or original per-artifact receipts,aw_data/render_ready_episodes_capture_filtered/L5-2_v1__seed00/episode_manifest.json,Dataset/scenarios/L5_environment/interaction/L5-2_v1/scene_setup.json,Dataset/scenarios/L5_environment/interaction/L5-2_v1/event_script.json,NOT_RUN,,NOT_ESTABLISHED,,,,,,,,NONE_AUTHORIZED_IN_THIS_CANDIDATE,NOT_ADOPTED,C: no adopted modification; future compute-log profile decision pending,,
L5-2_v1__seed01,1,L5-2_v1,1.6.0,NO_CANDIDATE_ADOPTED,False,UNKNOWN: missing capture-time trajectory/config hashes or original per-artifact receipts,aw_data/render_ready_episodes_capture_filtered/L5-2_v1__seed01/episode_manifest.json,Dataset/scenarios/L5_environment/interaction/L5-2_v1/scene_setup.json,Dataset/scenarios/L5_environment/interaction/L5-2_v1/event_script.json,NOT_RUN,,NOT_ESTABLISHED,,,,,,,,NONE_AUTHORIZED_IN_THIS_CANDIDATE,NOT_ADOPTED,C: no adopted modification; future compute-log profile decision pending,,
L5-2_v1__seed02,2,L5-2_v1,1.6.0,NO_CANDIDATE_ADOPTED,False,UNKNOWN: missing capture-time trajectory/config hashes or original per-artifact receipts,aw_data/render_ready_episodes_capture_filtered/L5-2_v1__seed02/episode_manifest.json,Dataset/scenarios/L5_environment/interaction/L5-2_v1/scene_setup.json,Dataset/scenarios/L5_environment/interaction/L5-2_v1/event_script.json,NOT_RUN,,NOT_ESTABLISHED,,,,,,,,NONE_AUTHORIZED_IN_THIS_CANDIDATE,NOT_ADOPTED,C: no adopted modification; future compute-log profile decision pending,,
L5-2_v2__seed00,0,L5-2_v2,1.6.0,NO_CANDIDATE_ADOPTED,False,UNKNOWN: missing capture-time trajectory/config hashes or original per-artifact receipts,aw_data/render_ready_episodes_capture_filtered/L5-2_v2__seed00/episode_manifest.json,Dataset/scenarios/L5_environment/interaction/L5-2_v2/scene_setup.json,Dataset/scenarios/L5_environment/interaction/L5-2_v2/event_script.json,NOT_RUN,,NOT_ESTABLISHED,,,,,,,,NONE_AUTHORIZED_IN_THIS_CANDIDATE,NOT_ADOPTED,C: no adopted modification; future compute-log profile decision pending,,
L5-2_v2__seed01,1,L5-2_v2,1.6.0,NO_CANDIDATE_ADOPTED,False,UNKNOWN: missing capture-time trajectory/config hashes or original per-artifact receipts,aw_data/render_ready_episodes_capture_filtered/L5-2_v2__seed01/episode_manifest.json,Dataset/scenarios/L5_environment/interaction/L5-2_v2/scene_setup.json,Dataset/scenarios/L5_environment/interaction/L5-2_v2/event_script.json,NOT_RUN,,NOT_ESTABLISHED,,,,,,,,NONE_AUTHORIZED_IN_THIS_CANDIDATE,NOT_ADOPTED,C: no adopted modification; future compute-log profile decision pending,,
L5-2_v2__seed02,2,L5-2_v2,1.6.0,NO_CANDIDATE_ADOPTED,False,UNKNOWN: missing capture-time trajectory/config hashes or original per-artifact receipts,aw_data/render_ready_episodes_capture_filtered/L5-2_v2__seed02/episode_manifest.json,Dataset/scenarios/L5_environment/interaction/L5-2_v2/scene_setup.json,Dataset/scenarios/L5_environment/interaction/L5-2_v2/event_script.json,NOT_RUN,,NOT_ESTABLISHED,,,,,,,,NONE_AUTHORIZED_IN_THIS_CANDIDATE,NOT_ADOPTED,C: no adopted modification; future compute-log profile decision pending,,
L5-3_v1__seed00,0,L5-3_v1,1.6.0,NO_CANDIDATE_ADOPTED,False,UNKNOWN: missing capture-time trajectory/config hashes or original per-artifact receipts,aw_data/render_ready_episodes_capture_filtered/L5-3_v1__seed00/episode_manifest.json,Dataset/scenarios/L5_environment/interaction/L5-3_v1/scene_setup.json,Dataset/scenarios/L5_environment/interaction/L5-3_v1/event_script.json,NOT_RUN,,NOT_ESTABLISHED,,,,,,,,NONE_AUTHORIZED_IN_THIS_CANDIDATE,NOT_ADOPTED,C: no adopted modification; future compute-log profile decision pending,,
L5-3_v1__seed01,1,L5-3_v1,1.6.0,NO_CANDIDATE_ADOPTED,False,UNKNOWN: missing capture-time trajectory/config hashes or original per-artifact receipts,aw_data/render_ready_episodes_capture_filtered/L5-3_v1__seed01/episode_manifest.json,Dataset/scenarios/L5_environment/interaction/L5-3_v1/scene_setup.json,Dataset/scenarios/L5_environment/interaction/L5-3_v1/event_script.json,NOT_RUN,,NOT_ESTABLISHED,,,,,,,,NONE_AUTHORIZED_IN_THIS_CANDIDATE,NOT_ADOPTED,C: no adopted modification; future compute-log profile decision pending,,
L5-3_v1__seed02,2,L5-3_v1,1.6.0,NO_CANDIDATE_ADOPTED,False,UNKNOWN: missing capture-time trajectory/config hashes or original per-artifact receipts,aw_data/render_ready_episodes_capture_filtered/L5-3_v1__seed02/episode_manifest.json,Dataset/scenarios/L5_environment/interaction/L5-3_v1/scene_setup.json,Dataset/scenarios/L5_environment/interaction/L5-3_v1/event_script.json,NOT_RUN,,NOT_ESTABLISHED,,,,,,,,NONE_AUTHORIZED_IN_THIS_CANDIDATE,NOT_ADOPTED,C: no adopted modification; future compute-log profile decision pending,,
L5-3_v2__seed00,0,L5-3_v2,1.6.0,NO_CANDIDATE_ADOPTED,False,UNKNOWN: missing capture-time trajectory/config hashes or original per-artifact receipts,aw_data/render_ready_episodes_capture_filtered/L5-3_v2__seed00/episode_manifest.json,Dataset/scenarios/L5_environment/interaction/L5-3_v2/scene_setup.json,Dataset/scenarios/L5_environment/interaction/L5-3_v2/event_script.json,NOT_RUN,,NOT_ESTABLISHED,,,,,,,,NONE_AUTHORIZED_IN_THIS_CANDIDATE,NOT_ADOPTED,C: no adopted modification; future compute-log profile decision pending,,
L5-3_v2__seed01,1,L5-3_v2,1.6.0,NO_CANDIDATE_ADOPTED,False,UNKNOWN: missing capture-time trajectory/config hashes or original per-artifact receipts,aw_data/render_ready_episodes_capture_filtered/L5-3_v2__seed01/episode_manifest.json,Dataset/scenarios/L5_environment/interaction/L5-3_v2/scene_setup.json,Dataset/scenarios/L5_environment/interaction/L5-3_v2/event_script.json,NOT_RUN,,NOT_ESTABLISHED,,,,,,,,NONE_AUTHORIZED_IN_THIS_CANDIDATE,NOT_ADOPTED,C: no adopted modification; future compute-log profile decision pending,,
L5-3_v2__seed02,2,L5-3_v2,1.6.0,NO_CANDIDATE_ADOPTED,False,UNKNOWN: missing capture-time trajectory/config hashes or original per-artifact receipts,aw_data/render_ready_episodes_capture_filtered/L5-3_v2__seed02/episode_manifest.json,Dataset/scenarios/L5_environment/interaction/L5-3_v2/scene_setup.json,Dataset/scenarios/L5_environment/interaction/L5-3_v2/event_script.json,NOT_RUN,,NOT_ESTABLISHED,,,,,,,,NONE_AUTHORIZED_IN_THIS_CANDIDATE,NOT_ADOPTED,C: no adopted modification; future compute-log profile decision pending,,
L5-4_v1__seed00,0,L5-4_v1,1.6.0,NO_CANDIDATE_ADOPTED,False,UNKNOWN: missing capture-time trajectory/config hashes or original per-artifact receipts,aw_data/render_ready_episodes_capture_filtered/L5-4_v1__seed00/episode_manifest.json,Dataset/scenarios/L5_environment/interaction/L5-4_v1/scene_setup.json,Dataset/scenarios/L5_environment/interaction/L5-4_v1/event_script.json,NOT_RUN,,NOT_ESTABLISHED,,,,,,,,NONE_AUTHORIZED_IN_THIS_CANDIDATE,NOT_ADOPTED,C: no adopted modification; future compute-log profile decision pending,,
L5-4_v1__seed01,1,L5-4_v1,1.6.0,NO_CANDIDATE_ADOPTED,False,UNKNOWN: missing capture-time trajectory/config hashes or original per-artifact receipts,aw_data/render_ready_episodes_capture_filtered/L5-4_v1__seed01/episode_manifest.json,Dataset/scenarios/L5_environment/interaction/L5-4_v1/scene_setup.json,Dataset/scenarios/L5_environment/interaction/L5-4_v1/event_script.json,NOT_RUN,,NOT_ESTABLISHED,,,,,,,,NONE_AUTHORIZED_IN_THIS_CANDIDATE,NOT_ADOPTED,C: no adopted modification; future compute-log profile decision pending,,
L5-4_v1__seed02,2,L5-4_v1,1.6.0,NO_CANDIDATE_ADOPTED,False,UNKNOWN: missing capture-time trajectory/config hashes or original per-artifact receipts,aw_data/render_ready_episodes_capture_filtered/L5-4_v1__seed02/episode_manifest.json,Dataset/scenarios/L5_environment/interaction/L5-4_v1/scene_setup.json,Dataset/scenarios/L5_environment/interaction/L5-4_v1/event_script.json,NOT_RUN,,NOT_ESTABLISHED,,,,,,,,NONE_AUTHORIZED_IN_THIS_CANDIDATE,NOT_ADOPTED,C: no adopted modification; future compute-log profile decision pending,,
L5-5_v1__seed00,0,L5-5_v1,1.6.0,NO_CANDIDATE_ADOPTED,False,UNKNOWN: missing capture-time trajectory/config hashes or original per-artifact receipts,aw_data/render_ready_episodes_capture_filtered/L5-5_v1__seed00/episode_manifest.json,Dataset/scenarios/L5_environment/interaction/L5-5_v1/scene_setup.json,Dataset/scenarios/L5_environment/interaction/L5-5_v1/event_script.json,NOT_RUN,,NOT_ESTABLISHED,,,,,,,,NONE_AUTHORIZED_IN_THIS_CANDIDATE,NOT_ADOPTED,C: no adopted modification; future compute-log profile decision pending,,
L5-5_v1__seed01,1,L5-5_v1,1.6.0,NO_CANDIDATE_ADOPTED,False,UNKNOWN: missing capture-time trajectory/config hashes or original per-artifact receipts,aw_data/render_ready_episodes_capture_filtered/L5-5_v1__seed01/episode_manifest.json,Dataset/scenarios/L5_environment/interaction/L5-5_v1/scene_setup.json,Dataset/scenarios/L5_environment/interaction/L5-5_v1/event_script.json,NOT_RUN,,NOT_ESTABLISHED,,,,,,,,NONE_AUTHORIZED_IN_THIS_CANDIDATE,NOT_ADOPTED,C: no adopted modification; future compute-log profile decision pending,,
L5-5_v1__seed02,2,L5-5_v1,1.6.0,NO_CANDIDATE_ADOPTED,False,UNKNOWN: missing capture-time trajectory/config hashes or original per-artifact receipts,aw_data/render_ready_episodes_capture_filtered/L5-5_v1__seed02/episode_manifest.json,Dataset/scenarios/L5_environment/interaction/L5-5_v1/scene_setup.json,Dataset/scenarios/L5_environment/interaction/L5-5_v1/event_script.json,NOT_RUN,,NOT_ESTABLISHED,,,,,,,,NONE_AUTHORIZED_IN_THIS_CANDIDATE,NOT_ADOPTED,C: no adopted modification; future compute-log profile decision pending,,
L6-1_v1__seed00,0,L6-1_v1,1.6.0,NO_CANDIDATE_ADOPTED,False,UNKNOWN: missing capture-time trajectory/config hashes or original per-artifact receipts,aw_data/render_ready_episodes_capture_filtered/L6-1_v1__seed00/episode_manifest.json,Dataset/scenarios/L6_digital_layer/failure/L6-1_v1/scene_setup.json,Dataset/scenarios/L6_digital_layer/failure/L6-1_v1/event_script.json,NOT_RUN,,NOT_ESTABLISHED,,,,,,,,NONE_AUTHORIZED_IN_THIS_CANDIDATE,NOT_ADOPTED,PENDING: B if frozen-motion logs; A only if receipt-causal changed motion is adopted,"{'compatibility': 'INCOMPATIBLE_FOUR_POST_TAKEOFF_STAGES', 'reason': 'c2_loss -> rth_engaged -> c2_recovered -> landing has four stages. c2_loss also moves the UAV. No second commanded backup-route stage exists.', 'unsupported': ['communication_unavailable is authored state, not measured receiver loss. RTH after total loss requires an explicit aircraft-local timeout/failsafe or a viable command path; gateway global evidence alone is insufficient.', 'c2_loss contains a route move, so preserving only pre-root source motion then replaying existing three commanded moves would omit an authored motion action.', 'Recovery is an authored state reset after RTH, not proof of a gateway loss<=.05 observation. Preserve that distinction.']}",
L6-1_v1__seed01,1,L6-1_v1,1.6.0,NO_CANDIDATE_ADOPTED,False,UNKNOWN: missing capture-time trajectory/config hashes or original per-artifact receipts,aw_data/render_ready_episodes_capture_filtered/L6-1_v1__seed01/episode_manifest.json,Dataset/scenarios/L6_digital_layer/failure/L6-1_v1/scene_setup.json,Dataset/scenarios/L6_digital_layer/failure/L6-1_v1/event_script.json,NOT_RUN,,NOT_ESTABLISHED,,,,,,,,NONE_AUTHORIZED_IN_THIS_CANDIDATE,NOT_ADOPTED,PENDING: B if frozen-motion logs; A only if receipt-causal changed motion is adopted,"{'compatibility': 'INCOMPATIBLE_FOUR_POST_TAKEOFF_STAGES', 'reason': 'c2_loss -> rth_engaged -> c2_recovered -> landing has four stages. c2_loss also moves the UAV. No second commanded backup-route stage exists.', 'unsupported': ['communication_unavailable is authored state, not measured receiver loss. RTH after total loss requires an explicit aircraft-local timeout/failsafe or a viable command path; gateway global evidence alone is insufficient.', 'c2_loss contains a route move, so preserving only pre-root source motion then replaying existing three commanded moves would omit an authored motion action.', 'Recovery is an authored state reset after RTH, not proof of a gateway loss<=.05 observation. Preserve that distinction.']}",
L6-1_v1__seed02,2,L6-1_v1,1.6.0,NO_CANDIDATE_ADOPTED,False,UNKNOWN: missing capture-time trajectory/config hashes or original per-artifact receipts,aw_data/render_ready_episodes_capture_filtered/L6-1_v1__seed02/episode_manifest.json,Dataset/scenarios/L6_digital_layer/failure/L6-1_v1/scene_setup.json,Dataset/scenarios/L6_digital_layer/failure/L6-1_v1/event_script.json,NOT_RUN,,NOT_ESTABLISHED,,,,,,,,NONE_AUTHORIZED_IN_THIS_CANDIDATE,NOT_ADOPTED,PENDING: B if frozen-motion logs; A only if receipt-causal changed motion is adopted,"{'compatibility': 'INCOMPATIBLE_FOUR_POST_TAKEOFF_STAGES', 'reason': 'c2_loss -> rth_engaged -> c2_recovered -> landing has four stages. c2_loss also moves the UAV. No second commanded backup-route stage exists.', 'unsupported': ['communication_unavailable is authored state, not measured receiver loss. RTH after total loss requires an explicit aircraft-local timeout/failsafe or a viable command path; gateway global evidence alone is insufficient.', 'c2_loss contains a route move, so preserving only pre-root source motion then replaying existing three commanded moves would omit an authored motion action.', 'Recovery is an authored state reset after RTH, not proof of a gateway loss<=.05 observation. Preserve that distinction.']}",
L6-1_v2__seed00,0,L6-1_v2,1.6.0,NO_CANDIDATE_ADOPTED,False,UNKNOWN: missing capture-time trajectory/config hashes or original per-artifact receipts,aw_data/render_ready_episodes_capture_filtered/L6-1_v2__seed00/episode_manifest.json,Dataset/scenarios/L6_digital_layer/failure/L6-1_v2/scene_setup.json,Dataset/scenarios/L6_digital_layer/failure/L6-1_v2/event_script.json,NOT_RUN,,NOT_ESTABLISHED,,,,,,,,NONE_AUTHORIZED_IN_THIS_CANDIDATE,NOT_ADOPTED,PENDING: B if frozen-motion logs; A only if receipt-causal changed motion is adopted,"{'compatibility': 'INCOMPATIBLE_FOUR_POST_TAKEOFF_STAGES', 'reason': 'c2_loss -> rth_engaged -> c2_recovered -> landing has four stages. c2_loss also moves the UAV. No second commanded backup-route stage exists.', 'unsupported': ['communication_unavailable is authored state, not measured receiver loss. RTH after total loss requires an explicit aircraft-local timeout/failsafe or a viable command path; gateway global evidence alone is insufficient.', 'c2_loss contains a route move, so preserving only pre-root source motion then replaying existing three commanded moves would omit an authored motion action.', 'Recovery is an authored state reset after RTH, not proof of a gateway loss<=.05 observation. Preserve that distinction.']}",
L6-1_v2__seed01,1,L6-1_v2,1.6.0,NO_CANDIDATE_ADOPTED,False,UNKNOWN: missing capture-time trajectory/config hashes or original per-artifact receipts,aw_data/render_ready_episodes_capture_filtered/L6-1_v2__seed01/episode_manifest.json,Dataset/scenarios/L6_digital_layer/failure/L6-1_v2/scene_setup.json,Dataset/scenarios/L6_digital_layer/failure/L6-1_v2/event_script.json,NOT_RUN,,NOT_ESTABLISHED,,,,,,,,NONE_AUTHORIZED_IN_THIS_CANDIDATE,NOT_ADOPTED,PENDING: B if frozen-motion logs; A only if receipt-causal changed motion is adopted,"{'compatibility': 'INCOMPATIBLE_FOUR_POST_TAKEOFF_STAGES', 'reason': 'c2_loss -> rth_engaged -> c2_recovered -> landing has four stages. c2_loss also moves the UAV. No second commanded backup-route stage exists.', 'unsupported': ['communication_unavailable is authored state, not measured receiver loss. RTH after total loss requires an explicit aircraft-local timeout/failsafe or a viable command path; gateway global evidence alone is insufficient.', 'c2_loss contains a route move, so preserving only pre-root source motion then replaying existing three commanded moves would omit an authored motion action.', 'Recovery is an authored state reset after RTH, not proof of a gateway loss<=.05 observation. Preserve that distinction.']}",
L6-1_v2__seed02,2,L6-1_v2,1.6.0,NO_CANDIDATE_ADOPTED,False,UNKNOWN: missing capture-time trajectory/config hashes or original per-artifact receipts,aw_data/render_ready_episodes_capture_filtered/L6-1_v2__seed02/episode_manifest.json,Dataset/scenarios/L6_digital_layer/failure/L6-1_v2/scene_setup.json,Dataset/scenarios/L6_digital_layer/failure/L6-1_v2/event_script.json,NOT_RUN,,NOT_ESTABLISHED,,,,,,,,NONE_AUTHORIZED_IN_THIS_CANDIDATE,NOT_ADOPTED,PENDING: B if frozen-motion logs; A only if receipt-causal changed motion is adopted,"{'compatibility': 'INCOMPATIBLE_FOUR_POST_TAKEOFF_STAGES', 'reason': 'c2_loss -> rth_engaged -> c2_recovered -> landing has four stages. c2_loss also moves the UAV. No second commanded backup-route stage exists.', 'unsupported': ['communication_unavailable is authored state, not measured receiver loss. RTH after total loss requires an explicit aircraft-local timeout/failsafe or a viable command path; gateway global evidence alone is insufficient.', 'c2_loss contains a route move, so preserving only pre-root source motion then replaying existing three commanded moves would omit an authored motion action.', 'Recovery is an authored state reset after RTH, not proof of a gateway loss<=.05 observation. Preserve that distinction.']}",
L6-2_v1__seed00,0,L6-2_v1,1.6.0,PLAN_ADOPTED_PENDING_COMBINED_RELEASE_FREEZE,False,UNKNOWN: missing capture-time trajectory/config hashes or original per-artifact receipts,aw_data/render_ready_episodes_capture_filtered/L6-2_v1__seed00/episode_manifest.json,Dataset/scenarios/L6_digital_layer/failure/L6-2_v1/scene_setup.json,Dataset/scenarios/L6_digital_layer/failure/L6-2_v1/event_script.json,COMPLETED,/mnt/data1/weizhiwei/AERO_WORLD_runtime/p09/receipt_l6_2_seed_batch_v5_candidates/L6-2_v1__seed00,MEASURED_CANDIDATE_VS_CURRENT_FORMAL_SOURCE,359,82,43.1,45.6,PLAN_ADOPTED_RECAPTURE_REQUIRED,uav_digital_l6_2_v1,"Scene inspection camera is on another UAV; formal sensor/channel IDs absent in scoped source, require exact capture mapping",NONE_AUTHORIZED_IN_THIS_CANDIDATE,NEW_VERSIONED_NATIVE_NS3_AND_RECEIPT_LOGS_OUTSIDE_RELEASE; source-profile CPU/queue normal+congested candidates executed,A: planned new version; affected visual suffix requires recapture in the single final collection batch,Cross-check passed; planned adoption fixed. Final render materialization/config freeze and capture-channel mapping remain,/mnt/data1/weizhiwei/AERO_WORLD_runtime/p09/compute_business_group_seeds_v3/receipt.json
L6-2_v1__seed01,1,L6-2_v1,1.6.0,PLAN_ADOPTED_PENDING_COMBINED_RELEASE_FREEZE,False,UNKNOWN: missing capture-time trajectory/config hashes or original per-artifact receipts,aw_data/render_ready_episodes_capture_filtered/L6-2_v1__seed01/episode_manifest.json,Dataset/scenarios/L6_digital_layer/failure/L6-2_v1/scene_setup.json,Dataset/scenarios/L6_digital_layer/failure/L6-2_v1/event_script.json,COMPLETED,/mnt/data1/weizhiwei/AERO_WORLD_runtime/p09/receipt_l6_2_seed_batch_v5_candidates/L6-2_v1__seed01,MEASURED_CANDIDATE_VS_CURRENT_FORMAL_SOURCE,359,82,43.1,45.6,PLAN_ADOPTED_RECAPTURE_REQUIRED,uav_digital_l6_2_v1,"Scene inspection camera is on another UAV; formal sensor/channel IDs absent in scoped source, require exact capture mapping",NONE_AUTHORIZED_IN_THIS_CANDIDATE,NEW_VERSIONED_NATIVE_NS3_AND_RECEIPT_LOGS_OUTSIDE_RELEASE; source-profile CPU/queue normal+congested candidates executed,A: planned new version; affected visual suffix requires recapture in the single final collection batch,Cross-check passed; planned adoption fixed. Final render materialization/config freeze and capture-channel mapping remain,/mnt/data1/weizhiwei/AERO_WORLD_runtime/p09/compute_business_group_seeds_v3/receipt.json
L6-2_v1__seed02,2,L6-2_v1,1.6.0,PLAN_ADOPTED_PENDING_COMBINED_RELEASE_FREEZE,False,UNKNOWN: missing capture-time trajectory/config hashes or original per-artifact receipts,aw_data/render_ready_episodes_capture_filtered/L6-2_v1__seed02/episode_manifest.json,Dataset/scenarios/L6_digital_layer/failure/L6-2_v1/scene_setup.json,Dataset/scenarios/L6_digital_layer/failure/L6-2_v1/event_script.json,COMPLETED,/mnt/data1/weizhiwei/AERO_WORLD_runtime/p09/receipt_l6_2_seed_batch_v5_candidates/L6-2_v1__seed02,MEASURED_CANDIDATE_VS_CURRENT_FORMAL_SOURCE,359,82,43.1,45.6,PLAN_ADOPTED_RECAPTURE_REQUIRED,uav_digital_l6_2_v1,"Scene inspection camera is on another UAV; formal sensor/channel IDs absent in scoped source, require exact capture mapping",NONE_AUTHORIZED_IN_THIS_CANDIDATE,NEW_VERSIONED_NATIVE_NS3_AND_RECEIPT_LOGS_OUTSIDE_RELEASE; source-profile CPU/queue normal+congested candidates executed,A: planned new version; affected visual suffix requires recapture in the single final collection batch,Cross-check passed; planned adoption fixed. Final render materialization/config freeze and capture-channel mapping remain,/mnt/data1/weizhiwei/AERO_WORLD_runtime/p09/compute_business_group_seeds_v3/receipt.json
L6-2_v2__seed00,0,L6-2_v2,1.6.0,PLAN_ADOPTED_PENDING_COMBINED_RELEASE_FREEZE,False,UNKNOWN: missing capture-time trajectory/config hashes or original per-artifact receipts,aw_data/render_ready_episodes_capture_filtered/L6-2_v2__seed00/episode_manifest.json,Dataset/scenarios/L6_digital_layer/failure/L6-2_v2/scene_setup.json,Dataset/scenarios/L6_digital_layer/failure/L6-2_v2/event_script.json,COMPLETED,/mnt/data1/weizhiwei/AERO_WORLD_runtime/p09/receipt_l6_2_v2_seed00_v5_candidate,MEASURED_CANDIDATE_VS_CURRENT_FORMAL_SOURCE,314,81,43.1,45.6,PLAN_ADOPTED_RECAPTURE_REQUIRED,uav_digital_l6_2_v2,"Scene inspection camera is on another UAV; formal sensor/channel IDs absent in scoped source, require exact capture mapping",NONE_AUTHORIZED_IN_THIS_CANDIDATE,NEW_VERSIONED_NATIVE_NS3_AND_RECEIPT_LOGS_OUTSIDE_RELEASE,A: planned new version; affected visual suffix requires recapture in the single final collection batch,Cross-check passed; planned adoption fixed. Final render materialization/config freeze and capture-channel mapping remain,
L6-2_v2__seed01,1,L6-2_v2,1.6.0,PLAN_ADOPTED_PENDING_COMBINED_RELEASE_FREEZE,False,UNKNOWN: missing capture-time trajectory/config hashes or original per-artifact receipts,aw_data/render_ready_episodes_capture_filtered/L6-2_v2__seed01/episode_manifest.json,Dataset/scenarios/L6_digital_layer/failure/L6-2_v2/scene_setup.json,Dataset/scenarios/L6_digital_layer/failure/L6-2_v2/event_script.json,COMPLETED,/mnt/data1/weizhiwei/AERO_WORLD_runtime/p09/receipt_l6_2_seed_batch_v5_candidates/L6-2_v2__seed01,MEASURED_CANDIDATE_VS_CURRENT_FORMAL_SOURCE,314,81,43.1,45.6,PLAN_ADOPTED_RECAPTURE_REQUIRED,uav_digital_l6_2_v2,"Scene inspection camera is on another UAV; formal sensor/channel IDs absent in scoped source, require exact capture mapping",NONE_AUTHORIZED_IN_THIS_CANDIDATE,NEW_VERSIONED_NATIVE_NS3_AND_RECEIPT_LOGS_OUTSIDE_RELEASE,A: planned new version; affected visual suffix requires recapture in the single final collection batch,Cross-check passed; planned adoption fixed. Final render materialization/config freeze and capture-channel mapping remain,
L6-2_v2__seed02,2,L6-2_v2,1.6.0,PLAN_ADOPTED_PENDING_COMBINED_RELEASE_FREEZE,False,UNKNOWN: missing capture-time trajectory/config hashes or original per-artifact receipts,aw_data/render_ready_episodes_capture_filtered/L6-2_v2__seed02/episode_manifest.json,Dataset/scenarios/L6_digital_layer/failure/L6-2_v2/scene_setup.json,Dataset/scenarios/L6_digital_layer/failure/L6-2_v2/event_script.json,COMPLETED,/mnt/data1/weizhiwei/AERO_WORLD_runtime/p09/receipt_l6_2_seed_batch_v5_candidates/L6-2_v2__seed02,MEASURED_CANDIDATE_VS_CURRENT_FORMAL_SOURCE,314,81,43.1,45.6,PLAN_ADOPTED_RECAPTURE_REQUIRED,uav_digital_l6_2_v2,"Scene inspection camera is on another UAV; formal sensor/channel IDs absent in scoped source, require exact capture mapping",NONE_AUTHORIZED_IN_THIS_CANDIDATE,NEW_VERSIONED_NATIVE_NS3_AND_RECEIPT_LOGS_OUTSIDE_RELEASE,A: planned new version; affected visual suffix requires recapture in the single final collection batch,Cross-check passed; planned adoption fixed. Final render materialization/config freeze and capture-channel mapping remain,
L6-3_v1__seed00,0,L6-3_v1,1.6.0,NO_CANDIDATE_ADOPTED,False,UNKNOWN: missing capture-time trajectory/config hashes or original per-artifact receipts,aw_data/render_ready_episodes_capture_filtered/L6-3_v1__seed00/episode_manifest.json,Dataset/scenarios/L6_digital_layer/failure/L6-3_v1/scene_setup.json,Dataset/scenarios/L6_digital_layer/failure/L6-3_v1/event_script.json,NOT_RUN,,NOT_ESTABLISHED,,,,,,,,NONE_AUTHORIZED_IN_THIS_CANDIDATE,NOT_ADOPTED,C: no adopted modification; future compute-log profile decision pending,,
L6-3_v1__seed01,1,L6-3_v1,1.6.0,NO_CANDIDATE_ADOPTED,False,UNKNOWN: missing capture-time trajectory/config hashes or original per-artifact receipts,aw_data/render_ready_episodes_capture_filtered/L6-3_v1__seed01/episode_manifest.json,Dataset/scenarios/L6_digital_layer/failure/L6-3_v1/scene_setup.json,Dataset/scenarios/L6_digital_layer/failure/L6-3_v1/event_script.json,NOT_RUN,,NOT_ESTABLISHED,,,,,,,,NONE_AUTHORIZED_IN_THIS_CANDIDATE,NOT_ADOPTED,C: no adopted modification; future compute-log profile decision pending,,
L6-3_v1__seed02,2,L6-3_v1,1.6.0,NO_CANDIDATE_ADOPTED,False,UNKNOWN: missing capture-time trajectory/config hashes or original per-artifact receipts,aw_data/render_ready_episodes_capture_filtered/L6-3_v1__seed02/episode_manifest.json,Dataset/scenarios/L6_digital_layer/failure/L6-3_v1/scene_setup.json,Dataset/scenarios/L6_digital_layer/failure/L6-3_v1/event_script.json,NOT_RUN,,NOT_ESTABLISHED,,,,,,,,NONE_AUTHORIZED_IN_THIS_CANDIDATE,NOT_ADOPTED,C: no adopted modification; future compute-log profile decision pending,,
L6-3_v2__seed00,0,L6-3_v2,1.6.0,NO_CANDIDATE_ADOPTED,False,UNKNOWN: missing capture-time trajectory/config hashes or original per-artifact receipts,aw_data/render_ready_episodes_capture_filtered/L6-3_v2__seed00/episode_manifest.json,Dataset/scenarios/L6_digital_layer/failure/L6-3_v2/scene_setup.json,Dataset/scenarios/L6_digital_layer/failure/L6-3_v2/event_script.json,NOT_RUN,,NOT_ESTABLISHED,,,,,,,,NONE_AUTHORIZED_IN_THIS_CANDIDATE,NOT_ADOPTED,C: no adopted modification; future compute-log profile decision pending,,
L6-3_v2__seed01,1,L6-3_v2,1.6.0,NO_CANDIDATE_ADOPTED,False,UNKNOWN: missing capture-time trajectory/config hashes or original per-artifact receipts,aw_data/render_ready_episodes_capture_filtered/L6-3_v2__seed01/episode_manifest.json,Dataset/scenarios/L6_digital_layer/failure/L6-3_v2/scene_setup.json,Dataset/scenarios/L6_digital_layer/failure/L6-3_v2/event_script.json,NOT_RUN,,NOT_ESTABLISHED,,,,,,,,NONE_AUTHORIZED_IN_THIS_CANDIDATE,NOT_ADOPTED,C: no adopted modification; future compute-log profile decision pending,,
L6-3_v2__seed02,2,L6-3_v2,1.6.0,NO_CANDIDATE_ADOPTED,False,UNKNOWN: missing capture-time trajectory/config hashes or original per-artifact receipts,aw_data/render_ready_episodes_capture_filtered/L6-3_v2__seed02/episode_manifest.json,Dataset/scenarios/L6_digital_layer/failure/L6-3_v2/scene_setup.json,Dataset/scenarios/L6_digital_layer/failure/L6-3_v2/event_script.json,NOT_RUN,,NOT_ESTABLISHED,,,,,,,,NONE_AUTHORIZED_IN_THIS_CANDIDATE,NOT_ADOPTED,C: no adopted modification; future compute-log profile decision pending,,
L6-4_v1__seed00,0,L6-4_v1,1.6.0,NO_CANDIDATE_ADOPTED,False,UNKNOWN: missing capture-time trajectory/config hashes or original per-artifact receipts,aw_data/render_ready_episodes_capture_filtered/L6-4_v1__seed00/episode_manifest.json,Dataset/scenarios/L6_digital_layer/failure/L6-4_v1/scene_setup.json,Dataset/scenarios/L6_digital_layer/failure/L6-4_v1/event_script.json,NOT_RUN,,NOT_ESTABLISHED,,,,,,,,NONE_AUTHORIZED_IN_THIS_CANDIDATE,NOT_ADOPTED,PENDING: B if frozen-motion logs; A only if receipt-causal changed motion is adopted,"{'compatibility': 'INCOMPATIBLE_TWO_ACTORS_AND_STATE_ONLY_HOLD_STAGE', 'reason': 'wideband_jamming -> multi_uav_hold_entry(two moves) -> multi_uav_safe_hold(state-only) -> alternate_channel(two moves) -> two separate landing events. Existing slot2 requires a single-owner move and slot3 is gateway recovery, so this cannot be flattened into its five slots.', 'unsupported': ['No jammer actor, waveform, frequency/power or packet interference producer is declared; jamming_active/visual jammed state is not physical jamming evidence.', 'Two aircraft require independent owner/epoch flows, receptions and controller execution, preserving distinct safe-hold delays1/5ticks and separate landing dependencies.', 'alternate_channel_active plus state clearing does not declare an actual alternate frequency/radio/handover. No GCS-compromise actor/event appears in these scripts.']}",
L6-4_v1__seed01,1,L6-4_v1,1.6.0,NO_CANDIDATE_ADOPTED,False,UNKNOWN: missing capture-time trajectory/config hashes or original per-artifact receipts,aw_data/render_ready_episodes_capture_filtered/L6-4_v1__seed01/episode_manifest.json,Dataset/scenarios/L6_digital_layer/failure/L6-4_v1/scene_setup.json,Dataset/scenarios/L6_digital_layer/failure/L6-4_v1/event_script.json,NOT_RUN,,NOT_ESTABLISHED,,,,,,,,NONE_AUTHORIZED_IN_THIS_CANDIDATE,NOT_ADOPTED,PENDING: B if frozen-motion logs; A only if receipt-causal changed motion is adopted,"{'compatibility': 'INCOMPATIBLE_TWO_ACTORS_AND_STATE_ONLY_HOLD_STAGE', 'reason': 'wideband_jamming -> multi_uav_hold_entry(two moves) -> multi_uav_safe_hold(state-only) -> alternate_channel(two moves) -> two separate landing events. Existing slot2 requires a single-owner move and slot3 is gateway recovery, so this cannot be flattened into its five slots.', 'unsupported': ['No jammer actor, waveform, frequency/power or packet interference producer is declared; jamming_active/visual jammed state is not physical jamming evidence.', 'Two aircraft require independent owner/epoch flows, receptions and controller execution, preserving distinct safe-hold delays1/5ticks and separate landing dependencies.', 'alternate_channel_active plus state clearing does not declare an actual alternate frequency/radio/handover. No GCS-compromise actor/event appears in these scripts.']}",
L6-4_v1__seed02,2,L6-4_v1,1.6.0,NO_CANDIDATE_ADOPTED,False,UNKNOWN: missing capture-time trajectory/config hashes or original per-artifact receipts,aw_data/render_ready_episodes_capture_filtered/L6-4_v1__seed02/episode_manifest.json,Dataset/scenarios/L6_digital_layer/failure/L6-4_v1/scene_setup.json,Dataset/scenarios/L6_digital_layer/failure/L6-4_v1/event_script.json,NOT_RUN,,NOT_ESTABLISHED,,,,,,,,NONE_AUTHORIZED_IN_THIS_CANDIDATE,NOT_ADOPTED,PENDING: B if frozen-motion logs; A only if receipt-causal changed motion is adopted,"{'compatibility': 'INCOMPATIBLE_TWO_ACTORS_AND_STATE_ONLY_HOLD_STAGE', 'reason': 'wideband_jamming -> multi_uav_hold_entry(two moves) -> multi_uav_safe_hold(state-only) -> alternate_channel(two moves) -> two separate landing events. Existing slot2 requires a single-owner move and slot3 is gateway recovery, so this cannot be flattened into its five slots.', 'unsupported': ['No jammer actor, waveform, frequency/power or packet interference producer is declared; jamming_active/visual jammed state is not physical jamming evidence.', 'Two aircraft require independent owner/epoch flows, receptions and controller execution, preserving distinct safe-hold delays1/5ticks and separate landing dependencies.', 'alternate_channel_active plus state clearing does not declare an actual alternate frequency/radio/handover. No GCS-compromise actor/event appears in these scripts.']}",
L6-4_v2__seed00,0,L6-4_v2,1.6.0,NO_CANDIDATE_ADOPTED,False,UNKNOWN: missing capture-time trajectory/config hashes or original per-artifact receipts,aw_data/render_ready_episodes_capture_filtered/L6-4_v2__seed00/episode_manifest.json,Dataset/scenarios/L6_digital_layer/failure/L6-4_v2/scene_setup.json,Dataset/scenarios/L6_digital_layer/failure/L6-4_v2/event_script.json,NOT_RUN,,NOT_ESTABLISHED,,,,,,,,NONE_AUTHORIZED_IN_THIS_CANDIDATE,NOT_ADOPTED,PENDING: B if frozen-motion logs; A only if receipt-causal changed motion is adopted,"{'compatibility': 'INCOMPATIBLE_TWO_ACTORS_AND_STATE_ONLY_HOLD_STAGE', 'reason': 'wideband_jamming -> multi_uav_hold_entry(two moves) -> multi_uav_safe_hold(state-only) -> alternate_channel(two moves) -> two separate landing events. Existing slot2 requires a single-owner move and slot3 is gateway recovery, so this cannot be flattened into its five slots.', 'unsupported': ['No jammer actor, waveform, frequency/power or packet interference producer is declared; jamming_active/visual jammed state is not physical jamming evidence.', 'Two aircraft require independent owner/epoch flows, receptions and controller execution, preserving distinct safe-hold delays1/5ticks and separate landing dependencies.', 'alternate_channel_active plus state clearing does not declare an actual alternate frequency/radio/handover. No GCS-compromise actor/event appears in these scripts.']}",
L6-4_v2__seed01,1,L6-4_v2,1.6.0,NO_CANDIDATE_ADOPTED,False,UNKNOWN: missing capture-time trajectory/config hashes or original per-artifact receipts,aw_data/render_ready_episodes_capture_filtered/L6-4_v2__seed01/episode_manifest.json,Dataset/scenarios/L6_digital_layer/failure/L6-4_v2/scene_setup.json,Dataset/scenarios/L6_digital_layer/failure/L6-4_v2/event_script.json,NOT_RUN,,NOT_ESTABLISHED,,,,,,,,NONE_AUTHORIZED_IN_THIS_CANDIDATE,NOT_ADOPTED,PENDING: B if frozen-motion logs; A only if receipt-causal changed motion is adopted,"{'compatibility': 'INCOMPATIBLE_TWO_ACTORS_AND_STATE_ONLY_HOLD_STAGE', 'reason': 'wideband_jamming -> multi_uav_hold_entry(two moves) -> multi_uav_safe_hold(state-only) -> alternate_channel(two moves) -> two separate landing events. Existing slot2 requires a single-owner move and slot3 is gateway recovery, so this cannot be flattened into its five slots.', 'unsupported': ['No jammer actor, waveform, frequency/power or packet interference producer is declared; jamming_active/visual jammed state is not physical jamming evidence.', 'Two aircraft require independent owner/epoch flows, receptions and controller execution, preserving distinct safe-hold delays1/5ticks and separate landing dependencies.', 'alternate_channel_active plus state clearing does not declare an actual alternate frequency/radio/handover. No GCS-compromise actor/event appears in these scripts.']}",
L6-4_v2__seed02,2,L6-4_v2,1.6.0,NO_CANDIDATE_ADOPTED,False,UNKNOWN: missing capture-time trajectory/config hashes or original per-artifact receipts,aw_data/render_ready_episodes_capture_filtered/L6-4_v2__seed02/episode_manifest.json,Dataset/scenarios/L6_digital_layer/failure/L6-4_v2/scene_setup.json,Dataset/scenarios/L6_digital_layer/failure/L6-4_v2/event_script.json,NOT_RUN,,NOT_ESTABLISHED,,,,,,,,NONE_AUTHORIZED_IN_THIS_CANDIDATE,NOT_ADOPTED,PENDING: B if frozen-motion logs; A only if receipt-causal changed motion is adopted,"{'compatibility': 'INCOMPATIBLE_TWO_ACTORS_AND_STATE_ONLY_HOLD_STAGE', 'reason': 'wideband_jamming -> multi_uav_hold_entry(two moves) -> multi_uav_safe_hold(state-only) -> alternate_channel(two moves) -> two separate landing events. Existing slot2 requires a single-owner move and slot3 is gateway recovery, so this cannot be flattened into its five slots.', 'unsupported': ['No jammer actor, waveform, frequency/power or packet interference producer is declared; jamming_active/visual jammed state is not physical jamming evidence.', 'Two aircraft require independent owner/epoch flows, receptions and controller execution, preserving distinct safe-hold delays1/5ticks and separate landing dependencies.', 'alternate_channel_active plus state clearing does not declare an actual alternate frequency/radio/handover. No GCS-compromise actor/event appears in these scripts.']}",
L6-5_v1__seed00,0,L6-5_v1,1.6.0,NO_CANDIDATE_ADOPTED,False,UNKNOWN: missing capture-time trajectory/config hashes or original per-artifact receipts,aw_data/render_ready_episodes_capture_filtered/L6-5_v1__seed00/episode_manifest.json,Dataset/scenarios/L6_digital_layer/failure/L6-5_v1/scene_setup.json,Dataset/scenarios/L6_digital_layer/failure/L6-5_v1/event_script.json,NOT_RUN,,NOT_ESTABLISHED,,,,,,,,NONE_AUTHORIZED_IN_THIS_CANDIDATE,NOT_ADOPTED,C: no adopted modification; future compute-log profile decision pending,,
L6-5_v1__seed01,1,L6-5_v1,1.6.0,NO_CANDIDATE_ADOPTED,False,UNKNOWN: missing capture-time trajectory/config hashes or original per-artifact receipts,aw_data/render_ready_episodes_capture_filtered/L6-5_v1__seed01/episode_manifest.json,Dataset/scenarios/L6_digital_layer/failure/L6-5_v1/scene_setup.json,Dataset/scenarios/L6_digital_layer/failure/L6-5_v1/event_script.json,NOT_RUN,,NOT_ESTABLISHED,,,,,,,,NONE_AUTHORIZED_IN_THIS_CANDIDATE,NOT_ADOPTED,C: no adopted modification; future compute-log profile decision pending,,
L6-5_v1__seed02,2,L6-5_v1,1.6.0,NO_CANDIDATE_ADOPTED,False,UNKNOWN: missing capture-time trajectory/config hashes or original per-artifact receipts,aw_data/render_ready_episodes_capture_filtered/L6-5_v1__seed02/episode_manifest.json,Dataset/scenarios/L6_digital_layer/failure/L6-5_v1/scene_setup.json,Dataset/scenarios/L6_digital_layer/failure/L6-5_v1/event_script.json,NOT_RUN,,NOT_ESTABLISHED,,,,,,,,NONE_AUTHORIZED_IN_THIS_CANDIDATE,NOT_ADOPTED,C: no adopted modification; future compute-log profile decision pending,,
L6-5_v2__seed00,0,L6-5_v2,1.6.0,NO_CANDIDATE_ADOPTED,False,UNKNOWN: missing capture-time trajectory/config hashes or original per-artifact receipts,aw_data/render_ready_episodes_capture_filtered/L6-5_v2__seed00/episode_manifest.json,Dataset/scenarios/L6_digital_layer/failure/L6-5_v2/scene_setup.json,Dataset/scenarios/L6_digital_layer/failure/L6-5_v2/event_script.json,NOT_RUN,,NOT_ESTABLISHED,,,,,,,,NONE_AUTHORIZED_IN_THIS_CANDIDATE,NOT_ADOPTED,C: no adopted modification; future compute-log profile decision pending,,
L6-5_v2__seed01,1,L6-5_v2,1.6.0,NO_CANDIDATE_ADOPTED,False,UNKNOWN: missing capture-time trajectory/config hashes or original per-artifact receipts,aw_data/render_ready_episodes_capture_filtered/L6-5_v2__seed01/episode_manifest.json,Dataset/scenarios/L6_digital_layer/failure/L6-5_v2/scene_setup.json,Dataset/scenarios/L6_digital_layer/failure/L6-5_v2/event_script.json,NOT_RUN,,NOT_ESTABLISHED,,,,,,,,NONE_AUTHORIZED_IN_THIS_CANDIDATE,NOT_ADOPTED,C: no adopted modification; future compute-log profile decision pending,,
L6-5_v2__seed02,2,L6-5_v2,1.6.0,NO_CANDIDATE_ADOPTED,False,UNKNOWN: missing capture-time trajectory/config hashes or original per-artifact receipts,aw_data/render_ready_episodes_capture_filtered/L6-5_v2__seed02/episode_manifest.json,Dataset/scenarios/L6_digital_layer/failure/L6-5_v2/scene_setup.json,Dataset/scenarios/L6_digital_layer/failure/L6-5_v2/event_script.json,NOT_RUN,,NOT_ESTABLISHED,,,,,,,,NONE_AUTHORIZED_IN_THIS_CANDIDATE,NOT_ADOPTED,C: no adopted modification; future compute-log profile decision pending,,
X1_rain_to_c2loss_to_forced_landing__seed00,0,X1_rain_to_c2loss_to_forced_landing,1.6.0,NO_CANDIDATE_ADOPTED,False,UNKNOWN: missing capture-time trajectory/config hashes or original per-artifact receipts,aw_data/render_ready_episodes_capture_filtered/X1_rain_to_c2loss_to_forced_landing__seed00/episode_manifest.json,Dataset/scenarios/X_cross_layer/X1_rain_to_c2loss_to_forced_landing/scene_setup.json,Dataset/scenarios/X_cross_layer/X1_rain_to_c2loss_to_forced_landing/event_script.json,NOT_RUN,,NOT_ESTABLISHED,,,,,,,,NONE_AUTHORIZED_IN_THIS_CANDIDATE,NOT_ADOPTED,PENDING: B if frozen-motion logs; A only if receipt-causal changed motion is adopted,"{'compatibility': 'INCOMPATIBLE_WEATHER_SPATIAL_AND_FORCED_LANDING_GRAPH', 'reason': 'Rain threshold -> station loss -> UAV move -> safe-hold -> descent -> crowd proximity AND predecessor -> recovery/landing. No backup-lock stage; landing occurs with recovery action and crowd-dependent timing.', 'unsupported': ['Station availability.45/.0 and UAV communication-unavailable need an actual radio/station-service mechanism. Rain values alone do not calibrate attenuation.', 'After station loss, forced landing cannot be justified by an invented same-link downlink receipt; explicit actor-local failsafe or viable command path is missing.', 'Crowd reaction requires actual xy-plus-z proximity sustained2ticks and forced_landing_descent predecessor; preserve nine pedestrian actions and their motion, not gateway recovery.']}",
X1_rain_to_c2loss_to_forced_landing__seed01,1,X1_rain_to_c2loss_to_forced_landing,1.6.0,NO_CANDIDATE_ADOPTED,False,UNKNOWN: missing capture-time trajectory/config hashes or original per-artifact receipts,aw_data/render_ready_episodes_capture_filtered/X1_rain_to_c2loss_to_forced_landing__seed01/episode_manifest.json,Dataset/scenarios/X_cross_layer/X1_rain_to_c2loss_to_forced_landing/scene_setup.json,Dataset/scenarios/X_cross_layer/X1_rain_to_c2loss_to_forced_landing/event_script.json,NOT_RUN,,NOT_ESTABLISHED,,,,,,,,NONE_AUTHORIZED_IN_THIS_CANDIDATE,NOT_ADOPTED,PENDING: B if frozen-motion logs; A only if receipt-causal changed motion is adopted,"{'compatibility': 'INCOMPATIBLE_WEATHER_SPATIAL_AND_FORCED_LANDING_GRAPH', 'reason': 'Rain threshold -> station loss -> UAV move -> safe-hold -> descent -> crowd proximity AND predecessor -> recovery/landing. No backup-lock stage; landing occurs with recovery action and crowd-dependent timing.', 'unsupported': ['Station availability.45/.0 and UAV communication-unavailable need an actual radio/station-service mechanism. Rain values alone do not calibrate attenuation.', 'After station loss, forced landing cannot be justified by an invented same-link downlink receipt; explicit actor-local failsafe or viable command path is missing.', 'Crowd reaction requires actual xy-plus-z proximity sustained2ticks and forced_landing_descent predecessor; preserve nine pedestrian actions and their motion, not gateway recovery.']}",
X1_rain_to_c2loss_to_forced_landing__seed02,2,X1_rain_to_c2loss_to_forced_landing,1.6.0,NO_CANDIDATE_ADOPTED,False,UNKNOWN: missing capture-time trajectory/config hashes or original per-artifact receipts,aw_data/render_ready_episodes_capture_filtered/X1_rain_to_c2loss_to_forced_landing__seed02/episode_manifest.json,Dataset/scenarios/X_cross_layer/X1_rain_to_c2loss_to_forced_landing/scene_setup.json,Dataset/scenarios/X_cross_layer/X1_rain_to_c2loss_to_forced_landing/event_script.json,NOT_RUN,,NOT_ESTABLISHED,,,,,,,,NONE_AUTHORIZED_IN_THIS_CANDIDATE,NOT_ADOPTED,PENDING: B if frozen-motion logs; A only if receipt-causal changed motion is adopted,"{'compatibility': 'INCOMPATIBLE_WEATHER_SPATIAL_AND_FORCED_LANDING_GRAPH', 'reason': 'Rain threshold -> station loss -> UAV move -> safe-hold -> descent -> crowd proximity AND predecessor -> recovery/landing. No backup-lock stage; landing occurs with recovery action and crowd-dependent timing.', 'unsupported': ['Station availability.45/.0 and UAV communication-unavailable need an actual radio/station-service mechanism. Rain values alone do not calibrate attenuation.', 'After station loss, forced landing cannot be justified by an invented same-link downlink receipt; explicit actor-local failsafe or viable command path is missing.', 'Crowd reaction requires actual xy-plus-z proximity sustained2ticks and forced_landing_descent predecessor; preserve nine pedestrian actions and their motion, not gateway recovery.']}",
X2_gnss_spoof_to_geofence_violation__seed00,0,X2_gnss_spoof_to_geofence_violation,1.6.0,NO_CANDIDATE_ADOPTED,False,UNKNOWN: missing capture-time trajectory/config hashes or original per-artifact receipts,aw_data/render_ready_episodes_capture_filtered/X2_gnss_spoof_to_geofence_violation__seed00/episode_manifest.json,Dataset/scenarios/X_cross_layer/X2_gnss_spoof_to_geofence_violation/scene_setup.json,Dataset/scenarios/X_cross_layer/X2_gnss_spoof_to_geofence_violation/event_script.json,NOT_RUN,,NOT_ESTABLISHED,,,,,,,,NONE_AUTHORIZED_IN_THIS_CANDIDATE,NOT_ADOPTED,C: no adopted modification; future compute-log profile decision pending,,
X2_gnss_spoof_to_geofence_violation__seed01,1,X2_gnss_spoof_to_geofence_violation,1.6.0,NO_CANDIDATE_ADOPTED,False,UNKNOWN: missing capture-time trajectory/config hashes or original per-artifact receipts,aw_data/render_ready_episodes_capture_filtered/X2_gnss_spoof_to_geofence_violation__seed01/episode_manifest.json,Dataset/scenarios/X_cross_layer/X2_gnss_spoof_to_geofence_violation/scene_setup.json,Dataset/scenarios/X_cross_layer/X2_gnss_spoof_to_geofence_violation/event_script.json,NOT_RUN,,NOT_ESTABLISHED,,,,,,,,NONE_AUTHORIZED_IN_THIS_CANDIDATE,NOT_ADOPTED,C: no adopted modification; future compute-log profile decision pending,,
X2_gnss_spoof_to_geofence_violation__seed02,2,X2_gnss_spoof_to_geofence_violation,1.6.0,NO_CANDIDATE_ADOPTED,False,UNKNOWN: missing capture-time trajectory/config hashes or original per-artifact receipts,aw_data/render_ready_episodes_capture_filtered/X2_gnss_spoof_to_geofence_violation__seed02/episode_manifest.json,Dataset/scenarios/X_cross_layer/X2_gnss_spoof_to_geofence_violation/scene_setup.json,Dataset/scenarios/X_cross_layer/X2_gnss_spoof_to_geofence_violation/event_script.json,NOT_RUN,,NOT_ESTABLISHED,,,,,,,,NONE_AUTHORIZED_IN_THIS_CANDIDATE,NOT_ADOPTED,C: no adopted modification; future compute-log profile decision pending,,
X3_pedestrian_fall_to_emergency_response__seed00,0,X3_pedestrian_fall_to_emergency_response,1.6.0,NO_CANDIDATE_ADOPTED,False,UNKNOWN: missing capture-time trajectory/config hashes or original per-artifact receipts,aw_data/render_ready_episodes_capture_filtered/X3_pedestrian_fall_to_emergency_response__seed00/episode_manifest.json,Dataset/scenarios/X_cross_layer/X3_pedestrian_fall_to_emergency_response/scene_setup.json,Dataset/scenarios/X_cross_layer/X3_pedestrian_fall_to_emergency_response/event_script.json,NOT_RUN,,NOT_ESTABLISHED,,,,,,,,NONE_AUTHORIZED_IN_THIS_CANDIDATE,NOT_ADOPTED,C: no adopted modification; future compute-log profile decision pending,,
X3_pedestrian_fall_to_emergency_response__seed01,1,X3_pedestrian_fall_to_emergency_response,1.6.0,NO_CANDIDATE_ADOPTED,False,UNKNOWN: missing capture-time trajectory/config hashes or original per-artifact receipts,aw_data/render_ready_episodes_capture_filtered/X3_pedestrian_fall_to_emergency_response__seed01/episode_manifest.json,Dataset/scenarios/X_cross_layer/X3_pedestrian_fall_to_emergency_response/scene_setup.json,Dataset/scenarios/X_cross_layer/X3_pedestrian_fall_to_emergency_response/event_script.json,NOT_RUN,,NOT_ESTABLISHED,,,,,,,,NONE_AUTHORIZED_IN_THIS_CANDIDATE,NOT_ADOPTED,C: no adopted modification; future compute-log profile decision pending,,
X3_pedestrian_fall_to_emergency_response__seed02,2,X3_pedestrian_fall_to_emergency_response,1.6.0,NO_CANDIDATE_ADOPTED,False,UNKNOWN: missing capture-time trajectory/config hashes or original per-artifact receipts,aw_data/render_ready_episodes_capture_filtered/X3_pedestrian_fall_to_emergency_response__seed02/episode_manifest.json,Dataset/scenarios/X_cross_layer/X3_pedestrian_fall_to_emergency_response/scene_setup.json,Dataset/scenarios/X_cross_layer/X3_pedestrian_fall_to_emergency_response/event_script.json,NOT_RUN,,NOT_ESTABLISHED,,,,,,,,NONE_AUTHORIZED_IN_THIS_CANDIDATE,NOT_ADOPTED,C: no adopted modification; future compute-log profile decision pending,,
X4_fog_to_uav_conflict__seed00,0,X4_fog_to_uav_conflict,1.6.0,NO_CANDIDATE_ADOPTED,False,UNKNOWN: missing capture-time trajectory/config hashes or original per-artifact receipts,aw_data/render_ready_episodes_capture_filtered/X4_fog_to_uav_conflict__seed00/episode_manifest.json,Dataset/scenarios/X_cross_layer/X4_fog_to_uav_conflict/scene_setup.json,Dataset/scenarios/X_cross_layer/X4_fog_to_uav_conflict/event_script.json,NOT_RUN,,NOT_ESTABLISHED,,,,,,,,NONE_AUTHORIZED_IN_THIS_CANDIDATE,NOT_ADOPTED,C: no adopted modification; future compute-log profile decision pending,,
X4_fog_to_uav_conflict__seed01,1,X4_fog_to_uav_conflict,1.6.0,NO_CANDIDATE_ADOPTED,False,UNKNOWN: missing capture-time trajectory/config hashes or original per-artifact receipts,aw_data/render_ready_episodes_capture_filtered/X4_fog_to_uav_conflict__seed01/episode_manifest.json,Dataset/scenarios/X_cross_layer/X4_fog_to_uav_conflict/scene_setup.json,Dataset/scenarios/X_cross_layer/X4_fog_to_uav_conflict/event_script.json,NOT_RUN,,NOT_ESTABLISHED,,,,,,,,NONE_AUTHORIZED_IN_THIS_CANDIDATE,NOT_ADOPTED,C: no adopted modification; future compute-log profile decision pending,,
X4_fog_to_uav_conflict__seed02,2,X4_fog_to_uav_conflict,1.6.0,NO_CANDIDATE_ADOPTED,False,UNKNOWN: missing capture-time trajectory/config hashes or original per-artifact receipts,aw_data/render_ready_episodes_capture_filtered/X4_fog_to_uav_conflict__seed02/episode_manifest.json,Dataset/scenarios/X_cross_layer/X4_fog_to_uav_conflict/scene_setup.json,Dataset/scenarios/X_cross_layer/X4_fog_to_uav_conflict/event_script.json,NOT_RUN,,NOT_ESTABLISHED,,,,,,,,NONE_AUTHORIZED_IN_THIS_CANDIDATE,NOT_ADOPTED,C: no adopted modification; future compute-log profile decision pending,,
X5_comm_failure_to_pad_contention__seed00,0,X5_comm_failure_to_pad_contention,1.6.0,NO_CANDIDATE_ADOPTED,False,UNKNOWN: missing capture-time trajectory/config hashes or original per-artifact receipts,aw_data/render_ready_episodes_capture_filtered/X5_comm_failure_to_pad_contention__seed00/episode_manifest.json,Dataset/scenarios/X_cross_layer/X5_comm_failure_to_pad_contention/scene_setup.json,Dataset/scenarios/X_cross_layer/X5_comm_failure_to_pad_contention/event_script.json,NOT_RUN,,NOT_ESTABLISHED,,,,,,,,NONE_AUTHORIZED_IN_THIS_CANDIDATE,NOT_ADOPTED,PENDING: B if frozen-motion logs; A only if receipt-causal changed motion is adopted,"{'compatibility': 'INCOMPATIBLE_TWO_ACTORS_PAD_ALLOCATION_AND_SPATIAL_ARBITRATION', 'reason': 'station_failure -> backup_pad_unavailable -> dual_uav_pad_contention -> proximity AND predecessor arbitration -> second_uav_reroute -> station_recovered -> two landings; not one-owner five-stage chain.', 'unsupported': ['Stale/failed pad allocation, request_count/requester_ids and arbitration_winner are authored facility state patches, not actual request/result messages or service receipts. A pad-allocation request/service/response producer is absent.', 'Two independent UAV command paths and executor queues are needed; primary arbitration depends on actual3D proximity<=11.485m for2ticks and contention predecessor.', 'station_unavailable is patched on both UAVs while tower failure is visual; do not pretend these are identical to a simulated gateway shutdown or use the unavailable link to deliver assumed commands.']}",
X5_comm_failure_to_pad_contention__seed01,1,X5_comm_failure_to_pad_contention,1.6.0,NO_CANDIDATE_ADOPTED,False,UNKNOWN: missing capture-time trajectory/config hashes or original per-artifact receipts,aw_data/render_ready_episodes_capture_filtered/X5_comm_failure_to_pad_contention__seed01/episode_manifest.json,Dataset/scenarios/X_cross_layer/X5_comm_failure_to_pad_contention/scene_setup.json,Dataset/scenarios/X_cross_layer/X5_comm_failure_to_pad_contention/event_script.json,NOT_RUN,,NOT_ESTABLISHED,,,,,,,,NONE_AUTHORIZED_IN_THIS_CANDIDATE,NOT_ADOPTED,PENDING: B if frozen-motion logs; A only if receipt-causal changed motion is adopted,"{'compatibility': 'INCOMPATIBLE_TWO_ACTORS_PAD_ALLOCATION_AND_SPATIAL_ARBITRATION', 'reason': 'station_failure -> backup_pad_unavailable -> dual_uav_pad_contention -> proximity AND predecessor arbitration -> second_uav_reroute -> station_recovered -> two landings; not one-owner five-stage chain.', 'unsupported': ['Stale/failed pad allocation, request_count/requester_ids and arbitration_winner are authored facility state patches, not actual request/result messages or service receipts. A pad-allocation request/service/response producer is absent.', 'Two independent UAV command paths and executor queues are needed; primary arbitration depends on actual3D proximity<=11.485m for2ticks and contention predecessor.', 'station_unavailable is patched on both UAVs while tower failure is visual; do not pretend these are identical to a simulated gateway shutdown or use the unavailable link to deliver assumed commands.']}",
X5_comm_failure_to_pad_contention__seed02,2,X5_comm_failure_to_pad_contention,1.6.0,NO_CANDIDATE_ADOPTED,False,UNKNOWN: missing capture-time trajectory/config hashes or original per-artifact receipts,aw_data/render_ready_episodes_capture_filtered/X5_comm_failure_to_pad_contention__seed02/episode_manifest.json,Dataset/scenarios/X_cross_layer/X5_comm_failure_to_pad_contention/scene_setup.json,Dataset/scenarios/X_cross_layer/X5_comm_failure_to_pad_contention/event_script.json,NOT_RUN,,NOT_ESTABLISHED,,,,,,,,NONE_AUTHORIZED_IN_THIS_CANDIDATE,NOT_ADOPTED,PENDING: B if frozen-motion logs; A only if receipt-causal changed motion is adopted,"{'compatibility': 'INCOMPATIBLE_TWO_ACTORS_PAD_ALLOCATION_AND_SPATIAL_ARBITRATION', 'reason': 'station_failure -> backup_pad_unavailable -> dual_uav_pad_contention -> proximity AND predecessor arbitration -> second_uav_reroute -> station_recovered -> two landings; not one-owner five-stage chain.', 'unsupported': ['Stale/failed pad allocation, request_count/requester_ids and arbitration_winner are authored facility state patches, not actual request/result messages or service receipts. A pad-allocation request/service/response producer is absent.', 'Two independent UAV command paths and executor queues are needed; primary arbitration depends on actual3D proximity<=11.485m for2ticks and contention predecessor.', 'station_unavailable is patched on both UAVs while tower failure is visual; do not pretend these are identical to a simulated gateway shutdown or use the unavailable link to deliver assumed commands.']}",
X6_crowd_evacuation_to_airspace_lockdown__seed00,0,X6_crowd_evacuation_to_airspace_lockdown,1.6.0,NO_CANDIDATE_ADOPTED,False,UNKNOWN: missing capture-time trajectory/config hashes or original per-artifact receipts,aw_data/render_ready_episodes_capture_filtered/X6_crowd_evacuation_to_airspace_lockdown__seed00/episode_manifest.json,Dataset/scenarios/X_cross_layer/X6_crowd_evacuation_to_airspace_lockdown/scene_setup.json,Dataset/scenarios/X_cross_layer/X6_crowd_evacuation_to_airspace_lockdown/event_script.json,NOT_RUN,,NOT_ESTABLISHED,,,,,,,,NONE_AUTHORIZED_IN_THIS_CANDIDATE,NOT_ADOPTED,C: no adopted modification; future compute-log profile decision pending,,
X6_crowd_evacuation_to_airspace_lockdown__seed01,1,X6_crowd_evacuation_to_airspace_lockdown,1.6.0,NO_CANDIDATE_ADOPTED,False,UNKNOWN: missing capture-time trajectory/config hashes or original per-artifact receipts,aw_data/render_ready_episodes_capture_filtered/X6_crowd_evacuation_to_airspace_lockdown__seed01/episode_manifest.json,Dataset/scenarios/X_cross_layer/X6_crowd_evacuation_to_airspace_lockdown/scene_setup.json,Dataset/scenarios/X_cross_layer/X6_crowd_evacuation_to_airspace_lockdown/event_script.json,NOT_RUN,,NOT_ESTABLISHED,,,,,,,,NONE_AUTHORIZED_IN_THIS_CANDIDATE,NOT_ADOPTED,C: no adopted modification; future compute-log profile decision pending,,
X6_crowd_evacuation_to_airspace_lockdown__seed02,2,X6_crowd_evacuation_to_airspace_lockdown,1.6.0,NO_CANDIDATE_ADOPTED,False,UNKNOWN: missing capture-time trajectory/config hashes or original per-artifact receipts,aw_data/render_ready_episodes_capture_filtered/X6_crowd_evacuation_to_airspace_lockdown__seed02/episode_manifest.json,Dataset/scenarios/X_cross_layer/X6_crowd_evacuation_to_airspace_lockdown/scene_setup.json,Dataset/scenarios/X_cross_layer/X6_crowd_evacuation_to_airspace_lockdown/event_script.json,NOT_RUN,,NOT_ESTABLISHED,,,,,,,,NONE_AUTHORIZED_IN_THIS_CANDIDATE,NOT_ADOPTED,C: no adopted modification; future compute-log profile decision pending,,
