timestamp,source_id,event_name
0,agent_319569ad,state_changed
0,agent_319569ad,state_changed
0,agent_319569ad,state_changed
0,agent_319569ad,state_changed
0,agent_319569ad,state_changed
0,agent_96619913,state_changed
0,agent_96619913,state_changed
0,agent_96619913,state_changed
0,agent_96619913,state_changed
0,agent_96619913,state_changed
0,agent_96619913,state_changed
0,agent_96619913,collision_risk
0,landing_1,collision_risk
0,agent_140071533566640,state_changed
0,agent_140071533566640,state_changed
0,agent_140071533566640,state_changed
0,agent_140071533566640,state_changed
0,agent_140071533566640,state_changed
0,agent_140071533566640,state_changed
0,agent_140071533566640,state_changed
0,agent_140071533566640,state_changed
0,agent_140071533566640,state_changed
0,agent_140071533566640,state_changed
0,agent_140071533566640,state_changed
0,agent_140071533566640,state_changed
0,agent_140071533566640,state_changed
0,agent_140071533566640,state_changed
0,agent_140071533566640,state_changed
0,agent_140071533566640,state_changed
0,agent_140071533566640,state_changed
0,agent_140071533566640,state_changed
0,agent_140071533566640,state_changed
0,agent_319569ad,drone_registered
0,agent_96619913,drone_registered
0,agent_140071510900352,state_changed
0,agent_140071510900352,state_changed
0,agent_140071510900352,state_changed
0,agent_140071510900352,state_changed
0,agent_140071510900352,state_changed
0,agent_140071510900352,state_changed
0,agent_140071510900352,state_changed
0,agent_140071510900352,state_changed
0,agent_140071510900352,state_changed
0,agent_140071510900352,state_changed
0,agent_140071510900352,state_changed
0,agent_140071510900352,state_changed
0,agent_140071510900352,state_changed
0,agent_140071510900352,state_changed
0,agent_140071510900352,state_changed
0,agent_140071510900352,state_changed
0,agent_140071510900352,state_changed
0,agent_140071510900352,state_changed
0,agent_140071510900352,state_changed
0,agent_319569ad,drone_registered
0,agent_96619913,drone_registered
0,agent_140071511163904,state_changed
0,agent_140071511163904,state_changed
0,agent_140071511163904,state_changed
0,agent_140071511163904,state_changed
0,agent_140071511163904,state_changed
0,agent_140071511163904,state_changed
0,agent_140071511163904,state_changed
0,agent_140071511163904,state_changed
0,agent_140071511163904,state_changed
0,agent_140071511163904,state_changed
0,agent_140071511163904,state_changed
0,agent_140071511163904,state_changed
0,agent_140071511163904,state_changed
0,agent_140071511163904,state_changed
0,agent_140071511163904,state_changed
0,agent_140071511163904,state_changed
0,agent_140071511163904,state_changed
0,agent_140071511163904,state_changed
0,agent_140071511163904,state_changed
0,agent_319569ad,drone_registered
0,agent_96619913,drone_registered
0,agent_140071511296320,state_changed
0,agent_140071511296320,state_changed
0,agent_140071511296320,state_changed
0,agent_140071511296320,state_changed
0,agent_140071511296320,state_changed
0,agent_140071511296320,state_changed
0,agent_140071511296320,state_changed
0,agent_140071511296320,state_changed
0,agent_140071511296320,state_changed
0,agent_140071511296320,state_changed
0,agent_140071511296320,state_changed
0,agent_140071511296320,state_changed
0,agent_140071511296320,state_changed
0,agent_140071511296320,state_changed
0,agent_140071511296320,state_changed
0,agent_140071511296320,state_changed
0,agent_140071511296320,state_changed
0,agent_140071511296320,state_changed
0,agent_140071511296320,state_changed
0,agent_319569ad,drone_registered
0,agent_96619913,drone_registered
0,agent_140071511412352,state_changed
0,agent_140071511412352,state_changed
0,agent_140071511412352,state_changed
0,agent_140071511412352,state_changed
0,agent_140071511412352,state_changed
0,agent_140071511412352,state_changed
0,agent_140071511412352,state_changed
0,agent_140071511412352,state_changed
0,agent_140071511412352,state_changed
0,agent_140071511412352,state_changed
0,agent_140071511412352,state_changed
0,agent_140071511412352,state_changed
0,agent_140071511412352,state_changed
0,agent_140071511412352,state_changed
0,agent_140071511412352,state_changed
0,agent_140071511412352,state_changed
0,agent_140071511412352,state_changed
0,agent_140071511412352,state_changed
0,agent_140071511412352,state_changed
0,agent_319569ad,drone_registered
0,agent_96619913,drone_registered
0,agent_140071509431232,state_changed
0,agent_140071509431232,state_changed
0,agent_140071509431232,state_changed
0,agent_140071509431232,state_changed
0,agent_140071509431232,state_changed
0,agent_140071509431232,state_changed
0,agent_140071509431232,state_changed
0,agent_140071509431232,state_changed
0,agent_140071509431232,state_changed
0,agent_140071509431232,state_changed
0,agent_140071509431232,state_changed
0,agent_140071509431232,state_changed
0,agent_140071509431232,state_changed
0,agent_140071509431232,state_changed
0,agent_140071509431232,state_changed
0,agent_140071509431232,state_changed
0,agent_140071509431232,state_changed
0,agent_140071509431232,state_changed
0,agent_140071509431232,state_changed
0,agent_319569ad,drone_registered
0,agent_96619913,drone_registered
0,agent_140071509481728,state_changed
0,agent_140071509481728,state_changed
0,agent_140071509481728,state_changed
0,agent_140071509481728,state_changed
0,agent_140071509481728,state_changed
0,agent_140071509481728,state_changed
0,agent_140071509481728,state_changed
0,agent_140071509481728,state_changed
0,agent_140071509481728,state_changed
0,agent_140071509481728,state_changed
0,agent_140071509481728,state_changed
0,agent_140071509481728,state_changed
0,agent_140071509481728,state_changed
0,agent_140071509481728,state_changed
0,agent_140071509481728,state_changed
0,agent_140071509481728,state_changed
0,agent_140071509481728,state_changed
0,agent_140071509481728,state_changed
0,agent_140071509481728,state_changed
0,agent_319569ad,drone_registered
0,agent_96619913,drone_registered
0,agent_140071509679680,state_changed
0,agent_140071509679680,state_changed
0,agent_140071509679680,state_changed
0,agent_140071509679680,state_changed
0,agent_140071509679680,state_changed
0,agent_140071509679680,state_changed
0,agent_140071509679680,state_changed
0,agent_140071509679680,state_changed
0,agent_140071509679680,state_changed
0,agent_140071509679680,state_changed
0,agent_140071509679680,state_changed
0,agent_140071509679680,state_changed
0,agent_140071509679680,state_changed
0,agent_140071509679680,state_changed
0,agent_140071509679680,state_changed
0,agent_140071509679680,state_changed
0,agent_140071509679680,state_changed
0,agent_140071509679680,state_changed
0,agent_140071509679680,state_changed
0,agent_319569ad,drone_registered
0,agent_96619913,drone_registered
0,agent_140071509779328,state_changed
0,agent_140071509779328,state_changed
0,agent_140071509779328,state_changed
0,agent_140071509779328,state_changed
0,agent_140071509779328,state_changed
0,agent_140071509779328,state_changed
0,agent_140071509779328,state_changed
0,agent_140071509779328,state_changed
0,agent_140071509779328,state_changed
0,agent_140071509779328,state_changed
0,agent_140071509779328,state_changed
0,agent_140071509779328,state_changed
0,agent_140071509779328,state_changed
0,agent_140071509779328,state_changed
0,agent_140071509779328,state_changed
0,agent_140071509779328,state_changed
0,agent_140071509779328,state_changed
0,agent_140071509779328,state_changed
0,agent_140071509779328,state_changed
0,agent_319569ad,drone_registered
0,agent_96619913,drone_registered
0,agent_140071509895360,state_changed
0,agent_140071509895360,state_changed
0,agent_140071509895360,state_changed
0,agent_140071509895360,state_changed
0,agent_140071509895360,state_changed
0,agent_140071509895360,state_changed
0,agent_140071509895360,state_changed
0,agent_140071509895360,state_changed
0,agent_140071509895360,state_changed
0,agent_140071509895360,state_changed
0,agent_140071509895360,state_changed
0,agent_140071509895360,state_changed
0,agent_140071509895360,state_changed
0,agent_140071509895360,state_changed
0,agent_140071509895360,state_changed
0,agent_140071509895360,state_changed
0,agent_140071509895360,state_changed
0,agent_140071509895360,state_changed
0,agent_140071509895360,state_changed
0,agent_319569ad,drone_registered
0,agent_96619913,drone_registered
0,agent_140071510012928,state_changed
0,agent_140071510012928,state_changed
0,agent_140071510012928,state_changed
0,agent_140071510012928,state_changed
0,agent_140071510012928,state_changed
0,agent_140071510012928,state_changed
0,agent_140071510012928,state_changed
0,agent_140071510012928,state_changed
0,agent_140071510012928,state_changed
0,agent_140071510012928,state_changed
0,agent_140071510012928,state_changed
0,agent_140071510012928,state_changed
0,agent_140071510012928,state_changed
0,agent_140071510012928,state_changed
0,agent_140071510012928,state_changed
0,agent_140071510012928,state_changed
0,agent_140071510012928,state_changed
0,agent_140071510012928,state_changed
0,agent_140071510012928,state_changed
0,agent_319569ad,drone_registered
0,agent_96619913,drone_registered
0,agent_140071510096192,state_changed
0,agent_140071510096192,state_changed
0,agent_140071510096192,state_changed
0,agent_140071510096192,state_changed
0,agent_140071510096192,state_changed
0,agent_140071510096192,state_changed
0,agent_140071510096192,state_changed
0,agent_140071510096192,state_changed
0,agent_140071510096192,state_changed
0,agent_140071510096192,state_changed
0,agent_140071510096192,state_changed
0,agent_140071510096192,state_changed
0,agent_140071510096192,state_changed
0,agent_140071510096192,state_changed
0,agent_140071510096192,state_changed
0,agent_140071510096192,state_changed
0,agent_140071510096192,state_changed
0,agent_140071510096192,state_changed
0,agent_140071510096192,state_changed
0,agent_319569ad,drone_registered
0,agent_96619913,drone_registered
0,agent_140071510195840,state_changed
0,agent_140071510195840,state_changed
0,agent_140071510195840,state_changed
0,agent_140071510195840,state_changed
0,agent_140071510195840,state_changed
0,agent_140071510195840,state_changed
0,agent_140071510195840,state_changed
0,agent_140071510195840,state_changed
0,agent_140071510195840,state_changed
0,agent_140071510195840,state_changed
0,agent_140071510195840,state_changed
0,agent_140071510195840,state_changed
0,agent_140071510195840,state_changed
0,agent_140071510195840,state_changed
0,agent_140071510195840,state_changed
0,agent_140071510195840,state_changed
0,agent_140071510195840,state_changed
0,agent_140071510195840,state_changed
0,agent_140071510195840,state_changed
0,agent_319569ad,drone_registered
0,agent_96619913,drone_registered
0,agent_140071510410240,state_changed
0,agent_140071510410240,state_changed
0,agent_140071510410240,state_changed
0,agent_140071510410240,state_changed
0,agent_140071510410240,state_changed
0,agent_140071510410240,state_changed
0,agent_140071510410240,state_changed
0,agent_140071510410240,state_changed
0,agent_140071510410240,state_changed
0,agent_140071510410240,state_changed
0,agent_140071510410240,state_changed
0,agent_140071510410240,state_changed
0,agent_140071510410240,state_changed
0,agent_140071510410240,state_changed
0,agent_140071510410240,state_changed
0,agent_140071510410240,state_changed
0,agent_140071510410240,state_changed
0,agent_140071510410240,state_changed
0,agent_140071510410240,state_changed
0,agent_319569ad,drone_registered
0,agent_96619913,drone_registered
0,agent_140071508445888,state_changed
0,agent_140071508445888,state_changed
0,agent_140071508445888,state_changed
0,agent_140071508445888,state_changed
0,agent_140071508445888,state_changed
0,agent_140071508445888,state_changed
0,agent_140071508445888,state_changed
0,agent_140071508445888,state_changed
0,agent_140071508445888,state_changed
0,agent_140071508445888,state_changed
0,agent_140071508445888,state_changed
0,agent_140071508445888,state_changed
0,agent_140071508445888,state_changed
0,agent_140071508445888,state_changed
0,agent_140071508445888,state_changed
0,agent_140071508445888,state_changed
0,agent_140071508445888,state_changed
0,agent_140071508445888,state_changed
0,agent_140071508445888,state_changed
0,agent_319569ad,drone_registered
0,agent_96619913,drone_registered
0,agent_140071508545536,state_changed
0,agent_140071508545536,state_changed
0,agent_140071508545536,state_changed
0,agent_140071508545536,state_changed
0,agent_140071508545536,state_changed
0,agent_140071508545536,state_changed
0,agent_140071508545536,state_changed
0,agent_140071508545536,state_changed
0,agent_140071508545536,state_changed
0,agent_140071508545536,state_changed
0,agent_140071508545536,state_changed
0,agent_140071508545536,state_changed
0,agent_140071508545536,state_changed
0,agent_140071508545536,state_changed
0,agent_140071508545536,state_changed
0,agent_140071508545536,state_changed
0,agent_140071508545536,state_changed
0,agent_140071508545536,state_changed
0,agent_140071508545536,state_changed
0,agent_319569ad,drone_registered
0,agent_96619913,drone_registered
0,agent_140071508645184,state_changed
0,agent_140071508645184,state_changed
0,agent_140071508645184,state_changed
0,agent_140071508645184,state_changed
0,agent_140071508645184,state_changed
0,agent_140071508645184,state_changed
0,agent_140071508645184,state_changed
0,agent_140071508645184,state_changed
0,agent_140071508645184,state_changed
0,agent_140071508645184,state_changed
0,agent_140071508645184,state_changed
0,agent_140071508645184,state_changed
0,agent_140071508645184,state_changed
0,agent_140071508645184,state_changed
0,agent_140071508645184,state_changed
0,agent_140071508645184,state_changed
0,agent_140071508645184,state_changed
0,agent_140071508645184,state_changed
0,agent_140071508645184,state_changed
0,agent_319569ad,drone_registered
0,agent_96619913,drone_registered
0,agent_140071508777600,state_changed
0,agent_140071508777600,state_changed
0,agent_140071508777600,state_changed
0,agent_140071508777600,state_changed
0,agent_140071508777600,state_changed
0,agent_140071508777600,state_changed
0,agent_140071508777600,state_changed
0,agent_140071508777600,state_changed
0,agent_140071508777600,state_changed
0,agent_140071508777600,state_changed
0,agent_140071508777600,state_changed
0,agent_140071508777600,state_changed
0,agent_140071508777600,state_changed
0,agent_140071508777600,state_changed
0,agent_140071508777600,state_changed
0,agent_140071508777600,state_changed
0,agent_140071508777600,state_changed
0,agent_140071508777600,state_changed
0,agent_140071508777600,state_changed
0,agent_319569ad,drone_registered
0,agent_96619913,drone_registered
0,agent_140071508877248,state_changed
0,agent_140071508877248,state_changed
0,agent_140071508877248,state_changed
0,agent_140071508877248,state_changed
0,agent_140071508877248,state_changed
0,agent_140071508877248,state_changed
0,agent_140071508877248,state_changed
0,agent_140071508877248,state_changed
0,agent_140071508877248,state_changed
0,agent_140071508877248,state_changed
0,agent_140071508877248,state_changed
0,agent_140071508877248,state_changed
0,agent_140071508877248,state_changed
0,agent_140071508877248,state_changed
0,agent_140071508877248,state_changed
0,agent_140071508877248,state_changed
0,agent_140071508877248,state_changed
0,agent_140071508877248,state_changed
0,agent_140071508877248,state_changed
0,agent_319569ad,drone_registered
0,agent_96619913,drone_registered
0,agent_140071508993280,state_changed
0,agent_140071508993280,state_changed
0,agent_140071508993280,state_changed
0,agent_140071508993280,state_changed
0,agent_140071508993280,state_changed
0,agent_140071508993280,state_changed
0,agent_140071508993280,state_changed
0,agent_140071508993280,state_changed
0,agent_140071508993280,state_changed
0,agent_140071508993280,state_changed
0,agent_140071508993280,state_changed
0,agent_140071508993280,state_changed
0,agent_140071508993280,state_changed
0,agent_140071508993280,state_changed
0,agent_140071508993280,state_changed
0,agent_140071508993280,state_changed
0,agent_140071508993280,state_changed
0,agent_140071508993280,state_changed
0,agent_140071508993280,state_changed
0,agent_319569ad,drone_registered
0,agent_96619913,drone_registered
0,agent_140071509092928,state_changed
0,agent_140071509092928,state_changed
0,agent_140071509092928,state_changed
0,agent_140071509092928,state_changed
0,agent_140071509092928,state_changed
0,agent_140071509092928,state_changed
0,agent_140071509092928,state_changed
0,agent_140071509092928,state_changed
0,agent_140071509092928,state_changed
0,agent_140071509092928,state_changed
0,agent_140071509092928,state_changed
0,agent_140071509092928,state_changed
0,agent_140071509092928,state_changed
0,agent_140071509092928,state_changed
0,agent_140071509092928,state_changed
0,agent_140071509092928,state_changed
0,agent_140071509092928,state_changed
0,agent_140071509092928,state_changed
0,agent_140071509092928,state_changed
0,agent_319569ad,drone_registered
0,agent_96619913,drone_registered
0,agent_140071509208960,state_changed
0,agent_140071509208960,state_changed
0,agent_140071509208960,state_changed
0,agent_140071509208960,state_changed
0,agent_140071509208960,state_changed
0,agent_140071509208960,state_changed
0,agent_140071509208960,state_changed
0,agent_140071509208960,state_changed
0,agent_140071509208960,state_changed
0,agent_140071509208960,state_changed
0,agent_140071509208960,state_changed
0,agent_140071509208960,state_changed
0,agent_140071509208960,state_changed
0,agent_140071509208960,state_changed
0,agent_140071509208960,state_changed
0,agent_140071509208960,state_changed
0,agent_140071509208960,state_changed
0,agent_140071509208960,state_changed
0,agent_140071509208960,state_changed
0,agent_319569ad,drone_registered
0,agent_96619913,drone_registered
0,agent_140071509308608,state_changed
0,agent_140071509308608,state_changed
0,agent_140071509308608,state_changed
0,agent_140071509308608,state_changed
0,agent_140071509308608,state_changed
0,agent_140071509308608,state_changed
0,agent_140071509308608,state_changed
0,agent_140071509308608,state_changed
0,agent_140071509308608,state_changed
0,agent_140071509308608,state_changed
0,agent_140071509308608,state_changed
0,agent_140071509308608,state_changed
0,agent_140071509308608,state_changed
0,agent_140071509308608,state_changed
0,agent_140071509308608,state_changed
0,agent_140071509308608,state_changed
0,agent_140071509308608,state_changed
0,agent_140071509308608,state_changed
0,agent_140071509308608,state_changed
0,agent_319569ad,drone_registered
0,agent_96619913,drone_registered
0,agent_140071507343872,state_changed
0,agent_140071507343872,state_changed
0,agent_140071507343872,state_changed
0,agent_140071507343872,state_changed
0,agent_140071507343872,state_changed
0,agent_140071507343872,state_changed
0,agent_140071507343872,state_changed
0,agent_140071507343872,state_changed
0,agent_140071507343872,state_changed
0,agent_140071507343872,state_changed
0,agent_140071507343872,state_changed
0,agent_140071507343872,state_changed
0,agent_140071507343872,state_changed
0,agent_140071507343872,state_changed
0,agent_140071507343872,state_changed
0,agent_140071507343872,state_changed
0,agent_140071507343872,state_changed
0,agent_140071507343872,state_changed
0,agent_140071507343872,state_changed
0,agent_319569ad,drone_registered
0,agent_96619913,drone_registered
0,agent_140071507443520,state_changed
0,agent_140071507443520,state_changed
0,agent_140071507443520,state_changed
0,agent_140071507443520,state_changed
0,agent_140071507443520,state_changed
0,agent_140071507443520,state_changed
0,agent_140071507443520,state_changed
0,agent_140071507443520,state_changed
0,agent_140071507443520,state_changed
0,agent_140071507443520,state_changed
0,agent_140071507443520,state_changed
0,agent_140071507443520,state_changed
0,agent_140071507443520,state_changed
0,agent_140071507443520,state_changed
0,agent_140071507443520,state_changed
0,agent_140071507443520,state_changed
0,agent_140071507443520,state_changed
0,agent_140071507443520,state_changed
0,agent_140071507443520,state_changed
0,agent_319569ad,drone_registered
0,agent_96619913,drone_registered
0,agent_140071507641584,state_changed
0,agent_140071507641584,state_changed
0,agent_140071507641584,state_changed
0,agent_140071507641584,state_changed
0,agent_140071507641584,state_changed
0,agent_140071507641584,state_changed
0,agent_140071507641584,state_changed
0,agent_140071507641584,state_changed
0,agent_140071507641584,state_changed
0,agent_140071507641584,state_changed
0,agent_140071507641584,state_changed
0,agent_140071507641584,state_changed
0,agent_140071507641584,state_changed
0,agent_140071507641584,state_changed
0,agent_140071507641584,state_changed
0,agent_140071507641584,state_changed
0,agent_140071507641584,state_changed
0,agent_140071507641584,state_changed
0,agent_140071507641584,state_changed
0,agent_319569ad,drone_registered
0,agent_96619913,drone_registered
0,agent_140071507740416,state_changed
0,agent_140071507740416,state_changed
0,agent_140071507740416,state_changed
0,agent_140071507740416,state_changed
0,agent_140071507740416,state_changed
0,agent_140071507740416,state_changed
0,agent_140071507740416,state_changed
0,agent_140071507740416,state_changed
0,agent_140071507740416,state_changed
0,agent_140071507740416,state_changed
0,agent_140071507740416,state_changed
0,agent_140071507740416,state_changed
0,agent_140071507740416,state_changed
0,agent_140071507740416,state_changed
0,agent_140071507740416,state_changed
0,agent_140071507740416,state_changed
0,agent_140071507740416,state_changed
0,agent_140071507740416,state_changed
0,agent_140071507740416,state_changed
0,agent_319569ad,drone_registered
0,agent_96619913,drone_registered
0,agent_140071507856448,state_changed
0,agent_140071507856448,state_changed
0,agent_140071507856448,state_changed
0,agent_140071507856448,state_changed
0,agent_140071507856448,state_changed
0,agent_140071507856448,state_changed
0,agent_140071507856448,state_changed
0,agent_140071507856448,state_changed
0,agent_140071507856448,state_changed
0,agent_140071507856448,state_changed
0,agent_140071507856448,state_changed
0,agent_140071507856448,state_changed
0,agent_140071507856448,state_changed
0,agent_140071507856448,state_changed
0,agent_140071507856448,state_changed
0,agent_140071507856448,state_changed
0,agent_140071507856448,state_changed
0,agent_140071507856448,state_changed
0,agent_140071507856448,state_changed
0,agent_319569ad,drone_registered
0,agent_96619913,drone_registered
0,agent_140071507956096,state_changed
0,agent_140071507956096,state_changed
0,agent_140071507956096,state_changed
0,agent_140071507956096,state_changed
0,agent_140071507956096,state_changed
0,agent_140071507956096,state_changed
0,agent_140071507956096,state_changed
0,agent_140071507956096,state_changed
0,agent_140071507956096,state_changed
0,agent_140071507956096,state_changed
0,agent_140071507956096,state_changed
0,agent_140071507956096,state_changed
0,agent_140071507956096,state_changed
0,agent_140071507956096,state_changed
0,agent_140071507956096,state_changed
0,agent_140071507956096,state_changed
0,agent_140071507956096,state_changed
0,agent_140071507956096,state_changed
0,agent_140071507956096,state_changed
0,agent_319569ad,drone_registered
0,agent_96619913,drone_registered
0,agent_140071508072128,state_changed
0,agent_140071508072128,state_changed
0,agent_140071508072128,state_changed
0,agent_140071508072128,state_changed
0,agent_140071508072128,state_changed
0,agent_140071508072128,state_changed
0,agent_140071508072128,state_changed
0,agent_140071508072128,state_changed
0,agent_140071508072128,state_changed
0,agent_140071508072128,state_changed
0,agent_140071508072128,state_changed
0,agent_140071508072128,state_changed
0,agent_140071508072128,state_changed
0,agent_140071508072128,state_changed
0,agent_140071508072128,state_changed
0,agent_140071508072128,state_changed
0,agent_140071508072128,state_changed
0,agent_140071508072128,state_changed
0,agent_140071508072128,state_changed
0,agent_319569ad,drone_registered
0,agent_96619913,drone_registered
0,agent_140071508155392,state_changed
0,agent_140071508155392,state_changed
0,agent_140071508155392,state_changed
0,agent_140071508155392,state_changed
0,agent_140071508155392,state_changed
0,agent_140071508155392,state_changed
0,agent_140071508155392,state_changed
0,agent_140071508155392,state_changed
0,agent_140071508155392,state_changed
0,agent_140071508155392,state_changed
0,agent_140071508155392,state_changed
0,agent_140071508155392,state_changed
0,agent_140071508155392,state_changed
0,agent_140071508155392,state_changed
0,agent_140071508155392,state_changed
0,agent_140071508155392,state_changed
0,agent_140071508155392,state_changed
0,agent_140071508155392,state_changed
0,agent_140071508155392,state_changed
0,agent_319569ad,drone_registered
0,agent_96619913,drone_registered
0,agent_140071508271424,state_changed
0,agent_140071508271424,state_changed
0,agent_140071508271424,state_changed
0,agent_140071508271424,state_changed
0,agent_140071508271424,state_changed
0,agent_140071508271424,state_changed
0,agent_140071508271424,state_changed
0,agent_140071508271424,state_changed
0,agent_140071508271424,state_changed
0,agent_140071508271424,state_changed
0,agent_140071508271424,state_changed
0,agent_140071508271424,state_changed
0,agent_140071508271424,state_changed
0,agent_140071508271424,state_changed
0,agent_140071508271424,state_changed
0,agent_140071508271424,state_changed
0,agent_140071508271424,state_changed
0,agent_140071508271424,state_changed
0,agent_140071508271424,state_changed
0,agent_319569ad,drone_registered
0,agent_96619913,drone_registered
0,agent_140071506306688,state_changed
0,agent_140071506306688,state_changed
0,agent_140071506306688,state_changed
0,agent_140071506306688,state_changed
0,agent_140071506306688,state_changed
0,agent_140071506306688,state_changed
0,agent_140071506306688,state_changed
0,agent_140071506306688,state_changed
0,agent_140071506306688,state_changed
0,agent_140071506306688,state_changed
0,agent_140071506306688,state_changed
0,agent_140071506306688,state_changed
0,agent_140071506306688,state_changed
0,agent_140071506306688,state_changed
0,agent_140071506306688,state_changed
0,agent_140071506306688,state_changed
0,agent_140071506306688,state_changed
0,agent_140071506306688,state_changed
0,agent_140071506306688,state_changed
0,agent_319569ad,drone_registered
0,agent_96619913,drone_registered
0,agent_140071506439104,state_changed
0,agent_140071506439104,state_changed
0,agent_140071506439104,state_changed
0,agent_140071506439104,state_changed
0,agent_140071506439104,state_changed
0,agent_140071506439104,state_changed
0,agent_140071506439104,state_changed
0,agent_140071506439104,state_changed
0,agent_140071506439104,state_changed
0,agent_140071506439104,state_changed
0,agent_140071506439104,state_changed
0,agent_140071506439104,state_changed
0,agent_140071506439104,state_changed
0,agent_140071506439104,state_changed
0,agent_140071506439104,state_changed
0,agent_140071506439104,state_changed
0,agent_140071506439104,state_changed
0,agent_140071506439104,state_changed
0,agent_140071506439104,state_changed
0,agent_319569ad,drone_registered
0,agent_96619913,drone_registered
0,agent_140071506522368,state_changed
0,agent_140071506522368,state_changed
0,agent_140071506522368,state_changed
0,agent_140071506522368,state_changed
0,agent_140071506522368,state_changed
0,agent_140071506522368,state_changed
0,agent_140071506522368,state_changed
0,agent_140071506522368,state_changed
0,agent_140071506522368,state_changed
0,agent_140071506522368,state_changed
0,agent_140071506522368,state_changed
0,agent_140071506522368,state_changed
0,agent_140071506522368,state_changed
0,agent_140071506522368,state_changed
0,agent_140071506522368,state_changed
0,agent_140071506522368,state_changed
0,agent_140071506522368,state_changed
0,agent_140071506522368,state_changed
0,agent_140071506522368,state_changed
0,agent_319569ad,drone_registered
0,agent_96619913,drone_registered
0,agent_140071506654784,state_changed
0,agent_140071506654784,state_changed
0,agent_140071506654784,state_changed
0,agent_140071506654784,state_changed
0,agent_140071506654784,state_changed
0,agent_140071506654784,state_changed
0,agent_140071506654784,state_changed
0,agent_140071506654784,state_changed
0,agent_140071506654784,state_changed
0,agent_140071506654784,state_changed
0,agent_140071506654784,state_changed
0,agent_140071506654784,state_changed
0,agent_140071506654784,state_changed
0,agent_140071506654784,state_changed
0,agent_140071506654784,state_changed
0,agent_140071506654784,state_changed
0,agent_140071506654784,state_changed
0,agent_140071506654784,state_changed
0,agent_140071506654784,state_changed
0,agent_319569ad,drone_registered
0,agent_96619913,drone_registered
0,agent_140071506754432,state_changed
0,agent_140071506754432,state_changed
0,agent_140071506754432,state_changed
0,agent_140071506754432,state_changed
0,agent_140071506754432,state_changed
0,agent_140071506754432,state_changed
0,agent_140071506754432,state_changed
0,agent_140071506754432,state_changed
0,agent_140071506754432,state_changed
0,agent_140071506754432,state_changed
0,agent_140071506754432,state_changed
0,agent_140071506754432,state_changed
0,agent_140071506754432,state_changed
0,agent_140071506754432,state_changed
0,agent_140071506754432,state_changed
0,agent_140071506754432,state_changed
0,agent_140071506754432,state_changed
0,agent_140071506754432,state_changed
0,agent_140071506754432,state_changed
0,agent_319569ad,drone_registered
0,agent_96619913,drone_registered
0,agent_140071506936064,state_changed
0,agent_140071506936064,state_changed
0,agent_140071506936064,state_changed
0,agent_140071506936064,state_changed
0,agent_140071506936064,state_changed
0,agent_140071506936064,state_changed
0,agent_140071506936064,state_changed
0,agent_140071506936064,state_changed
0,agent_140071506936064,state_changed
0,agent_140071506936064,state_changed
0,agent_140071506936064,state_changed
0,agent_140071506936064,state_changed
0,agent_140071506936064,state_changed
0,agent_140071506936064,state_changed
0,agent_140071506936064,state_changed
0,agent_140071506936064,state_changed
0,agent_140071506936064,state_changed
0,agent_140071506936064,state_changed
0,agent_140071506936064,state_changed
0,agent_319569ad,drone_registered
0,agent_96619913,drone_registered
0,agent_140071507068480,state_changed
0,agent_140071507068480,state_changed
0,agent_140071507068480,state_changed
0,agent_140071507068480,state_changed
0,agent_140071507068480,state_changed
0,agent_140071507068480,state_changed
0,agent_140071507068480,state_changed
0,agent_140071507068480,state_changed
0,agent_140071507068480,state_changed
0,agent_140071507068480,state_changed
0,agent_140071507068480,state_changed
0,agent_140071507068480,state_changed
0,agent_140071507068480,state_changed
0,agent_140071507068480,state_changed
0,agent_140071507068480,state_changed
0,agent_140071507068480,state_changed
0,agent_140071507068480,state_changed
0,agent_140071507068480,state_changed
0,agent_140071507068480,state_changed
0,agent_319569ad,drone_registered
0,agent_96619913,drone_registered
0,agent_140071507168128,state_changed
0,agent_140071507168128,state_changed
0,agent_140071507168128,state_changed
0,agent_140071507168128,state_changed
0,agent_140071507168128,state_changed
0,agent_140071507168128,state_changed
0,agent_140071507168128,state_changed
0,agent_140071507168128,state_changed
0,agent_140071507168128,state_changed
0,agent_140071507168128,state_changed
0,agent_140071507168128,state_changed
0,agent_140071507168128,state_changed
0,agent_140071507168128,state_changed
0,agent_140071507168128,state_changed
0,agent_140071507168128,state_changed
0,agent_140071507168128,state_changed
0,agent_140071507168128,state_changed
0,agent_140071507168128,state_changed
0,agent_140071507168128,state_changed
0,agent_319569ad,drone_registered
0,agent_96619913,drone_registered
0,agent_140071507284160,state_changed
0,agent_140071507284160,state_changed
0,agent_140071507284160,state_changed
0,agent_140071507284160,state_changed
0,agent_140071507284160,state_changed
0,agent_140071507284160,state_changed
0,agent_140071507284160,state_changed
0,agent_140071507284160,state_changed
0,agent_140071507284160,state_changed
0,agent_140071507284160,state_changed
0,agent_140071507284160,state_changed
0,agent_140071507284160,state_changed
0,agent_140071507284160,state_changed
0,agent_140071507284160,state_changed
0,agent_140071507284160,state_changed
0,agent_140071507284160,state_changed
0,agent_140071507284160,state_changed
0,agent_140071507284160,state_changed
0,agent_140071507284160,state_changed
0,agent_319569ad,drone_registered
0,agent_96619913,drone_registered
0,agent_140071505303040,state_changed
0,agent_140071505303040,state_changed
0,agent_140071505303040,state_changed
0,agent_140071505303040,state_changed
0,agent_140071505303040,state_changed
0,agent_140071505303040,state_changed
0,agent_140071505303040,state_changed
0,agent_140071505303040,state_changed
0,agent_140071505303040,state_changed
0,agent_140071505303040,state_changed
0,agent_140071505303040,state_changed
0,agent_140071505303040,state_changed
0,agent_140071505303040,state_changed
0,agent_140071505303040,state_changed
0,agent_140071505303040,state_changed
0,agent_140071505303040,state_changed
0,agent_140071505303040,state_changed
0,agent_140071505303040,state_changed
0,agent_140071505303040,state_changed
0,agent_319569ad,drone_registered
0,agent_96619913,drone_registered
0,agent_140071505386304,state_changed
0,agent_140071505386304,state_changed
0,agent_140071505386304,state_changed
0,agent_140071505386304,state_changed
0,agent_140071505386304,state_changed
0,agent_140071505386304,state_changed
0,agent_140071505386304,state_changed
0,agent_140071505386304,state_changed
0,agent_140071505386304,state_changed
0,agent_140071505386304,state_changed
0,agent_140071505386304,state_changed
0,agent_140071505386304,state_changed
0,agent_140071505386304,state_changed
0,agent_140071505386304,state_changed
0,agent_140071505386304,state_changed
0,agent_140071505386304,state_changed
0,agent_140071505386304,state_changed
0,agent_140071505386304,state_changed
0,agent_140071505386304,state_changed
0,agent_319569ad,drone_registered
0,agent_96619913,drone_registered
0,agent_140071505518720,state_changed
0,agent_140071505518720,state_changed
0,agent_140071505518720,state_changed
0,agent_140071505518720,state_changed
0,agent_140071505518720,state_changed
0,agent_140071505518720,state_changed
0,agent_140071505518720,state_changed
0,agent_140071505518720,state_changed
0,agent_140071505518720,state_changed
0,agent_140071505518720,state_changed
0,agent_140071505518720,state_changed
0,agent_140071505518720,state_changed
0,agent_140071505518720,state_changed
0,agent_140071505518720,state_changed
0,agent_140071505518720,state_changed
0,agent_140071505518720,state_changed
0,agent_140071505518720,state_changed
0,agent_140071505518720,state_changed
0,agent_140071505518720,state_changed
0,agent_319569ad,drone_registered
0,agent_96619913,drone_registered
0,agent_140071505618368,state_changed
0,agent_140071505618368,state_changed
0,agent_140071505618368,state_changed
0,agent_140071505618368,state_changed
0,agent_140071505618368,state_changed
0,agent_140071505618368,state_changed
0,agent_140071505618368,state_changed
0,agent_140071505618368,state_changed
0,agent_140071505618368,state_changed
0,agent_140071505618368,state_changed
0,agent_140071505618368,state_changed
0,agent_140071505618368,state_changed
0,agent_140071505618368,state_changed
0,agent_140071505618368,state_changed
0,agent_140071505618368,state_changed
0,agent_140071505618368,state_changed
0,agent_140071505618368,state_changed
0,agent_140071505618368,state_changed
0,agent_140071505618368,state_changed
0,agent_319569ad,drone_registered
0,agent_96619913,drone_registered
0,agent_140071505734400,state_changed
0,agent_140071505734400,state_changed
0,agent_140071505734400,state_changed
0,agent_140071505734400,state_changed
0,agent_140071505734400,state_changed
0,agent_140071505734400,state_changed
0,agent_140071505734400,state_changed
0,agent_140071505734400,state_changed
0,agent_140071505734400,state_changed
0,agent_140071505734400,state_changed
0,agent_140071505734400,state_changed
0,agent_140071505734400,state_changed
0,agent_140071505734400,state_changed
0,agent_140071505734400,state_changed
0,agent_140071505734400,state_changed
0,agent_140071505734400,state_changed
0,agent_140071505734400,state_changed
0,agent_140071505734400,state_changed
0,agent_140071505734400,state_changed
0,agent_319569ad,drone_registered
0,agent_96619913,drone_registered
0,agent_140071505834048,state_changed
0,agent_140071505834048,state_changed
0,agent_140071505834048,state_changed
0,agent_140071505834048,state_changed
0,agent_140071505834048,state_changed
0,agent_140071505834048,state_changed
0,agent_140071505834048,state_changed
0,agent_140071505834048,state_changed
0,agent_140071505834048,state_changed
0,agent_140071505834048,state_changed
0,agent_140071505834048,state_changed
0,agent_140071505834048,state_changed
0,agent_140071505834048,state_changed
0,agent_140071505834048,state_changed
0,agent_140071505834048,state_changed
0,agent_140071505834048,state_changed
0,agent_140071505834048,state_changed
0,agent_140071505834048,state_changed
0,agent_140071505834048,state_changed
0,agent_319569ad,drone_registered
0,agent_96619913,drone_registered
0,agent_140071505933744,state_changed
0,agent_140071505933744,state_changed
0,agent_140071505933744,state_changed
0,agent_140071505933744,state_changed
0,agent_140071505933744,state_changed
0,agent_140071505933744,state_changed
0,agent_140071505933744,state_changed
0,agent_140071505933744,state_changed
0,agent_140071505933744,state_changed
0,agent_140071505933744,state_changed
0,agent_140071505933744,state_changed
0,agent_140071505933744,state_changed
0,agent_140071505933744,state_changed
0,agent_140071505933744,state_changed
0,agent_140071505933744,state_changed
0,agent_140071505933744,state_changed
0,agent_140071505933744,state_changed
0,agent_140071505933744,state_changed
0,agent_140071505933744,state_changed
0,agent_319569ad,drone_registered
0,agent_96619913,drone_registered
0,agent_140071506033392,state_changed
0,agent_140071506033392,state_changed
0,agent_140071506033392,state_changed
0,agent_140071506033392,state_changed
0,agent_140071506033392,state_changed
0,agent_140071506033392,state_changed
0,agent_140071506033392,state_changed
0,agent_140071506033392,state_changed
0,agent_140071506033392,state_changed
0,agent_140071506033392,state_changed
0,agent_140071506033392,state_changed
0,agent_140071506033392,state_changed
0,agent_140071506033392,state_changed
0,agent_140071506033392,state_changed
0,agent_140071506033392,state_changed
0,agent_140071506033392,state_changed
0,agent_140071506033392,state_changed
0,agent_140071506033392,state_changed
0,agent_140071506033392,state_changed
0,agent_319569ad,drone_registered
0,agent_96619913,drone_registered
0,agent_140071506215024,state_changed
0,agent_140071506215024,state_changed
0,agent_140071506215024,state_changed
0,agent_140071506215024,state_changed
0,agent_140071506215024,state_changed
0,agent_140071506215024,state_changed
0,agent_140071506215024,state_changed
0,agent_140071506215024,state_changed
0,agent_140071506215024,state_changed
0,agent_140071506215024,state_changed
0,agent_140071506215024,state_changed
0,agent_140071506215024,state_changed
0,agent_140071506215024,state_changed
0,agent_140071506215024,state_changed
0,agent_140071506215024,state_changed
0,agent_140071506215024,state_changed
0,agent_140071506215024,state_changed
0,agent_140071506215024,state_changed
0,agent_140071506215024,state_changed
0,agent_319569ad,drone_registered
0,agent_96619913,drone_registered
0,agent_140071504250288,state_changed
0,agent_140071504250288,state_changed
0,agent_140071504250288,state_changed
0,agent_140071504250288,state_changed
0,agent_140071504250288,state_changed
0,agent_140071504250288,state_changed
0,agent_140071504250288,state_changed
0,agent_140071504250288,state_changed
0,agent_140071504250288,state_changed
0,agent_140071504250288,state_changed
0,agent_140071504250288,state_changed
0,agent_140071504250288,state_changed
0,agent_140071504250288,state_changed
0,agent_140071504250288,state_changed
0,agent_140071504250288,state_changed
0,agent_140071504250288,state_changed
0,agent_140071504250288,state_changed
0,agent_140071504250288,state_changed
0,agent_140071504250288,state_changed
0,agent_319569ad,drone_registered
0,agent_96619913,drone_registered
0,agent_140071504382704,state_changed
0,agent_140071504382704,state_changed
0,agent_140071504382704,state_changed
0,agent_140071504382704,state_changed
0,agent_140071504382704,state_changed
0,agent_140071504382704,state_changed
0,agent_140071504382704,state_changed
0,agent_140071504382704,state_changed
0,agent_140071504382704,state_changed
0,agent_140071504382704,state_changed
0,agent_140071504382704,state_changed
0,agent_140071504382704,state_changed
0,agent_140071504382704,state_changed
0,agent_140071504382704,state_changed
0,agent_140071504382704,state_changed
0,agent_140071504382704,state_changed
0,agent_140071504382704,state_changed
0,agent_140071504382704,state_changed
0,agent_140071504382704,state_changed
0,agent_319569ad,drone_registered
0,agent_96619913,drone_registered
0,agent_140071504482352,state_changed
0,agent_140071504482352,state_changed
0,agent_140071504482352,state_changed
0,agent_140071504482352,state_changed
0,agent_140071504482352,state_changed
0,agent_140071504482352,state_changed
0,agent_140071504482352,state_changed
0,agent_140071504482352,state_changed
0,agent_140071504482352,state_changed
0,agent_140071504482352,state_changed
0,agent_140071504482352,state_changed
0,agent_140071504482352,state_changed
0,agent_140071504482352,state_changed
0,agent_140071504482352,state_changed
0,agent_140071504482352,state_changed
0,agent_140071504482352,state_changed
0,agent_140071504482352,state_changed
0,agent_140071504482352,state_changed
0,agent_140071504482352,state_changed
0,agent_319569ad,drone_registered
0,agent_96619913,drone_registered
0,agent_140071504582000,state_changed
0,agent_140071504582000,state_changed
0,agent_140071504582000,state_changed
0,agent_140071504582000,state_changed
0,agent_140071504582000,state_changed
0,agent_140071504582000,state_changed
0,agent_140071504582000,state_changed
0,agent_140071504582000,state_changed
0,agent_140071504582000,state_changed
0,agent_140071504582000,state_changed
0,agent_140071504582000,state_changed
0,agent_140071504582000,state_changed
0,agent_140071504582000,state_changed
0,agent_140071504582000,state_changed
0,agent_140071504582000,state_changed
0,agent_140071504582000,state_changed
0,agent_140071504582000,state_changed
0,agent_140071504582000,state_changed
0,agent_140071504582000,state_changed
0,agent_319569ad,drone_registered
0,agent_96619913,drone_registered
0,agent_140071504714848,state_changed
0,agent_140071504714848,state_changed
0,agent_140071504714848,state_changed
0,agent_140071504714848,state_changed
0,agent_140071504714848,state_changed
0,agent_140071504714848,state_changed
0,agent_140071504714848,state_changed
0,agent_140071504714848,state_changed
0,agent_140071504714848,state_changed
0,agent_140071504714848,state_changed
0,agent_140071504714848,state_changed
0,agent_140071504714848,state_changed
0,agent_140071504714848,state_changed
0,agent_140071504714848,state_changed
0,agent_140071504714848,state_changed
0,agent_140071504714848,state_changed
0,agent_140071504714848,state_changed
0,agent_140071504714848,state_changed
0,agent_140071504714848,state_changed
0,agent_319569ad,drone_registered
0,agent_96619913,drone_registered
0,agent_140071504847264,state_changed
0,agent_140071504847264,state_changed
0,agent_140071504847264,state_changed
0,agent_140071504847264,state_changed
0,agent_140071504847264,state_changed
0,agent_140071504847264,state_changed
0,agent_140071504847264,state_changed
0,agent_140071504847264,state_changed
0,agent_140071504847264,state_changed
0,agent_140071504847264,state_changed
0,agent_140071504847264,state_changed
0,agent_140071504847264,state_changed
0,agent_140071504847264,state_changed
0,agent_140071504847264,state_changed
0,agent_140071504847264,state_changed
0,agent_140071504847264,state_changed
0,agent_140071504847264,state_changed
0,agent_140071504847264,state_changed
0,agent_140071504847264,state_changed
0,agent_319569ad,drone_registered
0,agent_96619913,drone_registered
0,agent_140071504914144,state_changed
0,agent_140071504914144,state_changed
0,agent_140071504914144,state_changed
0,agent_140071504914144,state_changed
0,agent_140071504914144,state_changed
0,agent_140071504914144,state_changed
0,agent_140071504914144,state_changed
0,agent_140071504914144,state_changed
0,agent_140071504914144,state_changed
0,agent_140071504914144,state_changed
0,agent_140071504914144,state_changed
0,agent_140071504914144,state_changed
0,agent_140071504914144,state_changed
0,agent_140071504914144,state_changed
0,agent_140071504914144,state_changed
0,agent_140071504914144,state_changed
0,agent_140071504914144,state_changed
0,agent_140071504914144,state_changed
0,agent_140071504914144,state_changed
0,agent_319569ad,drone_registered
0,agent_96619913,drone_registered
0,agent_140071505030176,state_changed
0,agent_140071505030176,state_changed
0,agent_140071505030176,state_changed
0,agent_140071505030176,state_changed
0,agent_140071505030176,state_changed
0,agent_140071505030176,state_changed
0,agent_140071505030176,state_changed
0,agent_140071505030176,state_changed
0,agent_140071505030176,state_changed
0,agent_140071505030176,state_changed
0,agent_140071505030176,state_changed
0,agent_140071505030176,state_changed
0,agent_140071505030176,state_changed
0,agent_140071505030176,state_changed
0,agent_140071505030176,state_changed
0,agent_140071505030176,state_changed
0,agent_140071505030176,state_changed
0,agent_140071505030176,state_changed
0,agent_140071505030176,state_changed
0,agent_319569ad,drone_registered
0,agent_96619913,drone_registered
0,agent_140071505129824,state_changed
0,agent_140071505129824,state_changed
0,agent_140071505129824,state_changed
0,agent_140071505129824,state_changed
0,agent_140071505129824,state_changed
0,agent_140071505129824,state_changed
0,agent_140071505129824,state_changed
0,agent_140071505129824,state_changed
0,agent_140071505129824,state_changed
0,agent_140071505129824,state_changed
0,agent_140071505129824,state_changed
0,agent_140071505129824,state_changed
0,agent_140071505129824,state_changed
0,agent_140071505129824,state_changed
0,agent_140071505129824,state_changed
0,agent_140071505129824,state_changed
0,agent_140071505129824,state_changed
0,agent_140071505129824,state_changed
0,agent_140071505129824,state_changed
0,agent_319569ad,drone_registered
0,agent_96619913,drone_registered
0,agent_140071503148704,state_changed
0,agent_140071503148704,state_changed
0,agent_140071503148704,state_changed
0,agent_140071503148704,state_changed
0,agent_140071503148704,state_changed
0,agent_140071503148704,state_changed
0,agent_140071503148704,state_changed
0,agent_140071503148704,state_changed
0,agent_140071503148704,state_changed
0,agent_140071503148704,state_changed
0,agent_140071503148704,state_changed
0,agent_140071503148704,state_changed
0,agent_140071503148704,state_changed
0,agent_140071503148704,state_changed
0,agent_140071503148704,state_changed
0,agent_140071503148704,state_changed
0,agent_140071503148704,state_changed
0,agent_140071503148704,state_changed
0,agent_140071503148704,state_changed
0,agent_319569ad,drone_registered
0,agent_96619913,drone_registered
0,agent_140071503281120,state_changed
0,agent_140071503281120,state_changed
0,agent_140071503281120,state_changed
0,agent_140071503281120,state_changed
0,agent_140071503281120,state_changed
0,agent_140071503281120,state_changed
0,agent_140071503281120,state_changed
0,agent_140071503281120,state_changed
0,agent_140071503281120,state_changed
0,agent_140071503281120,state_changed
0,agent_140071503281120,state_changed
0,agent_140071503281120,state_changed
0,agent_140071503281120,state_changed
0,agent_140071503281120,state_changed
0,agent_140071503281120,state_changed
0,agent_140071503281120,state_changed
0,agent_140071503281120,state_changed
0,agent_140071503281120,state_changed
0,agent_140071503281120,state_changed
0,agent_319569ad,drone_registered
0,agent_96619913,drone_registered
0,agent_140071503479136,state_changed
0,agent_140071503479136,state_changed
0,agent_140071503479136,state_changed
0,agent_140071503479136,state_changed
0,agent_140071503479136,state_changed
0,agent_140071503479136,state_changed
0,agent_140071503479136,state_changed
0,agent_140071503479136,state_changed
0,agent_140071503479136,state_changed
0,agent_140071503479136,state_changed
0,agent_140071503479136,state_changed
0,agent_140071503479136,state_changed
0,agent_140071503479136,state_changed
0,agent_140071503479136,state_changed
0,agent_140071503479136,state_changed
0,agent_140071503479136,state_changed
0,agent_140071503479136,state_changed
0,agent_140071503479136,state_changed
0,agent_140071503479136,state_changed
0,agent_319569ad,drone_registered
0,agent_96619913,drone_registered
0,agent_140071503595168,state_changed
0,agent_140071503595168,state_changed
0,agent_140071503595168,state_changed
0,agent_140071503595168,state_changed
0,agent_140071503595168,state_changed
0,agent_140071503595168,state_changed
0,agent_140071503595168,state_changed
0,agent_140071503595168,state_changed
0,agent_140071503595168,state_changed
0,agent_140071503595168,state_changed
0,agent_140071503595168,state_changed
0,agent_140071503595168,state_changed
0,agent_140071503595168,state_changed
0,agent_140071503595168,state_changed
0,agent_140071503595168,state_changed
0,agent_140071503595168,state_changed
0,agent_140071503595168,state_changed
0,agent_140071503595168,state_changed
0,agent_140071503595168,state_changed
0,agent_319569ad,drone_registered
0,agent_96619913,drone_registered
0,agent_140071503662048,state_changed
0,agent_140071503662048,state_changed
0,agent_140071503662048,state_changed
0,agent_140071503662048,state_changed
0,agent_140071503662048,state_changed
0,agent_140071503662048,state_changed
0,agent_140071503662048,state_changed
0,agent_140071503662048,state_changed
0,agent_140071503662048,state_changed
0,agent_140071503662048,state_changed
0,agent_140071503662048,state_changed
0,agent_140071503662048,state_changed
0,agent_140071503662048,state_changed
0,agent_140071503662048,state_changed
0,agent_140071503662048,state_changed
0,agent_140071503662048,state_changed
0,agent_140071503662048,state_changed
0,agent_140071503662048,state_changed
0,agent_140071503662048,state_changed
0,agent_319569ad,drone_registered
0,agent_96619913,drone_registered
0,agent_140071503794464,state_changed
0,agent_140071503794464,state_changed
0,agent_140071503794464,state_changed
0,agent_140071503794464,state_changed
0,agent_140071503794464,state_changed
0,agent_140071503794464,state_changed
0,agent_140071503794464,state_changed
0,agent_140071503794464,state_changed
0,agent_140071503794464,state_changed
0,agent_140071503794464,state_changed
0,agent_140071503794464,state_changed
0,agent_140071503794464,state_changed
0,agent_140071503794464,state_changed
0,agent_140071503794464,state_changed
0,agent_140071503794464,state_changed
0,agent_140071503794464,state_changed
0,agent_140071503794464,state_changed
0,agent_140071503794464,state_changed
0,agent_140071503794464,state_changed
0,agent_319569ad,drone_registered
0,agent_96619913,drone_registered
0,agent_140071503894112,state_changed
0,agent_140071503894112,state_changed
0,agent_140071503894112,state_changed
0,agent_140071503894112,state_changed
0,agent_140071503894112,state_changed
0,agent_140071503894112,state_changed
0,agent_140071503894112,state_changed
0,agent_140071503894112,state_changed
0,agent_140071503894112,state_changed
0,agent_140071503894112,state_changed
0,agent_140071503894112,state_changed
0,agent_140071503894112,state_changed
0,agent_140071503894112,state_changed
0,agent_140071503894112,state_changed
0,agent_140071503894112,state_changed
0,agent_140071503894112,state_changed
0,agent_140071503894112,state_changed
0,agent_140071503894112,state_changed
0,agent_140071503894112,state_changed
0,agent_319569ad,drone_registered
0,agent_96619913,drone_registered
0,agent_140071504010144,state_changed
0,agent_140071504010144,state_changed
0,agent_140071504010144,state_changed
0,agent_140071504010144,state_changed
0,agent_140071504010144,state_changed
0,agent_140071504010144,state_changed
0,agent_140071504010144,state_changed
0,agent_140071504010144,state_changed
0,agent_140071504010144,state_changed
0,agent_140071504010144,state_changed
0,agent_140071504010144,state_changed
0,agent_140071504010144,state_changed
0,agent_140071504010144,state_changed
0,agent_140071504010144,state_changed
0,agent_140071504010144,state_changed
0,agent_140071504010144,state_changed
0,agent_140071504010144,state_changed
0,agent_140071504010144,state_changed
0,agent_140071504010144,state_changed
0,agent_319569ad,drone_registered
0,agent_96619913,drone_registered
0,agent_140071504142560,state_changed
0,agent_140071504142560,state_changed
0,agent_140071504142560,state_changed
0,agent_140071504142560,state_changed
0,agent_140071504142560,state_changed
0,agent_140071504142560,state_changed
0,agent_140071504142560,state_changed
0,agent_140071504142560,state_changed
0,agent_140071504142560,state_changed
0,agent_140071504142560,state_changed
0,agent_140071504142560,state_changed
0,agent_140071504142560,state_changed
0,agent_140071504142560,state_changed
0,agent_140071504142560,state_changed
0,agent_140071504142560,state_changed
0,agent_140071504142560,state_changed
0,agent_140071504142560,state_changed
0,agent_140071504142560,state_changed
0,agent_140071504142560,state_changed
0,agent_319569ad,drone_registered
0,agent_96619913,drone_registered
0,agent_140071502161440,state_changed
0,agent_140071502161440,state_changed
0,agent_140071502161440,state_changed
0,agent_140071502161440,state_changed
0,agent_140071502161440,state_changed
0,agent_140071502161440,state_changed
0,agent_140071502161440,state_changed
0,agent_140071502161440,state_changed
0,agent_140071502161440,state_changed
0,agent_140071502161440,state_changed
0,agent_140071502161440,state_changed
0,agent_140071502161440,state_changed
0,agent_140071502161440,state_changed
0,agent_140071502161440,state_changed
0,agent_140071502161440,state_changed
0,agent_140071502161440,state_changed
0,agent_140071502161440,state_changed
0,agent_140071502161440,state_changed
0,agent_140071502161440,state_changed
0,agent_319569ad,drone_registered
0,agent_96619913,drone_registered
0,agent_140071502277472,state_changed
0,agent_140071502277472,state_changed
0,agent_140071502277472,state_changed
0,agent_140071502277472,state_changed
0,agent_140071502277472,state_changed
0,agent_140071502277472,state_changed
0,agent_140071502277472,state_changed
0,agent_140071502277472,state_changed
0,agent_140071502277472,state_changed
0,agent_140071502277472,state_changed
0,agent_140071502277472,state_changed
0,agent_140071502277472,state_changed
0,agent_140071502277472,state_changed
0,agent_140071502277472,state_changed
0,agent_140071502277472,state_changed
0,agent_140071502277472,state_changed
0,agent_140071502277472,state_changed
0,agent_140071502277472,state_changed
0,agent_140071502277472,state_changed
0,agent_319569ad,drone_registered
0,agent_96619913,drone_registered
0,agent_140071502360736,state_changed
0,agent_140071502360736,state_changed
0,agent_140071502360736,state_changed
0,agent_140071502360736,state_changed
0,agent_140071502360736,state_changed
0,agent_140071502360736,state_changed
0,agent_140071502360736,state_changed
0,agent_140071502360736,state_changed
0,agent_140071502360736,state_changed
0,agent_140071502360736,state_changed
0,agent_140071502360736,state_changed
0,agent_140071502360736,state_changed
0,agent_140071502360736,state_changed
0,agent_140071502360736,state_changed
0,agent_140071502360736,state_changed
0,agent_140071502360736,state_changed
0,agent_140071502360736,state_changed
0,agent_140071502360736,state_changed
0,agent_140071502360736,state_changed
0,agent_319569ad,drone_registered
0,agent_96619913,drone_registered
0,agent_140071502460384,state_changed
0,agent_140071502460384,state_changed
0,agent_140071502460384,state_changed
0,agent_140071502460384,state_changed
0,agent_140071502460384,state_changed
0,agent_140071502460384,state_changed
0,agent_140071502460384,state_changed
0,agent_140071502460384,state_changed
0,agent_140071502460384,state_changed
0,agent_140071502460384,state_changed
0,agent_140071502460384,state_changed
0,agent_140071502460384,state_changed
0,agent_140071502460384,state_changed
0,agent_140071502460384,state_changed
0,agent_140071502460384,state_changed
0,agent_140071502460384,state_changed
0,agent_140071502460384,state_changed
0,agent_140071502460384,state_changed
0,agent_140071502460384,state_changed
0,agent_319569ad,drone_registered
0,agent_96619913,drone_registered
0,agent_140071502576416,state_changed
0,agent_140071502576416,state_changed
0,agent_140071502576416,state_changed
0,agent_140071502576416,state_changed
0,agent_140071502576416,state_changed
0,agent_140071502576416,state_changed
0,agent_140071502576416,state_changed
0,agent_140071502576416,state_changed
0,agent_140071502576416,state_changed
0,agent_140071502576416,state_changed
0,agent_140071502576416,state_changed
0,agent_140071502576416,state_changed
0,agent_140071502576416,state_changed
0,agent_140071502576416,state_changed
0,agent_140071502576416,state_changed
0,agent_140071502576416,state_changed
0,agent_140071502576416,state_changed
0,agent_140071502576416,state_changed
0,agent_140071502576416,state_changed
0,agent_319569ad,drone_registered
0,agent_96619913,drone_registered
0,agent_140071502790816,state_changed
0,agent_140071502790816,state_changed
0,agent_140071502790816,state_changed
0,agent_140071502790816,state_changed
0,agent_140071502790816,state_changed
0,agent_140071502790816,state_changed
0,agent_140071502790816,state_changed
0,agent_140071502790816,state_changed
0,agent_140071502790816,state_changed
0,agent_140071502790816,state_changed
0,agent_140071502790816,state_changed
0,agent_140071502790816,state_changed
0,agent_140071502790816,state_changed
0,agent_140071502790816,state_changed
0,agent_140071502790816,state_changed
0,agent_140071502790816,state_changed
0,agent_140071502790816,state_changed
0,agent_140071502790816,state_changed
0,agent_140071502790816,state_changed
0,agent_319569ad,drone_registered
0,agent_96619913,drone_registered
0,agent_140071502874080,state_changed
0,agent_140071502874080,state_changed
0,agent_140071502874080,state_changed
0,agent_140071502874080,state_changed
0,agent_140071502874080,state_changed
0,agent_140071502874080,state_changed
0,agent_140071502874080,state_changed
0,agent_140071502874080,state_changed
0,agent_140071502874080,state_changed
0,agent_140071502874080,state_changed
0,agent_140071502874080,state_changed
0,agent_140071502874080,state_changed
0,agent_140071502874080,state_changed
0,agent_140071502874080,state_changed
0,agent_140071502874080,state_changed
0,agent_140071502874080,state_changed
0,agent_140071502874080,state_changed
0,agent_140071502874080,state_changed
0,agent_140071502874080,state_changed
0,agent_319569ad,drone_registered
0,agent_96619913,drone_registered
0,agent_140071502973728,state_changed
0,agent_140071502973728,state_changed
0,agent_140071502973728,state_changed
0,agent_140071502973728,state_changed
0,agent_140071502973728,state_changed
0,agent_140071502973728,state_changed
0,agent_140071502973728,state_changed
0,agent_140071502973728,state_changed
0,agent_140071502973728,state_changed
0,agent_140071502973728,state_changed
0,agent_140071502973728,state_changed
0,agent_140071502973728,state_changed
0,agent_140071502973728,state_changed
0,agent_140071502973728,state_changed
0,agent_140071502973728,state_changed
0,agent_140071502973728,state_changed
0,agent_140071502973728,state_changed
0,agent_140071502973728,state_changed
0,agent_140071502973728,state_changed
0,agent_319569ad,drone_registered
0,agent_96619913,drone_registered
0,agent_140071503106528,state_changed
0,agent_140071503106528,state_changed
0,agent_140071503106528,state_changed
0,agent_140071503106528,state_changed
0,agent_140071503106528,state_changed
0,agent_140071503106528,state_changed
0,agent_140071503106528,state_changed
0,agent_140071503106528,state_changed
0,agent_140071503106528,state_changed
0,agent_140071503106528,state_changed
0,agent_140071503106528,state_changed
0,agent_140071503106528,state_changed
0,agent_140071503106528,state_changed
0,agent_140071503106528,state_changed
0,agent_140071503106528,state_changed
0,agent_140071503106528,state_changed
0,agent_140071503106528,state_changed
0,agent_140071503106528,state_changed
0,agent_140071503106528,state_changed
0,agent_319569ad,drone_registered
0,agent_96619913,drone_registered
0,agent_140071501125408,state_changed
0,agent_140071501125408,state_changed
0,agent_140071501125408,state_changed
0,agent_140071501125408,state_changed
0,agent_140071501125408,state_changed
0,agent_140071501125408,state_changed
0,agent_140071501125408,state_changed
0,agent_140071501125408,state_changed
0,agent_140071501125408,state_changed
0,agent_140071501125408,state_changed
0,agent_140071501125408,state_changed
0,agent_140071501125408,state_changed
0,agent_140071501125408,state_changed
0,agent_140071501125408,state_changed
0,agent_140071501125408,state_changed
0,agent_140071501125408,state_changed
0,agent_140071501125408,state_changed
0,agent_140071501125408,state_changed
0,agent_140071501125408,state_changed
0,agent_319569ad,drone_registered
0,agent_96619913,drone_registered
0,agent_140071501241440,state_changed
0,agent_140071501241440,state_changed
0,agent_140071501241440,state_changed
0,agent_140071501241440,state_changed
0,agent_140071501241440,state_changed
0,agent_140071501241440,state_changed
0,agent_140071501241440,state_changed
0,agent_140071501241440,state_changed
0,agent_140071501241440,state_changed
0,agent_140071501241440,state_changed
0,agent_140071501241440,state_changed
0,agent_140071501241440,state_changed
0,agent_140071501241440,state_changed
0,agent_140071501241440,state_changed
0,agent_140071501241440,state_changed
0,agent_140071501241440,state_changed
0,agent_140071501241440,state_changed
0,agent_140071501241440,state_changed
0,agent_140071501241440,state_changed
0,agent_319569ad,drone_registered
0,agent_96619913,drone_registered
0,agent_140071501341088,state_changed
0,agent_140071501341088,state_changed
0,agent_140071501341088,state_changed
0,agent_140071501341088,state_changed
0,agent_140071501341088,state_changed
0,agent_140071501341088,state_changed
0,agent_140071501341088,state_changed
0,agent_140071501341088,state_changed
0,agent_140071501341088,state_changed
0,agent_140071501341088,state_changed
0,agent_140071501341088,state_changed
0,agent_140071501341088,state_changed
0,agent_140071501341088,state_changed
0,agent_140071501341088,state_changed
0,agent_140071501341088,state_changed
0,agent_140071501341088,state_changed
0,agent_140071501341088,state_changed
0,agent_140071501341088,state_changed
0,agent_140071501341088,state_changed
0,agent_319569ad,drone_registered
0,agent_96619913,drone_registered
0,agent_140071501440736,state_changed
0,agent_140071501440736,state_changed
0,agent_140071501440736,state_changed
0,agent_140071501440736,state_changed
0,agent_140071501440736,state_changed
0,agent_140071501440736,state_changed
0,agent_140071501440736,state_changed
0,agent_140071501440736,state_changed
0,agent_140071501440736,state_changed
0,agent_140071501440736,state_changed
0,agent_140071501440736,state_changed
0,agent_140071501440736,state_changed
0,agent_140071501440736,state_changed
0,agent_140071501440736,state_changed
0,agent_140071501440736,state_changed
0,agent_140071501440736,state_changed
0,agent_140071501440736,state_changed
0,agent_140071501440736,state_changed
0,agent_140071501440736,state_changed
0,agent_319569ad,drone_registered
0,agent_96619913,drone_registered
0,agent_140071501556768,state_changed
0,agent_140071501556768,state_changed
0,agent_140071501556768,state_changed
0,agent_140071501556768,state_changed
0,agent_140071501556768,state_changed
0,agent_140071501556768,state_changed
0,agent_140071501556768,state_changed
0,agent_140071501556768,state_changed
0,agent_140071501556768,state_changed
0,agent_140071501556768,state_changed
0,agent_140071501556768,state_changed
0,agent_140071501556768,state_changed
0,agent_140071501556768,state_changed
0,agent_140071501556768,state_changed
0,agent_140071501556768,state_changed
0,agent_140071501556768,state_changed
0,agent_140071501556768,state_changed
0,agent_140071501556768,state_changed
0,agent_140071501556768,state_changed
0,agent_319569ad,drone_registered
0,agent_96619913,drone_registered
0,agent_140071501640032,state_changed
0,agent_140071501640032,state_changed
0,agent_140071501640032,state_changed
0,agent_140071501640032,state_changed
0,agent_140071501640032,state_changed
0,agent_140071501640032,state_changed
0,agent_140071501640032,state_changed
0,agent_140071501640032,state_changed
0,agent_140071501640032,state_changed
0,agent_140071501640032,state_changed
0,agent_140071501640032,state_changed
0,agent_140071501640032,state_changed
0,agent_140071501640032,state_changed
0,agent_140071501640032,state_changed
0,agent_140071501640032,state_changed
0,agent_140071501640032,state_changed
0,agent_140071501640032,state_changed
0,agent_140071501640032,state_changed
0,agent_140071501640032,state_changed
0,agent_319569ad,drone_registered
0,agent_96619913,drone_registered
0,agent_140071501805216,state_changed
0,agent_140071501805216,state_changed
0,agent_140071501805216,state_changed
0,agent_140071501805216,state_changed
0,agent_140071501805216,state_changed
0,agent_140071501805216,state_changed
0,agent_140071501805216,state_changed
0,agent_140071501805216,state_changed
0,agent_140071501805216,state_changed
0,agent_140071501805216,state_changed
0,agent_140071501805216,state_changed
0,agent_140071501805216,state_changed
0,agent_140071501805216,state_changed
0,agent_140071501805216,state_changed
0,agent_140071501805216,state_changed
0,agent_140071501805216,state_changed
0,agent_140071501805216,state_changed
0,agent_140071501805216,state_changed
0,agent_140071501805216,state_changed
0,agent_319569ad,drone_registered
0,agent_96619913,drone_registered
0,agent_140071501888480,state_changed
0,agent_140071501888480,state_changed
0,agent_140071501888480,state_changed
0,agent_140071501888480,state_changed
0,agent_140071501888480,state_changed
0,agent_140071501888480,state_changed
0,agent_140071501888480,state_changed
0,agent_140071501888480,state_changed
0,agent_140071501888480,state_changed
0,agent_140071501888480,state_changed
0,agent_140071501888480,state_changed
0,agent_140071501888480,state_changed
0,agent_140071501888480,state_changed
0,agent_140071501888480,state_changed
0,agent_140071501888480,state_changed
0,agent_140071501888480,state_changed
0,agent_140071501888480,state_changed
0,agent_140071501888480,state_changed
0,agent_140071501888480,state_changed
0,agent_319569ad,drone_registered
0,agent_96619913,drone_registered
0,agent_140071500005728,state_changed
0,agent_140071500005728,state_changed
0,agent_140071500005728,state_changed
0,agent_140071500005728,state_changed
0,agent_140071500005728,state_changed
0,agent_140071500005728,state_changed
0,agent_140071500005728,state_changed
0,agent_140071500005728,state_changed
0,agent_140071500005728,state_changed
0,agent_140071500005728,state_changed
0,agent_140071500005728,state_changed
0,agent_140071500005728,state_changed
0,agent_140071500005728,state_changed
0,agent_140071500005728,state_changed
0,agent_140071500005728,state_changed
0,agent_140071500005728,state_changed
0,agent_140071500005728,state_changed
0,agent_140071500005728,state_changed
0,agent_140071500005728,state_changed
0,agent_319569ad,drone_registered
0,agent_96619913,drone_registered
0,agent_140071500105376,state_changed
0,agent_140071500105376,state_changed
0,agent_140071500105376,state_changed
0,agent_140071500105376,state_changed
0,agent_140071500105376,state_changed
0,agent_140071500105376,state_changed
0,agent_140071500105376,state_changed
0,agent_140071500105376,state_changed
0,agent_140071500105376,state_changed
0,agent_140071500105376,state_changed
0,agent_140071500105376,state_changed
0,agent_140071500105376,state_changed
0,agent_140071500105376,state_changed
0,agent_140071500105376,state_changed
0,agent_140071500105376,state_changed
0,agent_140071500105376,state_changed
0,agent_140071500105376,state_changed
0,agent_140071500105376,state_changed
0,agent_140071500105376,state_changed
0,agent_319569ad,drone_registered
0,agent_96619913,drone_registered
0,agent_140071500237792,state_changed
0,agent_140071500237792,state_changed
0,agent_140071500237792,state_changed
0,agent_140071500237792,state_changed
0,agent_140071500237792,state_changed
0,agent_140071500237792,state_changed
0,agent_140071500237792,state_changed
0,agent_140071500237792,state_changed
0,agent_140071500237792,state_changed
0,agent_140071500237792,state_changed
0,agent_140071500237792,state_changed
0,agent_140071500237792,state_changed
0,agent_140071500237792,state_changed
0,agent_140071500237792,state_changed
0,agent_140071500237792,state_changed
0,agent_140071500237792,state_changed
0,agent_140071500237792,state_changed
0,agent_140071500237792,state_changed
0,agent_140071500237792,state_changed
0,agent_319569ad,drone_registered
0,agent_96619913,drone_registered
0,agent_140071500337440,state_changed
0,agent_140071500337440,state_changed
0,agent_140071500337440,state_changed
0,agent_140071500337440,state_changed
0,agent_140071500337440,state_changed
0,agent_140071500337440,state_changed
0,agent_140071500337440,state_changed
0,agent_140071500337440,state_changed
0,agent_140071500337440,state_changed
0,agent_140071500337440,state_changed
0,agent_140071500337440,state_changed
0,agent_140071500337440,state_changed
0,agent_140071500337440,state_changed
0,agent_140071500337440,state_changed
0,agent_140071500337440,state_changed
0,agent_140071500337440,state_changed
0,agent_140071500337440,state_changed
0,agent_140071500337440,state_changed
0,agent_140071500337440,state_changed
0,agent_319569ad,drone_registered
0,agent_96619913,drone_registered
0,agent_140071500437088,state_changed
0,agent_140071500437088,state_changed
0,agent_140071500437088,state_changed
0,agent_140071500437088,state_changed
0,agent_140071500437088,state_changed
0,agent_140071500437088,state_changed
0,agent_140071500437088,state_changed
0,agent_140071500437088,state_changed
0,agent_140071500437088,state_changed
0,agent_140071500437088,state_changed
0,agent_140071500437088,state_changed
0,agent_140071500437088,state_changed
0,agent_140071500437088,state_changed
0,agent_140071500437088,state_changed
0,agent_140071500437088,state_changed
0,agent_140071500437088,state_changed
0,agent_140071500437088,state_changed
0,agent_140071500437088,state_changed
0,agent_140071500437088,state_changed
0,agent_319569ad,drone_registered
0,agent_96619913,drone_registered
0,agent_140071500569504,state_changed
0,agent_140071500569504,state_changed
0,agent_140071500569504,state_changed
0,agent_140071500569504,state_changed
0,agent_140071500569504,state_changed
0,agent_140071500569504,state_changed
0,agent_140071500569504,state_changed
0,agent_140071500569504,state_changed
0,agent_140071500569504,state_changed
0,agent_140071500569504,state_changed
0,agent_140071500569504,state_changed
0,agent_140071500569504,state_changed
0,agent_140071500569504,state_changed
0,agent_140071500569504,state_changed
0,agent_140071500569504,state_changed
0,agent_140071500569504,state_changed
0,agent_140071500569504,state_changed
0,agent_140071500569504,state_changed
0,agent_140071500569504,state_changed
0,agent_319569ad,drone_registered
0,agent_96619913,drone_registered
0,agent_140071500653152,state_changed
0,agent_140071500653152,state_changed
0,agent_140071500653152,state_changed
0,agent_140071500653152,state_changed
0,agent_140071500653152,state_changed
0,agent_140071500653152,state_changed
0,agent_140071500653152,state_changed
0,agent_140071500653152,state_changed
0,agent_140071500653152,state_changed
0,agent_140071500653152,state_changed
0,agent_140071500653152,state_changed
0,agent_140071500653152,state_changed
0,agent_140071500653152,state_changed
0,agent_140071500653152,state_changed
0,agent_140071500653152,state_changed
0,agent_140071500653152,state_changed
0,agent_140071500653152,state_changed
0,agent_140071500653152,state_changed
0,agent_140071500653152,state_changed
0,agent_319569ad,drone_registered
0,agent_96619913,drone_registered
0,agent_140071500769184,state_changed
0,agent_140071500769184,state_changed
0,agent_140071500769184,state_changed
0,agent_140071500769184,state_changed
0,agent_140071500769184,state_changed
0,agent_140071500769184,state_changed
0,agent_140071500769184,state_changed
0,agent_140071500769184,state_changed
0,agent_140071500769184,state_changed
0,agent_140071500769184,state_changed
0,agent_140071500769184,state_changed
0,agent_140071500769184,state_changed
0,agent_140071500769184,state_changed
0,agent_140071500769184,state_changed
0,agent_140071500769184,state_changed
0,agent_140071500769184,state_changed
0,agent_140071500769184,state_changed
0,agent_140071500769184,state_changed
0,agent_140071500769184,state_changed
0,agent_319569ad,drone_registered
0,agent_96619913,drone_registered
0,agent_140071500868832,state_changed
0,agent_140071500868832,state_changed
0,agent_140071500868832,state_changed
0,agent_140071500868832,state_changed
0,agent_140071500868832,state_changed
0,agent_140071500868832,state_changed
0,agent_140071500868832,state_changed
0,agent_140071500868832,state_changed
0,agent_140071500868832,state_changed
0,agent_140071500868832,state_changed
0,agent_140071500868832,state_changed
0,agent_140071500868832,state_changed
0,agent_140071500868832,state_changed
0,agent_140071500868832,state_changed
0,agent_140071500868832,state_changed
0,agent_140071500868832,state_changed
0,agent_140071500868832,state_changed
0,agent_140071500868832,state_changed
0,agent_140071500868832,state_changed
0,agent_319569ad,drone_registered
0,agent_96619913,drone_registered
0,agent_140071500952096,state_changed
0,agent_140071500952096,state_changed
0,agent_140071500952096,state_changed
0,agent_140071500952096,state_changed
0,agent_140071500952096,state_changed
0,agent_140071500952096,state_changed
0,agent_140071500952096,state_changed
0,agent_140071500952096,state_changed
0,agent_140071500952096,state_changed
0,agent_140071500952096,state_changed
0,agent_140071500952096,state_changed
0,agent_140071500952096,state_changed
0,agent_140071500952096,state_changed
0,agent_140071500952096,state_changed
0,agent_140071500952096,state_changed
0,agent_140071500952096,state_changed
0,agent_140071500952096,state_changed
0,agent_140071500952096,state_changed
0,agent_140071500952096,state_changed
0,agent_319569ad,drone_registered
0,agent_96619913,drone_registered
0,agent_140071499003744,state_changed
0,agent_140071499003744,state_changed
0,agent_140071499003744,state_changed
0,agent_140071499003744,state_changed
0,agent_140071499003744,state_changed
0,agent_140071499003744,state_changed
0,agent_140071499003744,state_changed
0,agent_140071499003744,state_changed
0,agent_140071499003744,state_changed
0,agent_140071499003744,state_changed
0,agent_140071499003744,state_changed
0,agent_140071499003744,state_changed
0,agent_140071499003744,state_changed
0,agent_140071499003744,state_changed
0,agent_140071499003744,state_changed
0,agent_140071499003744,state_changed
0,agent_140071499003744,state_changed
0,agent_140071499003744,state_changed
0,agent_140071499003744,state_changed
0,agent_319569ad,drone_registered
0,agent_96619913,drone_registered
0,agent_140071499103392,state_changed
0,agent_140071499103392,state_changed
0,agent_140071499103392,state_changed
0,agent_140071499103392,state_changed
0,agent_140071499103392,state_changed
0,agent_140071499103392,state_changed
0,agent_140071499103392,state_changed
0,agent_140071499103392,state_changed
0,agent_140071499103392,state_changed
0,agent_140071499103392,state_changed
0,agent_140071499103392,state_changed
0,agent_140071499103392,state_changed
0,agent_140071499103392,state_changed
0,agent_140071499103392,state_changed
0,agent_140071499103392,state_changed
0,agent_140071499103392,state_changed
0,agent_140071499103392,state_changed
0,agent_140071499103392,state_changed
0,agent_140071499103392,state_changed
0,agent_319569ad,drone_registered
0,agent_96619913,drone_registered
0,agent_140071499285024,state_changed
0,agent_140071499285024,state_changed
0,agent_140071499285024,state_changed
0,agent_140071499285024,state_changed
0,agent_140071499285024,state_changed
0,agent_140071499285024,state_changed
0,agent_140071499285024,state_changed
0,agent_140071499285024,state_changed
0,agent_140071499285024,state_changed
0,agent_140071499285024,state_changed
0,agent_140071499285024,state_changed
0,agent_140071499285024,state_changed
0,agent_140071499285024,state_changed
0,agent_140071499285024,state_changed
0,agent_140071499285024,state_changed
0,agent_140071499285024,state_changed
0,agent_140071499285024,state_changed
0,agent_140071499285024,state_changed
0,agent_140071499285024,state_changed
0,agent_319569ad,drone_registered
0,agent_96619913,drone_registered
0,agent_140071499417440,state_changed
0,agent_140071499417440,state_changed
0,agent_140071499417440,state_changed
0,agent_140071499417440,state_changed
0,agent_140071499417440,state_changed
0,agent_140071499417440,state_changed
0,agent_140071499417440,state_changed
0,agent_140071499417440,state_changed
0,agent_140071499417440,state_changed
0,agent_140071499417440,state_changed
0,agent_140071499417440,state_changed
0,agent_140071499417440,state_changed
0,agent_140071499417440,state_changed
0,agent_140071499417440,state_changed
0,agent_140071499417440,state_changed
0,agent_140071499417440,state_changed
0,agent_140071499417440,state_changed
0,agent_140071499417440,state_changed
0,agent_140071499417440,state_changed
0,agent_319569ad,drone_registered
0,agent_96619913,drone_registered
0,agent_140071499533472,state_changed
0,agent_140071499533472,state_changed
0,agent_140071499533472,state_changed
0,agent_140071499533472,state_changed
0,agent_140071499533472,state_changed
0,agent_140071499533472,state_changed
0,agent_140071499533472,state_changed
0,agent_140071499533472,state_changed
0,agent_140071499533472,state_changed
0,agent_140071499533472,state_changed
0,agent_140071499533472,state_changed
0,agent_140071499533472,state_changed
0,agent_140071499533472,state_changed
0,agent_140071499533472,state_changed
0,agent_140071499533472,state_changed
0,agent_140071499533472,state_changed
0,agent_140071499533472,state_changed
0,agent_140071499533472,state_changed
0,agent_140071499533472,state_changed
0,agent_319569ad,drone_registered
0,agent_96619913,drone_registered
0,agent_140071499633120,state_changed
0,agent_140071499633120,state_changed
0,agent_140071499633120,state_changed
0,agent_140071499633120,state_changed
0,agent_140071499633120,state_changed
0,agent_140071499633120,state_changed
0,agent_140071499633120,state_changed
0,agent_140071499633120,state_changed
0,agent_140071499633120,state_changed
0,agent_140071499633120,state_changed
0,agent_140071499633120,state_changed
0,agent_140071499633120,state_changed
0,agent_140071499633120,state_changed
0,agent_140071499633120,state_changed
0,agent_140071499633120,state_changed
0,agent_140071499633120,state_changed
0,agent_140071499633120,state_changed
0,agent_140071499633120,state_changed
0,agent_140071499633120,state_changed
0,agent_319569ad,drone_registered
0,agent_96619913,drone_registered
0,agent_140071499749152,state_changed
0,agent_140071499749152,state_changed
0,agent_140071499749152,state_changed
0,agent_140071499749152,state_changed
0,agent_140071499749152,state_changed
0,agent_140071499749152,state_changed
0,agent_140071499749152,state_changed
0,agent_140071499749152,state_changed
0,agent_140071499749152,state_changed
0,agent_140071499749152,state_changed
0,agent_140071499749152,state_changed
0,agent_140071499749152,state_changed
0,agent_140071499749152,state_changed
0,agent_140071499749152,state_changed
0,agent_140071499749152,state_changed
0,agent_140071499749152,state_changed
0,agent_140071499749152,state_changed
0,agent_140071499749152,state_changed
0,agent_140071499749152,state_changed
0,agent_319569ad,drone_registered
0,agent_96619913,drone_registered
0,agent_140071499848800,state_changed
0,agent_140071499848800,state_changed
0,agent_140071499848800,state_changed
0,agent_140071499848800,state_changed
0,agent_140071499848800,state_changed
0,agent_140071499848800,state_changed
0,agent_140071499848800,state_changed
0,agent_140071499848800,state_changed
0,agent_140071499848800,state_changed
0,agent_140071499848800,state_changed
0,agent_140071499848800,state_changed
0,agent_140071499848800,state_changed
0,agent_140071499848800,state_changed
0,agent_140071499848800,state_changed
0,agent_140071499848800,state_changed
0,agent_140071499848800,state_changed
0,agent_140071499848800,state_changed
0,agent_140071499848800,state_changed
0,agent_140071499848800,state_changed
0,agent_319569ad,drone_registered
0,agent_96619913,drone_registered
0,agent_140071499932064,state_changed
0,agent_140071499932064,state_changed
0,agent_140071499932064,state_changed
0,agent_140071499932064,state_changed
0,agent_140071499932064,state_changed
0,agent_140071499932064,state_changed
0,agent_140071499932064,state_changed
0,agent_140071499932064,state_changed
0,agent_140071499932064,state_changed
0,agent_140071499932064,state_changed
0,agent_140071499932064,state_changed
0,agent_140071499932064,state_changed
0,agent_140071499932064,state_changed
0,agent_140071499932064,state_changed
0,agent_140071499932064,state_changed
0,agent_140071499932064,state_changed
0,agent_140071499932064,state_changed
0,agent_140071499932064,state_changed
0,agent_140071499932064,state_changed
0,agent_319569ad,drone_registered
0,agent_96619913,drone_registered
0,agent_140071497983712,state_changed
0,agent_140071497983712,state_changed
0,agent_140071497983712,state_changed
0,agent_140071497983712,state_changed
0,agent_140071497983712,state_changed
0,agent_140071497983712,state_changed
0,agent_140071497983712,state_changed
0,agent_140071497983712,state_changed
0,agent_140071497983712,state_changed
0,agent_140071497983712,state_changed
0,agent_140071497983712,state_changed
0,agent_140071497983712,state_changed
0,agent_140071497983712,state_changed
0,agent_140071497983712,state_changed
0,agent_140071497983712,state_changed
0,agent_140071497983712,state_changed
0,agent_140071497983712,state_changed
0,agent_140071497983712,state_changed
0,agent_140071497983712,state_changed
0,agent_319569ad,drone_registered
0,agent_96619913,drone_registered
0,agent_140071498099744,state_changed
0,agent_140071498099744,state_changed
0,agent_140071498099744,state_changed
0,agent_140071498099744,state_changed
0,agent_140071498099744,state_changed
0,agent_140071498099744,state_changed
0,agent_140071498099744,state_changed
0,agent_140071498099744,state_changed
0,agent_140071498099744,state_changed
0,agent_140071498099744,state_changed
0,agent_140071498099744,state_changed
0,agent_140071498099744,state_changed
0,agent_140071498099744,state_changed
0,agent_140071498099744,state_changed
0,agent_140071498099744,state_changed
0,agent_140071498099744,state_changed
0,agent_140071498099744,state_changed
0,agent_140071498099744,state_changed
0,agent_140071498099744,state_changed
0,agent_319569ad,drone_registered
0,agent_96619913,drone_registered
0,agent_140071498215776,state_changed
0,agent_140071498215776,state_changed
0,agent_140071498215776,state_changed
0,agent_140071498215776,state_changed
0,agent_140071498215776,state_changed
0,agent_140071498215776,state_changed
0,agent_140071498215776,state_changed
0,agent_140071498215776,state_changed
0,agent_140071498215776,state_changed
0,agent_140071498215776,state_changed
0,agent_140071498215776,state_changed
0,agent_140071498215776,state_changed
0,agent_140071498215776,state_changed
0,agent_140071498215776,state_changed
0,agent_140071498215776,state_changed
0,agent_140071498215776,state_changed
0,agent_140071498215776,state_changed
0,agent_140071498215776,state_changed
0,agent_140071498215776,state_changed
0,agent_319569ad,drone_registered
0,agent_96619913,drone_registered
0,agent_140071498299040,state_changed
0,agent_140071498299040,state_changed
0,agent_140071498299040,state_changed
0,agent_140071498299040,state_changed
0,agent_140071498299040,state_changed
0,agent_140071498299040,state_changed
0,agent_140071498299040,state_changed
0,agent_140071498299040,state_changed
0,agent_140071498299040,state_changed
0,agent_140071498299040,state_changed
0,agent_140071498299040,state_changed
0,agent_140071498299040,state_changed
0,agent_140071498299040,state_changed
0,agent_140071498299040,state_changed
0,agent_140071498299040,state_changed
0,agent_140071498299040,state_changed
0,agent_140071498299040,state_changed
0,agent_140071498299040,state_changed
0,agent_140071498299040,state_changed
0,agent_319569ad,drone_registered
0,agent_96619913,drone_registered
0,agent_140071498398688,state_changed
0,agent_140071498398688,state_changed
0,agent_140071498398688,state_changed
0,agent_140071498398688,state_changed
0,agent_140071498398688,state_changed
0,agent_140071498398688,state_changed
0,agent_140071498398688,state_changed
0,agent_140071498398688,state_changed
0,agent_140071498398688,state_changed
0,agent_140071498398688,state_changed
0,agent_140071498398688,state_changed
0,agent_140071498398688,state_changed
0,agent_140071498398688,state_changed
0,agent_140071498398688,state_changed
0,agent_140071498398688,state_changed
0,agent_140071498398688,state_changed
0,agent_140071498398688,state_changed
0,agent_140071498398688,state_changed
0,agent_140071498398688,state_changed
0,agent_319569ad,drone_registered
0,agent_96619913,drone_registered
0,agent_140071498580320,state_changed
0,agent_140071498580320,state_changed
0,agent_140071498580320,state_changed
0,agent_140071498580320,state_changed
0,agent_140071498580320,state_changed
0,agent_140071498580320,state_changed
0,agent_140071498580320,state_changed
0,agent_140071498580320,state_changed
0,agent_140071498580320,state_changed
0,agent_140071498580320,state_changed
0,agent_140071498580320,state_changed
0,agent_140071498580320,state_changed
0,agent_140071498580320,state_changed
0,agent_140071498580320,state_changed
0,agent_140071498580320,state_changed
0,agent_140071498580320,state_changed
0,agent_140071498580320,state_changed
0,agent_140071498580320,state_changed
0,agent_140071498580320,state_changed
0,agent_319569ad,drone_registered
0,agent_96619913,drone_registered
0,agent_140071498729120,state_changed
0,agent_140071498729120,state_changed
0,agent_140071498729120,state_changed
0,agent_140071498729120,state_changed
0,agent_140071498729120,state_changed
0,agent_140071498729120,state_changed
0,agent_140071498729120,state_changed
0,agent_140071498729120,state_changed
0,agent_140071498729120,state_changed
0,agent_140071498729120,state_changed
0,agent_140071498729120,state_changed
0,agent_140071498729120,state_changed
0,agent_140071498729120,state_changed
0,agent_140071498729120,state_changed
0,agent_140071498729120,state_changed
0,agent_140071498729120,state_changed
0,agent_140071498729120,state_changed
0,agent_140071498729120,state_changed
0,agent_140071498729120,state_changed
0,agent_319569ad,drone_registered
0,agent_96619913,drone_registered
0,agent_140071498812384,state_changed
0,agent_140071498812384,state_changed
0,agent_140071498812384,state_changed
0,agent_140071498812384,state_changed
0,agent_140071498812384,state_changed
0,agent_140071498812384,state_changed
0,agent_140071498812384,state_changed
0,agent_140071498812384,state_changed
0,agent_140071498812384,state_changed
0,agent_140071498812384,state_changed
0,agent_140071498812384,state_changed
0,agent_140071498812384,state_changed
0,agent_140071498812384,state_changed
0,agent_140071498812384,state_changed
0,agent_140071498812384,state_changed
0,agent_140071498812384,state_changed
0,agent_140071498812384,state_changed
0,agent_140071498812384,state_changed
0,agent_140071498812384,state_changed
0,agent_319569ad,drone_registered
0,agent_96619913,drone_registered
0,agent_140071496847648,state_changed
0,agent_140071496847648,state_changed
0,agent_140071496847648,state_changed
0,agent_140071496847648,state_changed
0,agent_140071496847648,state_changed
0,agent_140071496847648,state_changed
0,agent_140071496847648,state_changed
0,agent_140071496847648,state_changed
0,agent_140071496847648,state_changed
0,agent_140071496847648,state_changed
0,agent_140071496847648,state_changed
0,agent_140071496847648,state_changed
0,agent_140071496847648,state_changed
0,agent_140071496847648,state_changed
0,agent_140071496847648,state_changed
0,agent_140071496847648,state_changed
0,agent_140071496847648,state_changed
0,agent_140071496847648,state_changed
0,agent_140071496847648,state_changed
0,agent_319569ad,drone_registered
0,agent_96619913,drone_registered
0,agent_140071496963680,state_changed
0,agent_140071496963680,state_changed
0,agent_140071496963680,state_changed
0,agent_140071496963680,state_changed
0,agent_140071496963680,state_changed
0,agent_140071496963680,state_changed
0,agent_140071496963680,state_changed
0,agent_140071496963680,state_changed
0,agent_140071496963680,state_changed
0,agent_140071496963680,state_changed
0,agent_140071496963680,state_changed
0,agent_140071496963680,state_changed
0,agent_140071496963680,state_changed
0,agent_140071496963680,state_changed
0,agent_140071496963680,state_changed
0,agent_140071496963680,state_changed
0,agent_140071496963680,state_changed
0,agent_140071496963680,state_changed
0,agent_140071496963680,state_changed
0,agent_319569ad,drone_registered
0,agent_96619913,drone_registered
0,agent_140071497063328,state_changed
0,agent_140071497063328,state_changed
0,agent_140071497063328,state_changed
0,agent_140071497063328,state_changed
0,agent_140071497063328,state_changed
0,agent_140071497063328,state_changed
0,agent_140071497063328,state_changed
0,agent_140071497063328,state_changed
0,agent_140071497063328,state_changed
0,agent_140071497063328,state_changed
0,agent_140071497063328,state_changed
0,agent_140071497063328,state_changed
0,agent_140071497063328,state_changed
0,agent_140071497063328,state_changed
0,agent_140071497063328,state_changed
0,agent_140071497063328,state_changed
0,agent_140071497063328,state_changed
0,agent_140071497063328,state_changed
0,agent_140071497063328,state_changed
0,agent_319569ad,drone_registered
0,agent_96619913,drone_registered
0,agent_140071497195744,state_changed
0,agent_140071497195744,state_changed
0,agent_140071497195744,state_changed
0,agent_140071497195744,state_changed
0,agent_140071497195744,state_changed
0,agent_140071497195744,state_changed
0,agent_140071497195744,state_changed
0,agent_140071497195744,state_changed
0,agent_140071497195744,state_changed
0,agent_140071497195744,state_changed
0,agent_140071497195744,state_changed
0,agent_140071497195744,state_changed
0,agent_140071497195744,state_changed
0,agent_140071497195744,state_changed
0,agent_140071497195744,state_changed
0,agent_140071497195744,state_changed
0,agent_140071497195744,state_changed
0,agent_140071497195744,state_changed
0,agent_140071497195744,state_changed
0,agent_319569ad,drone_registered
0,agent_96619913,drone_registered
0,agent_140071497311776,state_changed
0,agent_140071497311776,state_changed
0,agent_140071497311776,state_changed
0,agent_140071497311776,state_changed
0,agent_140071497311776,state_changed
0,agent_140071497311776,state_changed
0,agent_140071497311776,state_changed
0,agent_140071497311776,state_changed
0,agent_140071497311776,state_changed
0,agent_140071497311776,state_changed
0,agent_140071497311776,state_changed
0,agent_140071497311776,state_changed
0,agent_140071497311776,state_changed
0,agent_140071497311776,state_changed
0,agent_140071497311776,state_changed
0,agent_140071497311776,state_changed
0,agent_140071497311776,state_changed
0,agent_140071497311776,state_changed
0,agent_140071497311776,state_changed
0,agent_319569ad,drone_registered
0,agent_96619913,drone_registered
0,agent_140071497395040,state_changed
0,agent_140071497395040,state_changed
0,agent_140071497395040,state_changed
0,agent_140071497395040,state_changed
0,agent_140071497395040,state_changed
0,agent_140071497395040,state_changed
0,agent_140071497395040,state_changed
0,agent_140071497395040,state_changed
0,agent_140071497395040,state_changed
0,agent_140071497395040,state_changed
0,agent_140071497395040,state_changed
0,agent_140071497395040,state_changed
0,agent_140071497395040,state_changed
0,agent_140071497395040,state_changed
0,agent_140071497395040,state_changed
0,agent_140071497395040,state_changed
0,agent_140071497395040,state_changed
0,agent_140071497395040,state_changed
0,agent_140071497395040,state_changed
0,agent_319569ad,drone_registered
0,agent_96619913,drone_registered
0,agent_140071497527456,state_changed
0,agent_140071497527456,state_changed
0,agent_140071497527456,state_changed
0,agent_140071497527456,state_changed
0,agent_140071497527456,state_changed
0,agent_140071497527456,state_changed
0,agent_140071497527456,state_changed
0,agent_140071497527456,state_changed
0,agent_140071497527456,state_changed
0,agent_140071497527456,state_changed
0,agent_140071497527456,state_changed
0,agent_140071497527456,state_changed
0,agent_140071497527456,state_changed
0,agent_140071497527456,state_changed
0,agent_140071497527456,state_changed
0,agent_140071497527456,state_changed
0,agent_140071497527456,state_changed
0,agent_140071497527456,state_changed
0,agent_140071497527456,state_changed
0,agent_319569ad,drone_registered
0,agent_96619913,drone_registered
0,agent_140071497627104,state_changed
0,agent_140071497627104,state_changed
0,agent_140071497627104,state_changed
0,agent_140071497627104,state_changed
0,agent_140071497627104,state_changed
0,agent_140071497627104,state_changed
0,agent_140071497627104,state_changed
0,agent_140071497627104,state_changed
0,agent_140071497627104,state_changed
0,agent_140071497627104,state_changed
0,agent_140071497627104,state_changed
0,agent_140071497627104,state_changed
0,agent_140071497627104,state_changed
0,agent_140071497627104,state_changed
0,agent_140071497627104,state_changed
0,agent_140071497627104,state_changed
0,agent_140071497627104,state_changed
0,agent_140071497627104,state_changed
0,agent_140071497627104,state_changed
0,agent_319569ad,drone_registered
0,agent_96619913,drone_registered
0,agent_140071497710368,state_changed
0,agent_140071497710368,state_changed
0,agent_140071497710368,state_changed
0,agent_140071497710368,state_changed
0,agent_140071497710368,state_changed
0,agent_140071497710368,state_changed
0,agent_140071497710368,state_changed
0,agent_140071497710368,state_changed
0,agent_140071497710368,state_changed
0,agent_140071497710368,state_changed
0,agent_140071497710368,state_changed
0,agent_140071497710368,state_changed
0,agent_140071497710368,state_changed
0,agent_140071497710368,state_changed
0,agent_140071497710368,state_changed
0,agent_140071497710368,state_changed
0,agent_140071497710368,state_changed
0,agent_140071497710368,state_changed
0,agent_140071497710368,state_changed
0,agent_319569ad,drone_registered
0,agent_96619913,drone_registered
0,agent_140071495827616,state_changed
0,agent_140071495827616,state_changed
0,agent_140071495827616,state_changed
0,agent_140071495827616,state_changed
0,agent_140071495827616,state_changed
0,agent_140071495827616,state_changed
0,agent_140071495827616,state_changed
0,agent_140071495827616,state_changed
0,agent_140071495827616,state_changed
0,agent_140071495827616,state_changed
0,agent_140071495827616,state_changed
0,agent_140071495827616,state_changed
0,agent_140071495827616,state_changed
0,agent_140071495827616,state_changed
0,agent_140071495827616,state_changed
0,agent_140071495827616,state_changed
0,agent_140071495827616,state_changed
0,agent_140071495827616,state_changed
0,agent_140071495827616,state_changed
0,agent_319569ad,drone_registered
0,agent_96619913,drone_registered
0,agent_140071495960032,state_changed
0,agent_140071495960032,state_changed
0,agent_140071495960032,state_changed
0,agent_140071495960032,state_changed
0,agent_140071495960032,state_changed
0,agent_140071495960032,state_changed
0,agent_140071495960032,state_changed
0,agent_140071495960032,state_changed
0,agent_140071495960032,state_changed
0,agent_140071495960032,state_changed
0,agent_140071495960032,state_changed
0,agent_140071495960032,state_changed
0,agent_140071495960032,state_changed
0,agent_140071495960032,state_changed
0,agent_140071495960032,state_changed
0,agent_140071495960032,state_changed
0,agent_140071495960032,state_changed
0,agent_140071495960032,state_changed
0,agent_140071495960032,state_changed
0,agent_319569ad,drone_registered
0,agent_96619913,drone_registered
0,agent_140071496043296,state_changed
0,agent_140071496043296,state_changed
0,agent_140071496043296,state_changed
0,agent_140071496043296,state_changed
0,agent_140071496043296,state_changed
0,agent_140071496043296,state_changed
0,agent_140071496043296,state_changed
0,agent_140071496043296,state_changed
0,agent_140071496043296,state_changed
0,agent_140071496043296,state_changed
0,agent_140071496043296,state_changed
0,agent_140071496043296,state_changed
0,agent_140071496043296,state_changed
0,agent_140071496043296,state_changed
0,agent_140071496043296,state_changed
0,agent_140071496043296,state_changed
0,agent_140071496043296,state_changed
0,agent_140071496043296,state_changed
0,agent_140071496043296,state_changed
0,agent_319569ad,drone_registered
0,agent_96619913,drone_registered
0,agent_140071496175712,state_changed
0,agent_140071496175712,state_changed
0,agent_140071496175712,state_changed
0,agent_140071496175712,state_changed
0,agent_140071496175712,state_changed
0,agent_140071496175712,state_changed
0,agent_140071496175712,state_changed
0,agent_140071496175712,state_changed
0,agent_140071496175712,state_changed
0,agent_140071496175712,state_changed
0,agent_140071496175712,state_changed
0,agent_140071496175712,state_changed
0,agent_140071496175712,state_changed
0,agent_140071496175712,state_changed
0,agent_140071496175712,state_changed
0,agent_140071496175712,state_changed
0,agent_140071496175712,state_changed
0,agent_140071496175712,state_changed
0,agent_140071496175712,state_changed
0,agent_319569ad,drone_registered
0,agent_96619913,drone_registered
0,agent_140071496258976,state_changed
0,agent_140071496258976,state_changed
0,agent_140071496258976,state_changed
0,agent_140071496258976,state_changed
0,agent_140071496258976,state_changed
0,agent_140071496258976,state_changed
0,agent_140071496258976,state_changed
0,agent_140071496258976,state_changed
0,agent_140071496258976,state_changed
0,agent_140071496258976,state_changed
0,agent_140071496258976,state_changed
0,agent_140071496258976,state_changed
0,agent_140071496258976,state_changed
0,agent_140071496258976,state_changed
0,agent_140071496258976,state_changed
0,agent_140071496258976,state_changed
0,agent_140071496258976,state_changed
0,agent_140071496258976,state_changed
0,agent_140071496258976,state_changed
0,agent_319569ad,drone_registered
0,agent_96619913,drone_registered
0,agent_140071496391392,state_changed
0,agent_140071496391392,state_changed
0,agent_140071496391392,state_changed
0,agent_140071496391392,state_changed
0,agent_140071496391392,state_changed
0,agent_140071496391392,state_changed
0,agent_140071496391392,state_changed
0,agent_140071496391392,state_changed
0,agent_140071496391392,state_changed
0,agent_140071496391392,state_changed
0,agent_140071496391392,state_changed
0,agent_140071496391392,state_changed
0,agent_140071496391392,state_changed
0,agent_140071496391392,state_changed
0,agent_140071496391392,state_changed
0,agent_140071496391392,state_changed
0,agent_140071496391392,state_changed
0,agent_140071496391392,state_changed
0,agent_140071496391392,state_changed
0,agent_319569ad,drone_registered
0,agent_96619913,drone_registered
0,agent_140071496491040,state_changed
0,agent_140071496491040,state_changed
0,agent_140071496491040,state_changed
0,agent_140071496491040,state_changed
0,agent_140071496491040,state_changed
0,agent_140071496491040,state_changed
0,agent_140071496491040,state_changed
0,agent_140071496491040,state_changed
0,agent_140071496491040,state_changed
0,agent_140071496491040,state_changed
0,agent_140071496491040,state_changed
0,agent_140071496491040,state_changed
0,agent_140071496491040,state_changed
0,agent_140071496491040,state_changed
0,agent_140071496491040,state_changed
0,agent_140071496491040,state_changed
0,agent_140071496491040,state_changed
0,agent_140071496491040,state_changed
0,agent_140071496491040,state_changed
0,agent_319569ad,drone_registered
0,agent_96619913,drone_registered
0,agent_140071496590688,state_changed
0,agent_140071496590688,state_changed
0,agent_140071496590688,state_changed
0,agent_140071496590688,state_changed
0,agent_140071496590688,state_changed
0,agent_140071496590688,state_changed
0,agent_140071496590688,state_changed
0,agent_140071496590688,state_changed
0,agent_140071496590688,state_changed
0,agent_140071496590688,state_changed
0,agent_140071496590688,state_changed
0,agent_140071496590688,state_changed
0,agent_140071496590688,state_changed
0,agent_140071496590688,state_changed
0,agent_140071496590688,state_changed
0,agent_140071496590688,state_changed
0,agent_140071496590688,state_changed
0,agent_140071496590688,state_changed
0,agent_140071496590688,state_changed
0,agent_319569ad,drone_registered
0,agent_96619913,drone_registered
0,agent_140071496706720,state_changed
0,agent_140071496706720,state_changed
0,agent_140071496706720,state_changed
0,agent_140071496706720,state_changed
0,agent_140071496706720,state_changed
0,agent_140071496706720,state_changed
0,agent_140071496706720,state_changed
0,agent_140071496706720,state_changed
0,agent_140071496706720,state_changed
0,agent_140071496706720,state_changed
0,agent_140071496706720,state_changed
0,agent_140071496706720,state_changed
0,agent_140071496706720,state_changed
0,agent_140071496706720,state_changed
0,agent_140071496706720,state_changed
0,agent_140071496706720,state_changed
0,agent_140071496706720,state_changed
0,agent_140071496706720,state_changed
0,agent_140071496706720,state_changed
0,agent_319569ad,drone_registered
0,agent_96619913,drone_registered
0,agent_140071496822752,state_changed
0,agent_140071496822752,state_changed
0,agent_140071496822752,state_changed
0,agent_140071496822752,state_changed
0,agent_140071496822752,state_changed
0,agent_140071496822752,state_changed
0,agent_140071496822752,state_changed
0,agent_140071496822752,state_changed
0,agent_140071496822752,state_changed
0,agent_140071496822752,state_changed
0,agent_140071496822752,state_changed
0,agent_140071496822752,state_changed
0,agent_140071496822752,state_changed
0,agent_140071496822752,state_changed
0,agent_140071496822752,state_changed
0,agent_140071496822752,state_changed
0,agent_140071496822752,state_changed
0,agent_140071496822752,state_changed
0,agent_140071496822752,state_changed
0,agent_319569ad,drone_registered
0,agent_96619913,drone_registered
0,agent_140071494841632,state_changed
0,agent_140071494841632,state_changed
0,agent_140071494841632,state_changed
0,agent_140071494841632,state_changed
0,agent_140071494841632,state_changed
0,agent_140071494841632,state_changed
0,agent_140071494841632,state_changed
0,agent_140071494841632,state_changed
0,agent_140071494841632,state_changed
0,agent_140071494841632,state_changed
0,agent_140071494841632,state_changed
0,agent_140071494841632,state_changed
0,agent_140071494841632,state_changed
0,agent_140071494841632,state_changed
0,agent_140071494841632,state_changed
0,agent_140071494841632,state_changed
0,agent_140071494841632,state_changed
0,agent_140071494841632,state_changed
0,agent_140071494841632,state_changed
0,agent_319569ad,drone_registered
0,agent_96619913,drone_registered
0,agent_140071494974048,state_changed
0,agent_140071494974048,state_changed
0,agent_140071494974048,state_changed
0,agent_140071494974048,state_changed
0,agent_140071494974048,state_changed
0,agent_140071494974048,state_changed
0,agent_140071494974048,state_changed
0,agent_140071494974048,state_changed
0,agent_140071494974048,state_changed
0,agent_140071494974048,state_changed
0,agent_140071494974048,state_changed
0,agent_140071494974048,state_changed
0,agent_140071494974048,state_changed
0,agent_140071494974048,state_changed
0,agent_140071494974048,state_changed
0,agent_140071494974048,state_changed
0,agent_140071494974048,state_changed
0,agent_140071494974048,state_changed
0,agent_140071494974048,state_changed
0,agent_319569ad,drone_registered
0,agent_96619913,drone_registered
0,agent_140071495057312,state_changed
0,agent_140071495057312,state_changed
0,agent_140071495057312,state_changed
0,agent_140071495057312,state_changed
0,agent_140071495057312,state_changed
0,agent_140071495057312,state_changed
0,agent_140071495057312,state_changed
0,agent_140071495057312,state_changed
0,agent_140071495057312,state_changed
0,agent_140071495057312,state_changed
0,agent_140071495057312,state_changed
0,agent_140071495057312,state_changed
0,agent_140071495057312,state_changed
0,agent_140071495057312,state_changed
0,agent_140071495057312,state_changed
0,agent_140071495057312,state_changed
0,agent_140071495057312,state_changed
0,agent_140071495057312,state_changed
0,agent_140071495057312,state_changed
0,agent_319569ad,drone_registered
0,agent_96619913,drone_registered
0,agent_140071495271712,state_changed
0,agent_140071495271712,state_changed
0,agent_140071495271712,state_changed
0,agent_140071495271712,state_changed
0,agent_140071495271712,state_changed
0,agent_140071495271712,state_changed
0,agent_140071495271712,state_changed
0,agent_140071495271712,state_changed
0,agent_140071495271712,state_changed
0,agent_140071495271712,state_changed
0,agent_140071495271712,state_changed
0,agent_140071495271712,state_changed
0,agent_140071495271712,state_changed
0,agent_140071495271712,state_changed
0,agent_140071495271712,state_changed
0,agent_140071495271712,state_changed
0,agent_140071495271712,state_changed
0,agent_140071495271712,state_changed
0,agent_140071495271712,state_changed
0,agent_319569ad,drone_registered
0,agent_96619913,drone_registered
0,agent_140071495354976,state_changed
0,agent_140071495354976,state_changed
0,agent_140071495354976,state_changed
0,agent_140071495354976,state_changed
0,agent_140071495354976,state_changed
0,agent_140071495354976,state_changed
0,agent_140071495354976,state_changed
0,agent_140071495354976,state_changed
0,agent_140071495354976,state_changed
0,agent_140071495354976,state_changed
0,agent_140071495354976,state_changed
0,agent_140071495354976,state_changed
0,agent_140071495354976,state_changed
0,agent_140071495354976,state_changed
0,agent_140071495354976,state_changed
0,agent_140071495354976,state_changed
0,agent_140071495354976,state_changed
0,agent_140071495354976,state_changed
0,agent_140071495354976,state_changed
0,agent_319569ad,drone_registered
0,agent_96619913,drone_registered
0,agent_140071495487392,state_changed
0,agent_140071495487392,state_changed
0,agent_140071495487392,state_changed
0,agent_140071495487392,state_changed
0,agent_140071495487392,state_changed
0,agent_140071495487392,state_changed
0,agent_140071495487392,state_changed
0,agent_140071495487392,state_changed
0,agent_140071495487392,state_changed
0,agent_140071495487392,state_changed
0,agent_140071495487392,state_changed
0,agent_140071495487392,state_changed
0,agent_140071495487392,state_changed
0,agent_140071495487392,state_changed
0,agent_140071495487392,state_changed
0,agent_140071495487392,state_changed
0,agent_140071495487392,state_changed
0,agent_140071495487392,state_changed
0,agent_140071495487392,state_changed
0,agent_319569ad,drone_registered
0,agent_96619913,drone_registered
0,agent_140071495570656,state_changed
0,agent_140071495570656,state_changed
0,agent_140071495570656,state_changed
0,agent_140071495570656,state_changed
0,agent_140071495570656,state_changed
0,agent_140071495570656,state_changed
0,agent_140071495570656,state_changed
0,agent_140071495570656,state_changed
0,agent_140071495570656,state_changed
0,agent_140071495570656,state_changed
0,agent_140071495570656,state_changed
0,agent_140071495570656,state_changed
0,agent_140071495570656,state_changed
0,agent_140071495570656,state_changed
0,agent_140071495570656,state_changed
0,agent_140071495570656,state_changed
0,agent_140071495570656,state_changed
0,agent_140071495570656,state_changed
0,agent_140071495570656,state_changed
0,agent_319569ad,drone_registered
0,agent_96619913,drone_registered
0,agent_140071495686688,state_changed
0,agent_140071495686688,state_changed
0,agent_140071495686688,state_changed
0,agent_140071495686688,state_changed
0,agent_140071495686688,state_changed
0,agent_140071495686688,state_changed
0,agent_140071495686688,state_changed
0,agent_140071495686688,state_changed
0,agent_140071495686688,state_changed
0,agent_140071495686688,state_changed
0,agent_140071495686688,state_changed
0,agent_140071495686688,state_changed
0,agent_140071495686688,state_changed
0,agent_140071495686688,state_changed
0,agent_140071495686688,state_changed
0,agent_140071495686688,state_changed
0,agent_140071495686688,state_changed
0,agent_140071495686688,state_changed
0,agent_140071495686688,state_changed
0,agent_319569ad,drone_registered
0,agent_96619913,drone_registered
0,agent_140071493705568,state_changed
0,agent_140071493705568,state_changed
0,agent_140071493705568,state_changed
0,agent_140071493705568,state_changed
0,agent_140071493705568,state_changed
0,agent_140071493705568,state_changed
0,agent_140071493705568,state_changed
0,agent_140071493705568,state_changed
0,agent_140071493705568,state_changed
0,agent_140071493705568,state_changed
0,agent_140071493705568,state_changed
0,agent_140071493705568,state_changed
0,agent_140071493705568,state_changed
0,agent_140071493705568,state_changed
0,agent_140071493705568,state_changed
0,agent_140071493705568,state_changed
0,agent_140071493705568,state_changed
0,agent_140071493705568,state_changed
0,agent_140071493705568,state_changed
0,agent_319569ad,drone_registered
0,agent_96619913,drone_registered
0,agent_140071493837984,state_changed
0,agent_140071493837984,state_changed
0,agent_140071493837984,state_changed
0,agent_140071493837984,state_changed
0,agent_140071493837984,state_changed
0,agent_140071493837984,state_changed
0,agent_140071493837984,state_changed
0,agent_140071493837984,state_changed
0,agent_140071493837984,state_changed
0,agent_140071493837984,state_changed
0,agent_140071493837984,state_changed
0,agent_140071493837984,state_changed
0,agent_140071493837984,state_changed
0,agent_140071493837984,state_changed
0,agent_140071493837984,state_changed
0,agent_140071493837984,state_changed
0,agent_140071493837984,state_changed
0,agent_140071493837984,state_changed
0,agent_140071493837984,state_changed
0,agent_319569ad,drone_registered
0,agent_96619913,drone_registered
0,agent_140071493954016,state_changed
0,agent_140071493954016,state_changed
0,agent_140071493954016,state_changed
0,agent_140071493954016,state_changed
0,agent_140071493954016,state_changed
0,agent_140071493954016,state_changed
0,agent_140071493954016,state_changed
0,agent_140071493954016,state_changed
0,agent_140071493954016,state_changed
0,agent_140071493954016,state_changed
0,agent_140071493954016,state_changed
0,agent_140071493954016,state_changed
0,agent_140071493954016,state_changed
0,agent_140071493954016,state_changed
0,agent_140071493954016,state_changed
0,agent_140071493954016,state_changed
0,agent_140071493954016,state_changed
0,agent_140071493954016,state_changed
0,agent_140071493954016,state_changed
0,agent_319569ad,drone_registered
0,agent_96619913,drone_registered
0,agent_140071494037280,state_changed
0,agent_140071494037280,state_changed
0,agent_140071494037280,state_changed
0,agent_140071494037280,state_changed
0,agent_140071494037280,state_changed
0,agent_140071494037280,state_changed
0,agent_140071494037280,state_changed
0,agent_140071494037280,state_changed
0,agent_140071494037280,state_changed
0,agent_140071494037280,state_changed
0,agent_140071494037280,state_changed
0,agent_140071494037280,state_changed
0,agent_140071494037280,state_changed
0,agent_140071494037280,state_changed
0,agent_140071494037280,state_changed
0,agent_140071494037280,state_changed
0,agent_140071494037280,state_changed
0,agent_140071494037280,state_changed
0,agent_140071494037280,state_changed
0,agent_319569ad,drone_registered
0,agent_96619913,drone_registered
0,agent_140071494136928,state_changed
0,agent_140071494136928,state_changed
0,agent_140071494136928,state_changed
0,agent_140071494136928,state_changed
0,agent_140071494136928,state_changed
0,agent_140071494136928,state_changed
0,agent_140071494136928,state_changed
0,agent_140071494136928,state_changed
0,agent_140071494136928,state_changed
0,agent_140071494136928,state_changed
0,agent_140071494136928,state_changed
0,agent_140071494136928,state_changed
0,agent_140071494136928,state_changed
0,agent_140071494136928,state_changed
0,agent_140071494136928,state_changed
0,agent_140071494136928,state_changed
0,agent_140071494136928,state_changed
0,agent_140071494136928,state_changed
0,agent_140071494136928,state_changed
0,agent_319569ad,drone_registered
0,agent_96619913,drone_registered
0,agent_140071494252960,state_changed
0,agent_140071494252960,state_changed
0,agent_140071494252960,state_changed
0,agent_140071494252960,state_changed
0,agent_140071494252960,state_changed
0,agent_140071494252960,state_changed
0,agent_140071494252960,state_changed
0,agent_140071494252960,state_changed
0,agent_140071494252960,state_changed
0,agent_140071494252960,state_changed
0,agent_140071494252960,state_changed
0,agent_140071494252960,state_changed
0,agent_140071494252960,state_changed
0,agent_140071494252960,state_changed
0,agent_140071494252960,state_changed
0,agent_140071494252960,state_changed
0,agent_140071494252960,state_changed
0,agent_140071494252960,state_changed
0,agent_140071494252960,state_changed
0,agent_319569ad,drone_registered
0,agent_96619913,drone_registered
0,agent_140071494385376,state_changed
0,agent_140071494385376,state_changed
0,agent_140071494385376,state_changed
0,agent_140071494385376,state_changed
0,agent_140071494385376,state_changed
0,agent_140071494385376,state_changed
0,agent_140071494385376,state_changed
0,agent_140071494385376,state_changed
0,agent_140071494385376,state_changed
0,agent_140071494385376,state_changed
0,agent_140071494385376,state_changed
0,agent_140071494385376,state_changed
0,agent_140071494385376,state_changed
0,agent_140071494385376,state_changed
0,agent_140071494385376,state_changed
0,agent_140071494385376,state_changed
0,agent_140071494385376,state_changed
0,agent_140071494385376,state_changed
0,agent_140071494385376,state_changed
0,agent_319569ad,drone_registered
0,agent_96619913,drone_registered
0,agent_140071494583392,state_changed
0,agent_140071494583392,state_changed
0,agent_140071494583392,state_changed
0,agent_140071494583392,state_changed
0,agent_140071494583392,state_changed
0,agent_140071494583392,state_changed
0,agent_140071494583392,state_changed
0,agent_140071494583392,state_changed
0,agent_140071494583392,state_changed
0,agent_140071494583392,state_changed
0,agent_140071494583392,state_changed
0,agent_140071494583392,state_changed
0,agent_140071494583392,state_changed
0,agent_140071494583392,state_changed
0,agent_140071494583392,state_changed
0,agent_140071494583392,state_changed
0,agent_140071494583392,state_changed
0,agent_140071494583392,state_changed
0,agent_140071494583392,state_changed
0,agent_319569ad,drone_registered
0,agent_96619913,drone_registered
0,agent_140071494683040,state_changed
0,agent_140071494683040,state_changed
0,agent_140071494683040,state_changed
0,agent_140071494683040,state_changed
0,agent_140071494683040,state_changed
0,agent_140071494683040,state_changed
0,agent_140071494683040,state_changed
0,agent_140071494683040,state_changed
0,agent_140071494683040,state_changed
0,agent_140071494683040,state_changed
0,agent_140071494683040,state_changed
0,agent_140071494683040,state_changed
0,agent_140071494683040,state_changed
0,agent_140071494683040,state_changed
0,agent_140071494683040,state_changed
0,agent_140071494683040,state_changed
0,agent_140071494683040,state_changed
0,agent_140071494683040,state_changed
0,agent_140071494683040,state_changed
0,agent_319569ad,drone_registered
0,agent_96619913,drone_registered
0,agent_140071492718304,state_changed
0,agent_140071492718304,state_changed
0,agent_140071492718304,state_changed
0,agent_140071492718304,state_changed
0,agent_140071492718304,state_changed
0,agent_140071492718304,state_changed
0,agent_140071492718304,state_changed
0,agent_140071492718304,state_changed
0,agent_140071492718304,state_changed
0,agent_140071492718304,state_changed
0,agent_140071492718304,state_changed
0,agent_140071492718304,state_changed
0,agent_140071492718304,state_changed
0,agent_140071492718304,state_changed
0,agent_140071492718304,state_changed
0,agent_140071492718304,state_changed
0,agent_140071492718304,state_changed
0,agent_140071492718304,state_changed
0,agent_140071492718304,state_changed
0,agent_319569ad,drone_registered
0,agent_96619913,drone_registered
0,agent_140071492817952,state_changed
0,agent_140071492817952,state_changed
0,agent_140071492817952,state_changed
0,agent_140071492817952,state_changed
0,agent_140071492817952,state_changed
0,agent_140071492817952,state_changed
0,agent_140071492817952,state_changed
0,agent_140071492817952,state_changed
0,agent_140071492817952,state_changed
0,agent_140071492817952,state_changed
0,agent_140071492817952,state_changed
0,agent_140071492817952,state_changed
0,agent_140071492817952,state_changed
0,agent_140071492817952,state_changed
0,agent_140071492817952,state_changed
0,agent_140071492817952,state_changed
0,agent_140071492817952,state_changed
0,agent_140071492817952,state_changed
0,agent_140071492817952,state_changed
0,agent_319569ad,drone_registered
0,agent_96619913,drone_registered
0,agent_140071492933984,state_changed
0,agent_140071492933984,state_changed
0,agent_140071492933984,state_changed
0,agent_140071492933984,state_changed
0,agent_140071492933984,state_changed
0,agent_140071492933984,state_changed
0,agent_140071492933984,state_changed
0,agent_140071492933984,state_changed
0,agent_140071492933984,state_changed
0,agent_140071492933984,state_changed
0,agent_140071492933984,state_changed
0,agent_140071492933984,state_changed
0,agent_140071492933984,state_changed
0,agent_140071492933984,state_changed
0,agent_140071492933984,state_changed
0,agent_140071492933984,state_changed
0,agent_140071492933984,state_changed
0,agent_140071492933984,state_changed
0,agent_140071492933984,state_changed
0,agent_319569ad,drone_registered
0,agent_96619913,drone_registered
0,agent_140071493033632,state_changed
0,agent_140071493033632,state_changed
0,agent_140071493033632,state_changed
0,agent_140071493033632,state_changed
0,agent_140071493033632,state_changed
0,agent_140071493033632,state_changed
0,agent_140071493033632,state_changed
0,agent_140071493033632,state_changed
0,agent_140071493033632,state_changed
0,agent_140071493033632,state_changed
0,agent_140071493033632,state_changed
0,agent_140071493033632,state_changed
0,agent_140071493033632,state_changed
0,agent_140071493033632,state_changed
0,agent_140071493033632,state_changed
0,agent_140071493033632,state_changed
0,agent_140071493033632,state_changed
0,agent_140071493033632,state_changed
0,agent_140071493033632,state_changed
0,agent_319569ad,drone_registered
0,agent_96619913,drone_registered
0,agent_140071493149664,state_changed
0,agent_140071493149664,state_changed
0,agent_140071493149664,state_changed
0,agent_140071493149664,state_changed
0,agent_140071493149664,state_changed
0,agent_140071493149664,state_changed
0,agent_140071493149664,state_changed
0,agent_140071493149664,state_changed
0,agent_140071493149664,state_changed
0,agent_140071493149664,state_changed
0,agent_140071493149664,state_changed
0,agent_140071493149664,state_changed
0,agent_140071493149664,state_changed
0,agent_140071493149664,state_changed
0,agent_140071493149664,state_changed
0,agent_140071493149664,state_changed
0,agent_140071493149664,state_changed
0,agent_140071493149664,state_changed
0,agent_140071493149664,state_changed
0,agent_319569ad,drone_registered
0,agent_96619913,drone_registered
0,agent_140071493232928,state_changed
0,agent_140071493232928,state_changed
0,agent_140071493232928,state_changed
0,agent_140071493232928,state_changed
0,agent_140071493232928,state_changed
0,agent_140071493232928,state_changed
0,agent_140071493232928,state_changed
0,agent_140071493232928,state_changed
0,agent_140071493232928,state_changed
0,agent_140071493232928,state_changed
0,agent_140071493232928,state_changed
0,agent_140071493232928,state_changed
0,agent_140071493232928,state_changed
0,agent_140071493232928,state_changed
0,agent_140071493232928,state_changed
0,agent_140071493232928,state_changed
0,agent_140071493232928,state_changed
0,agent_140071493232928,state_changed
0,agent_140071493232928,state_changed
0,agent_319569ad,drone_registered
0,agent_96619913,drone_registered
0,agent_140071493365344,state_changed
0,agent_140071493365344,state_changed
0,agent_140071493365344,state_changed
0,agent_140071493365344,state_changed
0,agent_140071493365344,state_changed
0,agent_140071493365344,state_changed
0,agent_140071493365344,state_changed
0,agent_140071493365344,state_changed
0,agent_140071493365344,state_changed
0,agent_140071493365344,state_changed
0,agent_140071493365344,state_changed
0,agent_140071493365344,state_changed
0,agent_140071493365344,state_changed
0,agent_140071493365344,state_changed
0,agent_140071493365344,state_changed
0,agent_140071493365344,state_changed
0,agent_140071493365344,state_changed
0,agent_140071493365344,state_changed
0,agent_140071493365344,state_changed
0,agent_319569ad,drone_registered
0,agent_96619913,drone_registered
0,agent_140071493464992,state_changed
0,agent_140071493464992,state_changed
0,agent_140071493464992,state_changed
0,agent_140071493464992,state_changed
0,agent_140071493464992,state_changed
0,agent_140071493464992,state_changed
0,agent_140071493464992,state_changed
0,agent_140071493464992,state_changed
0,agent_140071493464992,state_changed
0,agent_140071493464992,state_changed
0,agent_140071493464992,state_changed
0,agent_140071493464992,state_changed
0,agent_140071493464992,state_changed
0,agent_140071493464992,state_changed
0,agent_140071493464992,state_changed
0,agent_140071493464992,state_changed
0,agent_140071493464992,state_changed
0,agent_140071493464992,state_changed
0,agent_140071493464992,state_changed
0,agent_319569ad,drone_registered
0,agent_96619913,drone_registered
0,agent_140071493564640,state_changed
0,agent_140071493564640,state_changed
0,agent_140071493564640,state_changed
0,agent_140071493564640,state_changed
0,agent_140071493564640,state_changed
0,agent_140071493564640,state_changed
0,agent_140071493564640,state_changed
0,agent_140071493564640,state_changed
0,agent_140071493564640,state_changed
0,agent_140071493564640,state_changed
0,agent_140071493564640,state_changed
0,agent_140071493564640,state_changed
0,agent_140071493564640,state_changed
0,agent_140071493564640,state_changed
0,agent_140071493564640,state_changed
0,agent_140071493564640,state_changed
0,agent_140071493564640,state_changed
0,agent_140071493564640,state_changed
0,agent_140071493564640,state_changed
0,agent_319569ad,drone_registered
0,agent_96619913,drone_registered
0,agent_140071493647904,state_changed
0,agent_140071493647904,state_changed
0,agent_140071493647904,state_changed
0,agent_140071493647904,state_changed
0,agent_140071493647904,state_changed
0,agent_140071493647904,state_changed
0,agent_140071493647904,state_changed
0,agent_140071493647904,state_changed
0,agent_140071493647904,state_changed
0,agent_140071493647904,state_changed
0,agent_140071493647904,state_changed
0,agent_140071493647904,state_changed
0,agent_140071493647904,state_changed
0,agent_140071493647904,state_changed
0,agent_140071493647904,state_changed
0,agent_140071493647904,state_changed
0,agent_140071493647904,state_changed
0,agent_140071493647904,state_changed
0,agent_140071493647904,state_changed
0,agent_319569ad,drone_registered
0,agent_96619913,drone_registered
0,agent_140071491797920,state_changed
0,agent_140071491797920,state_changed
0,agent_140071491797920,state_changed
0,agent_140071491797920,state_changed
0,agent_140071491797920,state_changed
0,agent_140071491797920,state_changed
0,agent_140071491797920,state_changed
0,agent_140071491797920,state_changed
0,agent_140071491797920,state_changed
0,agent_140071491797920,state_changed
0,agent_140071491797920,state_changed
0,agent_140071491797920,state_changed
0,agent_140071491797920,state_changed
0,agent_140071491797920,state_changed
0,agent_140071491797920,state_changed
0,agent_140071491797920,state_changed
0,agent_140071491797920,state_changed
0,agent_140071491797920,state_changed
0,agent_140071491797920,state_changed
0,agent_319569ad,drone_registered
0,agent_96619913,drone_registered
0,agent_140071491897952,state_changed
0,agent_140071491897952,state_changed
0,agent_140071491897952,state_changed
0,agent_140071491897952,state_changed
0,agent_140071491897952,state_changed
0,agent_140071491897952,state_changed
0,agent_140071491897952,state_changed
0,agent_140071491897952,state_changed
0,agent_140071491897952,state_changed
0,agent_140071491897952,state_changed
0,agent_140071491897952,state_changed
0,agent_140071491897952,state_changed
0,agent_140071491897952,state_changed
0,agent_140071491897952,state_changed
0,agent_140071491897952,state_changed
0,agent_140071491897952,state_changed
0,agent_140071491897952,state_changed
0,agent_140071491897952,state_changed
0,agent_140071491897952,state_changed
0,agent_319569ad,drone_registered
0,agent_96619913,drone_registered
0,agent_140071491997600,state_changed
0,agent_140071491997600,state_changed
0,agent_140071491997600,state_changed
0,agent_140071491997600,state_changed
0,agent_140071491997600,state_changed
0,agent_140071491997600,state_changed
0,agent_140071491997600,state_changed
0,agent_140071491997600,state_changed
0,agent_140071491997600,state_changed
0,agent_140071491997600,state_changed
0,agent_140071491997600,state_changed
0,agent_140071491997600,state_changed
0,agent_140071491997600,state_changed
0,agent_140071491997600,state_changed
0,agent_140071491997600,state_changed
0,agent_140071491997600,state_changed
0,agent_140071491997600,state_changed
0,agent_140071491997600,state_changed
0,agent_140071491997600,state_changed
0,agent_319569ad,drone_registered
0,agent_96619913,drone_registered
0,agent_140071492130016,state_changed
0,agent_140071492130016,state_changed
0,agent_140071492130016,state_changed
0,agent_140071492130016,state_changed
0,agent_140071492130016,state_changed
0,agent_140071492130016,state_changed
0,agent_140071492130016,state_changed
0,agent_140071492130016,state_changed
0,agent_140071492130016,state_changed
0,agent_140071492130016,state_changed
0,agent_140071492130016,state_changed
0,agent_140071492130016,state_changed
0,agent_140071492130016,state_changed
0,agent_140071492130016,state_changed
0,agent_140071492130016,state_changed
0,agent_140071492130016,state_changed
0,agent_140071492130016,state_changed
0,agent_140071492130016,state_changed
0,agent_140071492130016,state_changed
0,agent_319569ad,drone_registered
0,agent_96619913,drone_registered
0,agent_140071492262432,state_changed
0,agent_140071492262432,state_changed
0,agent_140071492262432,state_changed
0,agent_140071492262432,state_changed
0,agent_140071492262432,state_changed
0,agent_140071492262432,state_changed
0,agent_140071492262432,state_changed
0,agent_140071492262432,state_changed
0,agent_140071492262432,state_changed
0,agent_140071492262432,state_changed
0,agent_140071492262432,state_changed
0,agent_140071492262432,state_changed
0,agent_140071492262432,state_changed
0,agent_140071492262432,state_changed
0,agent_140071492262432,state_changed
0,agent_140071492262432,state_changed
0,agent_140071492262432,state_changed
0,agent_140071492262432,state_changed
0,agent_140071492262432,state_changed
0,agent_319569ad,drone_registered
0,agent_96619913,drone_registered
0,agent_140071492345696,state_changed
0,agent_140071492345696,state_changed
0,agent_140071492345696,state_changed
0,agent_140071492345696,state_changed
0,agent_140071492345696,state_changed
0,agent_140071492345696,state_changed
0,agent_140071492345696,state_changed
0,agent_140071492345696,state_changed
0,agent_140071492345696,state_changed
0,agent_140071492345696,state_changed
0,agent_140071492345696,state_changed
0,agent_140071492345696,state_changed
0,agent_140071492345696,state_changed
0,agent_140071492345696,state_changed
0,agent_140071492345696,state_changed
0,agent_140071492345696,state_changed
0,agent_140071492345696,state_changed
0,agent_140071492345696,state_changed
0,agent_140071492345696,state_changed
0,agent_319569ad,drone_registered
0,agent_96619913,drone_registered
0,agent_140071492428960,state_changed
0,agent_140071492428960,state_changed
0,agent_140071492428960,state_changed
0,agent_140071492428960,state_changed
0,agent_140071492428960,state_changed
0,agent_140071492428960,state_changed
0,agent_140071492428960,state_changed
0,agent_140071492428960,state_changed
0,agent_140071492428960,state_changed
0,agent_140071492428960,state_changed
0,agent_140071492428960,state_changed
0,agent_140071492428960,state_changed
0,agent_140071492428960,state_changed
0,agent_140071492428960,state_changed
0,agent_140071492428960,state_changed
0,agent_140071492428960,state_changed
0,agent_140071492428960,state_changed
0,agent_140071492428960,state_changed
0,agent_140071492428960,state_changed
0,agent_319569ad,drone_registered
0,agent_96619913,drone_registered
0,agent_140071492544992,state_changed
0,agent_140071492544992,state_changed
0,agent_140071492544992,state_changed
0,agent_140071492544992,state_changed
0,agent_140071492544992,state_changed
0,agent_140071492544992,state_changed
0,agent_140071492544992,state_changed
0,agent_140071492544992,state_changed
0,agent_140071492544992,state_changed
0,agent_140071492544992,state_changed
0,agent_140071492544992,state_changed
0,agent_140071492544992,state_changed
0,agent_140071492544992,state_changed
0,agent_140071492544992,state_changed
0,agent_140071492544992,state_changed
0,agent_140071492544992,state_changed
0,agent_140071492544992,state_changed
0,agent_140071492544992,state_changed
0,agent_140071492544992,state_changed
0,agent_319569ad,drone_registered
0,agent_96619913,drone_registered
0,agent_140071490563872,state_changed
0,agent_140071490563872,state_changed
0,agent_140071490563872,state_changed
0,agent_140071490563872,state_changed
0,agent_140071490563872,state_changed
0,agent_140071490563872,state_changed
0,agent_140071490563872,state_changed
0,agent_140071490563872,state_changed
0,agent_140071490563872,state_changed
0,agent_140071490563872,state_changed
0,agent_140071490563872,state_changed
0,agent_140071490563872,state_changed
0,agent_140071490563872,state_changed
0,agent_140071490563872,state_changed
0,agent_140071490563872,state_changed
0,agent_140071490563872,state_changed
0,agent_140071490563872,state_changed
0,agent_140071490563872,state_changed
0,agent_140071490563872,state_changed
0,agent_319569ad,drone_registered
0,agent_96619913,drone_registered
0,agent_140071490679904,state_changed
0,agent_140071490679904,state_changed
0,agent_140071490679904,state_changed
0,agent_140071490679904,state_changed
0,agent_140071490679904,state_changed
0,agent_140071490679904,state_changed
0,agent_140071490679904,state_changed
0,agent_140071490679904,state_changed
0,agent_140071490679904,state_changed
0,agent_140071490679904,state_changed
0,agent_140071490679904,state_changed
0,agent_140071490679904,state_changed
0,agent_140071490679904,state_changed
0,agent_140071490679904,state_changed
0,agent_140071490679904,state_changed
0,agent_140071490679904,state_changed
0,agent_140071490679904,state_changed
0,agent_140071490679904,state_changed
0,agent_140071490679904,state_changed
0,agent_319569ad,drone_registered
0,agent_96619913,drone_registered
0,agent_140071490812320,state_changed
0,agent_140071490812320,state_changed
0,agent_140071490812320,state_changed
0,agent_140071490812320,state_changed
0,agent_140071490812320,state_changed
0,agent_140071490812320,state_changed
0,agent_140071490812320,state_changed
0,agent_140071490812320,state_changed
0,agent_140071490812320,state_changed
0,agent_140071490812320,state_changed
0,agent_140071490812320,state_changed
0,agent_140071490812320,state_changed
0,agent_140071490812320,state_changed
0,agent_140071490812320,state_changed
0,agent_140071490812320,state_changed
0,agent_140071490812320,state_changed
0,agent_140071490812320,state_changed
0,agent_140071490812320,state_changed
0,agent_140071490812320,state_changed
0,agent_319569ad,drone_registered
0,agent_96619913,drone_registered
0,agent_140071490911968,state_changed
0,agent_140071490911968,state_changed
0,agent_140071490911968,state_changed
0,agent_140071490911968,state_changed
0,agent_140071490911968,state_changed
0,agent_140071490911968,state_changed
0,agent_140071490911968,state_changed
0,agent_140071490911968,state_changed
0,agent_140071490911968,state_changed
0,agent_140071490911968,state_changed
0,agent_140071490911968,state_changed
0,agent_140071490911968,state_changed
0,agent_140071490911968,state_changed
0,agent_140071490911968,state_changed
0,agent_140071490911968,state_changed
0,agent_140071490911968,state_changed
0,agent_140071490911968,state_changed
0,agent_140071490911968,state_changed
0,agent_140071490911968,state_changed
0,agent_319569ad,drone_registered
0,agent_96619913,drone_registered
0,agent_140071491093600,state_changed
0,agent_140071491093600,state_changed
0,agent_140071491093600,state_changed
0,agent_140071491093600,state_changed
0,agent_140071491093600,state_changed
0,agent_140071491093600,state_changed
0,agent_140071491093600,state_changed
0,agent_140071491093600,state_changed
0,agent_140071491093600,state_changed
0,agent_140071491093600,state_changed
0,agent_140071491093600,state_changed
0,agent_140071491093600,state_changed
0,agent_140071491093600,state_changed
0,agent_140071491093600,state_changed
0,agent_140071491093600,state_changed
0,agent_140071491093600,state_changed
0,agent_140071491093600,state_changed
0,agent_140071491093600,state_changed
0,agent_140071491093600,state_changed
0,agent_319569ad,drone_registered
0,agent_96619913,drone_registered
0,agent_140071491209632,state_changed
0,agent_140071491209632,state_changed
0,agent_140071491209632,state_changed
0,agent_140071491209632,state_changed
0,agent_140071491209632,state_changed
0,agent_140071491209632,state_changed
0,agent_140071491209632,state_changed
0,agent_140071491209632,state_changed
0,agent_140071491209632,state_changed
0,agent_140071491209632,state_changed
0,agent_140071491209632,state_changed
0,agent_140071491209632,state_changed
0,agent_140071491209632,state_changed
0,agent_140071491209632,state_changed
0,agent_140071491209632,state_changed
0,agent_140071491209632,state_changed
0,agent_140071491209632,state_changed
0,agent_140071491209632,state_changed
0,agent_140071491209632,state_changed
0,agent_319569ad,drone_registered
0,agent_96619913,drone_registered
0,agent_140071491342048,state_changed
0,agent_140071491342048,state_changed
0,agent_140071491342048,state_changed
0,agent_140071491342048,state_changed
0,agent_140071491342048,state_changed
0,agent_140071491342048,state_changed
0,agent_140071491342048,state_changed
0,agent_140071491342048,state_changed
0,agent_140071491342048,state_changed
0,agent_140071491342048,state_changed
0,agent_140071491342048,state_changed
0,agent_140071491342048,state_changed
0,agent_140071491342048,state_changed
0,agent_140071491342048,state_changed
0,agent_140071491342048,state_changed
0,agent_140071491342048,state_changed
0,agent_140071491342048,state_changed
0,agent_140071491342048,state_changed
0,agent_140071491342048,state_changed
0,agent_319569ad,drone_registered
0,agent_96619913,drone_registered
0,agent_140071491441696,state_changed
0,agent_140071491441696,state_changed
0,agent_140071491441696,state_changed
0,agent_140071491441696,state_changed
0,agent_140071491441696,state_changed
0,agent_140071491441696,state_changed
0,agent_140071491441696,state_changed
0,agent_140071491441696,state_changed
0,agent_140071491441696,state_changed
0,agent_140071491441696,state_changed
0,agent_140071491441696,state_changed
0,agent_140071491441696,state_changed
0,agent_140071491441696,state_changed
0,agent_140071491441696,state_changed
0,agent_140071491441696,state_changed
0,agent_140071491441696,state_changed
0,agent_140071491441696,state_changed
0,agent_140071491441696,state_changed
0,agent_140071491441696,state_changed
0,agent_319569ad,drone_registered
0,agent_96619913,drone_registered
0,agent_140071491541344,state_changed
0,agent_140071491541344,state_changed
0,agent_140071491541344,state_changed
0,agent_140071491541344,state_changed
0,agent_140071491541344,state_changed
0,agent_140071491541344,state_changed
0,agent_140071491541344,state_changed
0,agent_140071491541344,state_changed
0,agent_140071491541344,state_changed
0,agent_140071491541344,state_changed
0,agent_140071491541344,state_changed
0,agent_140071491541344,state_changed
0,agent_140071491541344,state_changed
0,agent_140071491541344,state_changed
0,agent_140071491541344,state_changed
0,agent_140071491541344,state_changed
0,agent_140071491541344,state_changed
0,agent_140071491541344,state_changed
0,agent_140071491541344,state_changed
0,agent_319569ad,drone_registered
0,agent_96619913,drone_registered
0,agent_140071489560224,state_changed
0,agent_140071489560224,state_changed
0,agent_140071489560224,state_changed
0,agent_140071489560224,state_changed
0,agent_140071489560224,state_changed
0,agent_140071489560224,state_changed
0,agent_140071489560224,state_changed
0,agent_140071489560224,state_changed
0,agent_140071489560224,state_changed
0,agent_140071489560224,state_changed
0,agent_140071489560224,state_changed
0,agent_140071489560224,state_changed
0,agent_140071489560224,state_changed
0,agent_140071489560224,state_changed
0,agent_140071489560224,state_changed
0,agent_140071489560224,state_changed
0,agent_140071489560224,state_changed
0,agent_140071489560224,state_changed
0,agent_140071489560224,state_changed
0,agent_319569ad,drone_registered
0,agent_96619913,drone_registered
0,agent_140071489692640,state_changed
0,agent_140071489692640,state_changed
0,agent_140071489692640,state_changed
0,agent_140071489692640,state_changed
0,agent_140071489692640,state_changed
0,agent_140071489692640,state_changed
0,agent_140071489692640,state_changed
0,agent_140071489692640,state_changed
0,agent_140071489692640,state_changed
0,agent_140071489692640,state_changed
0,agent_140071489692640,state_changed
0,agent_140071489692640,state_changed
0,agent_140071489692640,state_changed
0,agent_140071489692640,state_changed
0,agent_140071489692640,state_changed
0,agent_140071489692640,state_changed
0,agent_140071489692640,state_changed
0,agent_140071489692640,state_changed
0,agent_140071489692640,state_changed
0,agent_319569ad,drone_registered
0,agent_96619913,drone_registered
0,agent_140071489775904,state_changed
0,agent_140071489775904,state_changed
0,agent_140071489775904,state_changed
0,agent_140071489775904,state_changed
0,agent_140071489775904,state_changed
0,agent_140071489775904,state_changed
0,agent_140071489775904,state_changed
0,agent_140071489775904,state_changed
0,agent_140071489775904,state_changed
0,agent_140071489775904,state_changed
0,agent_140071489775904,state_changed
0,agent_140071489775904,state_changed
0,agent_140071489775904,state_changed
0,agent_140071489775904,state_changed
0,agent_140071489775904,state_changed
0,agent_140071489775904,state_changed
0,agent_140071489775904,state_changed
0,agent_140071489775904,state_changed
0,agent_140071489775904,state_changed
0,agent_319569ad,drone_registered
0,agent_96619913,drone_registered
0,agent_140071489891936,state_changed
0,agent_140071489891936,state_changed
0,agent_140071489891936,state_changed
0,agent_140071489891936,state_changed
0,agent_140071489891936,state_changed
0,agent_140071489891936,state_changed
0,agent_140071489891936,state_changed
0,agent_140071489891936,state_changed
0,agent_140071489891936,state_changed
0,agent_140071489891936,state_changed
0,agent_140071489891936,state_changed
0,agent_140071489891936,state_changed
0,agent_140071489891936,state_changed
0,agent_140071489891936,state_changed
0,agent_140071489891936,state_changed
0,agent_140071489891936,state_changed
0,agent_140071489891936,state_changed
0,agent_140071489891936,state_changed
0,agent_140071489891936,state_changed
0,agent_319569ad,drone_registered
0,agent_96619913,drone_registered
0,agent_140071489975200,state_changed
0,agent_140071489975200,state_changed
0,agent_140071489975200,state_changed
0,agent_140071489975200,state_changed
0,agent_140071489975200,state_changed
0,agent_140071489975200,state_changed
0,agent_140071489975200,state_changed
0,agent_140071489975200,state_changed
0,agent_140071489975200,state_changed
0,agent_140071489975200,state_changed
0,agent_140071489975200,state_changed
0,agent_140071489975200,state_changed
0,agent_140071489975200,state_changed
0,agent_140071489975200,state_changed
0,agent_140071489975200,state_changed
0,agent_140071489975200,state_changed
0,agent_140071489975200,state_changed
0,agent_140071489975200,state_changed
0,agent_140071489975200,state_changed
0,agent_319569ad,drone_registered
0,agent_96619913,drone_registered
0,agent_140071490107616,state_changed
0,agent_140071490107616,state_changed
0,agent_140071490107616,state_changed
0,agent_140071490107616,state_changed
0,agent_140071490107616,state_changed
0,agent_140071490107616,state_changed
0,agent_140071490107616,state_changed
0,agent_140071490107616,state_changed
0,agent_140071490107616,state_changed
0,agent_140071490107616,state_changed
0,agent_140071490107616,state_changed
0,agent_140071490107616,state_changed
0,agent_140071490107616,state_changed
0,agent_140071490107616,state_changed
0,agent_140071490107616,state_changed
0,agent_140071490107616,state_changed
0,agent_140071490107616,state_changed
0,agent_140071490107616,state_changed
0,agent_140071490107616,state_changed
0,agent_319569ad,drone_registered
0,agent_96619913,drone_registered
0,agent_140071490207264,state_changed
0,agent_140071490207264,state_changed
0,agent_140071490207264,state_changed
0,agent_140071490207264,state_changed
0,agent_140071490207264,state_changed
0,agent_140071490207264,state_changed
0,agent_140071490207264,state_changed
0,agent_140071490207264,state_changed
0,agent_140071490207264,state_changed
0,agent_140071490207264,state_changed
0,agent_140071490207264,state_changed
0,agent_140071490207264,state_changed
0,agent_140071490207264,state_changed
0,agent_140071490207264,state_changed
0,agent_140071490207264,state_changed
0,agent_140071490207264,state_changed
0,agent_140071490207264,state_changed
0,agent_140071490207264,state_changed
0,agent_140071490207264,state_changed
0,agent_319569ad,drone_registered
0,agent_96619913,drone_registered
0,agent_140071490388896,state_changed
0,agent_140071490388896,state_changed
0,agent_140071490388896,state_changed
0,agent_140071490388896,state_changed
0,agent_140071490388896,state_changed
0,agent_140071490388896,state_changed
0,agent_140071490388896,state_changed
0,agent_140071490388896,state_changed
0,agent_140071490388896,state_changed
0,agent_140071490388896,state_changed
0,agent_140071490388896,state_changed
0,agent_140071490388896,state_changed
0,agent_140071490388896,state_changed
0,agent_140071490388896,state_changed
0,agent_140071490388896,state_changed
0,agent_140071490388896,state_changed
0,agent_140071490388896,state_changed
0,agent_140071490388896,state_changed
0,agent_140071490388896,state_changed
0,agent_319569ad,drone_registered
0,agent_96619913,drone_registered
0,agent_140071490504928,state_changed
0,agent_140071490504928,state_changed
0,agent_140071490504928,state_changed
0,agent_140071490504928,state_changed
0,agent_140071490504928,state_changed
0,agent_140071490504928,state_changed
0,agent_140071490504928,state_changed
0,agent_140071490504928,state_changed
0,agent_140071490504928,state_changed
0,agent_140071490504928,state_changed
0,agent_140071490504928,state_changed
0,agent_140071490504928,state_changed
0,agent_140071490504928,state_changed
0,agent_140071490504928,state_changed
0,agent_140071490504928,state_changed
0,agent_140071490504928,state_changed
0,agent_140071490504928,state_changed
0,agent_140071490504928,state_changed
0,agent_140071490504928,state_changed
0,agent_319569ad,drone_registered
0,agent_96619913,drone_registered
0,agent_140071488540192,state_changed
0,agent_140071488540192,state_changed
0,agent_140071488540192,state_changed
0,agent_140071488540192,state_changed
0,agent_140071488540192,state_changed
0,agent_140071488540192,state_changed
0,agent_140071488540192,state_changed
0,agent_140071488540192,state_changed
0,agent_140071488540192,state_changed
0,agent_140071488540192,state_changed
0,agent_140071488540192,state_changed
0,agent_140071488540192,state_changed
0,agent_140071488540192,state_changed
0,agent_140071488540192,state_changed
0,agent_140071488540192,state_changed
0,agent_140071488540192,state_changed
0,agent_140071488540192,state_changed
0,agent_140071488540192,state_changed
0,agent_140071488540192,state_changed
0,agent_319569ad,drone_registered
0,agent_96619913,drone_registered
0,agent_140071488656224,state_changed
0,agent_140071488656224,state_changed
0,agent_140071488656224,state_changed
0,agent_140071488656224,state_changed
0,agent_140071488656224,state_changed
0,agent_140071488656224,state_changed
0,agent_140071488656224,state_changed
0,agent_140071488656224,state_changed
0,agent_140071488656224,state_changed
0,agent_140071488656224,state_changed
0,agent_140071488656224,state_changed
0,agent_140071488656224,state_changed
0,agent_140071488656224,state_changed
0,agent_140071488656224,state_changed
0,agent_140071488656224,state_changed
0,agent_140071488656224,state_changed
0,agent_140071488656224,state_changed
0,agent_140071488656224,state_changed
0,agent_140071488656224,state_changed
0,agent_319569ad,drone_registered
0,agent_96619913,drone_registered
0,agent_140071488772640,state_changed
0,agent_140071488772640,state_changed
0,agent_140071488772640,state_changed
0,agent_140071488772640,state_changed
0,agent_140071488772640,state_changed
0,agent_140071488772640,state_changed
0,agent_140071488772640,state_changed
0,agent_140071488772640,state_changed
0,agent_140071488772640,state_changed
0,agent_140071488772640,state_changed
0,agent_140071488772640,state_changed
0,agent_140071488772640,state_changed
0,agent_140071488772640,state_changed
0,agent_140071488772640,state_changed
0,agent_140071488772640,state_changed
0,agent_140071488772640,state_changed
0,agent_140071488772640,state_changed
0,agent_140071488772640,state_changed
0,agent_140071488772640,state_changed
0,agent_319569ad,drone_registered
0,agent_96619913,drone_registered
0,agent_140071488839520,state_changed
0,agent_140071488839520,state_changed
0,agent_140071488839520,state_changed
0,agent_140071488839520,state_changed
0,agent_140071488839520,state_changed
0,agent_140071488839520,state_changed
0,agent_140071488839520,state_changed
0,agent_140071488839520,state_changed
0,agent_140071488839520,state_changed
0,agent_140071488839520,state_changed
0,agent_140071488839520,state_changed
0,agent_140071488839520,state_changed
0,agent_140071488839520,state_changed
0,agent_140071488839520,state_changed
0,agent_140071488839520,state_changed
0,agent_140071488839520,state_changed
0,agent_140071488839520,state_changed
0,agent_140071488839520,state_changed
0,agent_140071488839520,state_changed
0,agent_319569ad,drone_registered
0,agent_96619913,drone_registered
0,agent_140071488988320,state_changed
0,agent_140071488988320,state_changed
0,agent_140071488988320,state_changed
0,agent_140071488988320,state_changed
0,agent_140071488988320,state_changed
0,agent_140071488988320,state_changed
0,agent_140071488988320,state_changed
0,agent_140071488988320,state_changed
0,agent_140071488988320,state_changed
0,agent_140071488988320,state_changed
0,agent_140071488988320,state_changed
0,agent_140071488988320,state_changed
0,agent_140071488988320,state_changed
0,agent_140071488988320,state_changed
0,agent_140071488988320,state_changed
0,agent_140071488988320,state_changed
0,agent_140071488988320,state_changed
0,agent_140071488988320,state_changed
0,agent_140071488988320,state_changed
0,agent_319569ad,drone_registered
0,agent_96619913,drone_registered
0,agent_140071489071584,state_changed
0,agent_140071489071584,state_changed
0,agent_140071489071584,state_changed
0,agent_140071489071584,state_changed
0,agent_140071489071584,state_changed
0,agent_140071489071584,state_changed
0,agent_140071489071584,state_changed
0,agent_140071489071584,state_changed
0,agent_140071489071584,state_changed
0,agent_140071489071584,state_changed
0,agent_140071489071584,state_changed
0,agent_140071489071584,state_changed
0,agent_140071489071584,state_changed
0,agent_140071489071584,state_changed
0,agent_140071489071584,state_changed
0,agent_140071489071584,state_changed
0,agent_140071489071584,state_changed
0,agent_140071489071584,state_changed
0,agent_140071489071584,state_changed
0,agent_319569ad,drone_registered
0,agent_96619913,drone_registered
0,agent_140071489187616,state_changed
0,agent_140071489187616,state_changed
0,agent_140071489187616,state_changed
0,agent_140071489187616,state_changed
0,agent_140071489187616,state_changed
0,agent_140071489187616,state_changed
0,agent_140071489187616,state_changed
0,agent_140071489187616,state_changed
0,agent_140071489187616,state_changed
0,agent_140071489187616,state_changed
0,agent_140071489187616,state_changed
0,agent_140071489187616,state_changed
0,agent_140071489187616,state_changed
0,agent_140071489187616,state_changed
0,agent_140071489187616,state_changed
0,agent_140071489187616,state_changed
0,agent_140071489187616,state_changed
0,agent_140071489187616,state_changed
0,agent_140071489187616,state_changed
0,agent_319569ad,drone_registered
0,agent_96619913,drone_registered
0,agent_140071489303648,state_changed
0,agent_140071489303648,state_changed
0,agent_140071489303648,state_changed
0,agent_140071489303648,state_changed
0,agent_140071489303648,state_changed
0,agent_140071489303648,state_changed
0,agent_140071489303648,state_changed
0,agent_140071489303648,state_changed
0,agent_140071489303648,state_changed
0,agent_140071489303648,state_changed
0,agent_140071489303648,state_changed
0,agent_140071489303648,state_changed
0,agent_140071489303648,state_changed
0,agent_140071489303648,state_changed
0,agent_140071489303648,state_changed
0,agent_140071489303648,state_changed
0,agent_140071489303648,state_changed
0,agent_140071489303648,state_changed
0,agent_140071489303648,state_changed
0,agent_319569ad,drone_registered
0,agent_96619913,drone_registered
0,agent_140071489370528,state_changed
0,agent_140071489370528,state_changed
0,agent_140071489370528,state_changed
0,agent_140071489370528,state_changed
0,agent_140071489370528,state_changed
0,agent_140071489370528,state_changed
0,agent_140071489370528,state_changed
0,agent_140071489370528,state_changed
0,agent_140071489370528,state_changed
0,agent_140071489370528,state_changed
0,agent_140071489370528,state_changed
0,agent_140071489370528,state_changed
0,agent_140071489370528,state_changed
0,agent_140071489370528,state_changed
0,agent_140071489370528,state_changed
0,agent_140071489370528,state_changed
0,agent_140071489370528,state_changed
0,agent_140071489370528,state_changed
0,agent_140071489370528,state_changed
0,agent_319569ad,drone_registered
0,agent_96619913,drone_registered
0,agent_140071487422176,state_changed
0,agent_140071487422176,state_changed
0,agent_140071487422176,state_changed
0,agent_140071487422176,state_changed
0,agent_140071487422176,state_changed
0,agent_140071487422176,state_changed
0,agent_140071487422176,state_changed
0,agent_140071487422176,state_changed
0,agent_140071487422176,state_changed
0,agent_140071487422176,state_changed
0,agent_140071487422176,state_changed
0,agent_140071487422176,state_changed
0,agent_140071487422176,state_changed
0,agent_140071487422176,state_changed
0,agent_140071487422176,state_changed
0,agent_140071487422176,state_changed
0,agent_140071487422176,state_changed
0,agent_140071487422176,state_changed
0,agent_140071487422176,state_changed
0,agent_319569ad,drone_registered
0,agent_96619913,drone_registered
0,agent_140071487620192,state_changed
0,agent_140071487620192,state_changed
0,agent_140071487620192,state_changed
0,agent_140071487620192,state_changed
0,agent_140071487620192,state_changed
0,agent_140071487620192,state_changed
0,agent_140071487620192,state_changed
0,agent_140071487620192,state_changed
0,agent_140071487620192,state_changed
0,agent_140071487620192,state_changed
0,agent_140071487620192,state_changed
0,agent_140071487620192,state_changed
0,agent_140071487620192,state_changed
0,agent_140071487620192,state_changed
0,agent_140071487620192,state_changed
0,agent_140071487620192,state_changed
0,agent_140071487620192,state_changed
0,agent_140071487620192,state_changed
0,agent_140071487620192,state_changed
0,agent_319569ad,drone_registered
0,agent_96619913,drone_registered
0,agent_140071487752608,state_changed
0,agent_140071487752608,state_changed
0,agent_140071487752608,state_changed
0,agent_140071487752608,state_changed
0,agent_140071487752608,state_changed
0,agent_140071487752608,state_changed
0,agent_140071487752608,state_changed
0,agent_140071487752608,state_changed
0,agent_140071487752608,state_changed
0,agent_140071487752608,state_changed
0,agent_140071487752608,state_changed
0,agent_140071487752608,state_changed
0,agent_140071487752608,state_changed
0,agent_140071487752608,state_changed
0,agent_140071487752608,state_changed
0,agent_140071487752608,state_changed
0,agent_140071487752608,state_changed
0,agent_140071487752608,state_changed
0,agent_140071487752608,state_changed
0,agent_319569ad,drone_registered
0,agent_96619913,drone_registered
0,agent_140071487852256,state_changed
0,agent_140071487852256,state_changed
0,agent_140071487852256,state_changed
0,agent_140071487852256,state_changed
0,agent_140071487852256,state_changed
0,agent_140071487852256,state_changed
0,agent_140071487852256,state_changed
0,agent_140071487852256,state_changed
0,agent_140071487852256,state_changed
0,agent_140071487852256,state_changed
0,agent_140071487852256,state_changed
0,agent_140071487852256,state_changed
0,agent_140071487852256,state_changed
0,agent_140071487852256,state_changed
0,agent_140071487852256,state_changed
0,agent_140071487852256,state_changed
0,agent_140071487852256,state_changed
0,agent_140071487852256,state_changed
0,agent_140071487852256,state_changed
0,agent_319569ad,drone_registered
0,agent_96619913,drone_registered
0,agent_140071487968288,state_changed
0,agent_140071487968288,state_changed
0,agent_140071487968288,state_changed
0,agent_140071487968288,state_changed
0,agent_140071487968288,state_changed
0,agent_140071487968288,state_changed
0,agent_140071487968288,state_changed
0,agent_140071487968288,state_changed
0,agent_140071487968288,state_changed
0,agent_140071487968288,state_changed
0,agent_140071487968288,state_changed
0,agent_140071487968288,state_changed
0,agent_140071487968288,state_changed
0,agent_140071487968288,state_changed
0,agent_140071487968288,state_changed
0,agent_140071487968288,state_changed
0,agent_140071487968288,state_changed
0,agent_140071487968288,state_changed
0,agent_140071487968288,state_changed
0,agent_319569ad,drone_registered
0,agent_96619913,drone_registered
0,agent_140071488067936,state_changed
0,agent_140071488067936,state_changed
0,agent_140071488067936,state_changed
0,agent_140071488067936,state_changed
0,agent_140071488067936,state_changed
0,agent_140071488067936,state_changed
0,agent_140071488067936,state_changed
0,agent_140071488067936,state_changed
0,agent_140071488067936,state_changed
0,agent_140071488067936,state_changed
0,agent_140071488067936,state_changed
0,agent_140071488067936,state_changed
0,agent_140071488067936,state_changed
0,agent_140071488067936,state_changed
0,agent_140071488067936,state_changed
0,agent_140071488067936,state_changed
0,agent_140071488067936,state_changed
0,agent_140071488067936,state_changed
0,agent_140071488067936,state_changed
0,agent_319569ad,drone_registered
0,agent_96619913,drone_registered
0,agent_140071488151200,state_changed
0,agent_140071488151200,state_changed
0,agent_140071488151200,state_changed
0,agent_140071488151200,state_changed
0,agent_140071488151200,state_changed
0,agent_140071488151200,state_changed
0,agent_140071488151200,state_changed
0,agent_140071488151200,state_changed
0,agent_140071488151200,state_changed
0,agent_140071488151200,state_changed
0,agent_140071488151200,state_changed
0,agent_140071488151200,state_changed
0,agent_140071488151200,state_changed
0,agent_140071488151200,state_changed
0,agent_140071488151200,state_changed
0,agent_140071488151200,state_changed
0,agent_140071488151200,state_changed
0,agent_140071488151200,state_changed
0,agent_140071488151200,state_changed
0,agent_319569ad,drone_registered
0,agent_96619913,drone_registered
0,agent_140071488300000,state_changed
0,agent_140071488300000,state_changed
0,agent_140071488300000,state_changed
0,agent_140071488300000,state_changed
0,agent_140071488300000,state_changed
0,agent_140071488300000,state_changed
0,agent_140071488300000,state_changed
0,agent_140071488300000,state_changed
0,agent_140071488300000,state_changed
0,agent_140071488300000,state_changed
0,agent_140071488300000,state_changed
0,agent_140071488300000,state_changed
0,agent_140071488300000,state_changed
0,agent_140071488300000,state_changed
0,agent_140071488300000,state_changed
0,agent_140071488300000,state_changed
0,agent_140071488300000,state_changed
0,agent_140071488300000,state_changed
0,agent_140071488300000,state_changed
0,agent_319569ad,drone_registered
0,agent_96619913,drone_registered
0,agent_140071488383264,state_changed
0,agent_140071488383264,state_changed
0,agent_140071488383264,state_changed
0,agent_140071488383264,state_changed
0,agent_140071488383264,state_changed
0,agent_140071488383264,state_changed
0,agent_140071488383264,state_changed
0,agent_140071488383264,state_changed
0,agent_140071488383264,state_changed
0,agent_140071488383264,state_changed
0,agent_140071488383264,state_changed
0,agent_140071488383264,state_changed
0,agent_140071488383264,state_changed
0,agent_140071488383264,state_changed
0,agent_140071488383264,state_changed
0,agent_140071488383264,state_changed
0,agent_140071488383264,state_changed
0,agent_140071488383264,state_changed
0,agent_140071488383264,state_changed
0,agent_319569ad,drone_registered
0,agent_96619913,drone_registered
0,agent_140071486434912,state_changed
0,agent_140071486434912,state_changed
0,agent_140071486434912,state_changed
0,agent_140071486434912,state_changed
0,agent_140071486434912,state_changed
0,agent_140071486434912,state_changed
0,agent_140071486434912,state_changed
0,agent_140071486434912,state_changed
0,agent_140071486434912,state_changed
0,agent_140071486434912,state_changed
0,agent_140071486434912,state_changed
0,agent_140071486434912,state_changed
0,agent_140071486434912,state_changed
0,agent_140071486434912,state_changed
0,agent_140071486434912,state_changed
0,agent_140071486434912,state_changed
0,agent_140071486434912,state_changed
0,agent_140071486434912,state_changed
0,agent_140071486434912,state_changed
0,agent_319569ad,drone_registered
0,agent_96619913,drone_registered
0,agent_140071486518176,state_changed
0,agent_140071486518176,state_changed
0,agent_140071486518176,state_changed
0,agent_140071486518176,state_changed
0,agent_140071486518176,state_changed
0,agent_140071486518176,state_changed
0,agent_140071486518176,state_changed
0,agent_140071486518176,state_changed
0,agent_140071486518176,state_changed
0,agent_140071486518176,state_changed
0,agent_140071486518176,state_changed
0,agent_140071486518176,state_changed
0,agent_140071486518176,state_changed
0,agent_140071486518176,state_changed
0,agent_140071486518176,state_changed
0,agent_140071486518176,state_changed
0,agent_140071486518176,state_changed
0,agent_140071486518176,state_changed
0,agent_140071486518176,state_changed
0,agent_319569ad,drone_registered
0,agent_96619913,drone_registered
0,agent_140071486617824,state_changed
0,agent_140071486617824,state_changed
0,agent_140071486617824,state_changed
0,agent_140071486617824,state_changed
0,agent_140071486617824,state_changed
0,agent_140071486617824,state_changed
0,agent_140071486617824,state_changed
0,agent_140071486617824,state_changed
0,agent_140071486617824,state_changed
0,agent_140071486617824,state_changed
0,agent_140071486617824,state_changed
0,agent_140071486617824,state_changed
0,agent_140071486617824,state_changed
0,agent_140071486617824,state_changed
0,agent_140071486617824,state_changed
0,agent_140071486617824,state_changed
0,agent_140071486617824,state_changed
0,agent_140071486617824,state_changed
0,agent_140071486617824,state_changed
0,agent_319569ad,drone_registered
0,agent_96619913,drone_registered
0,agent_140071486734000,state_changed
0,agent_140071486734000,state_changed
0,agent_140071486734000,state_changed
0,agent_140071486734000,state_changed
0,agent_140071486734000,state_changed
0,agent_140071486734000,state_changed
0,agent_140071486734000,state_changed
0,agent_140071486734000,state_changed
0,agent_140071486734000,state_changed
0,agent_140071486734000,state_changed
0,agent_140071486734000,state_changed
0,agent_140071486734000,state_changed
0,agent_140071486734000,state_changed
0,agent_140071486734000,state_changed
0,agent_140071486734000,state_changed
0,agent_140071486734000,state_changed
0,agent_140071486734000,state_changed
0,agent_140071486734000,state_changed
0,agent_140071486734000,state_changed
0,agent_319569ad,drone_registered
0,agent_96619913,drone_registered
0,agent_140071486915632,state_changed
0,agent_140071486915632,state_changed
0,agent_140071486915632,state_changed
0,agent_140071486915632,state_changed
0,agent_140071486915632,state_changed
0,agent_140071486915632,state_changed
0,agent_140071486915632,state_changed
0,agent_140071486915632,state_changed
0,agent_140071486915632,state_changed
0,agent_140071486915632,state_changed
0,agent_140071486915632,state_changed
0,agent_140071486915632,state_changed
0,agent_140071486915632,state_changed
0,agent_140071486915632,state_changed
0,agent_140071486915632,state_changed
0,agent_140071486915632,state_changed
0,agent_140071486915632,state_changed
0,agent_140071486915632,state_changed
0,agent_140071486915632,state_changed
0,agent_319569ad,drone_registered
0,agent_96619913,drone_registered
0,agent_140071487048048,state_changed
0,agent_140071487048048,state_changed
0,agent_140071487048048,state_changed
0,agent_140071487048048,state_changed
0,agent_140071487048048,state_changed
0,agent_140071487048048,state_changed
0,agent_140071487048048,state_changed
0,agent_140071487048048,state_changed
0,agent_140071487048048,state_changed
0,agent_140071487048048,state_changed
0,agent_140071487048048,state_changed
0,agent_140071487048048,state_changed
0,agent_140071487048048,state_changed
0,agent_140071487048048,state_changed
0,agent_140071487048048,state_changed
0,agent_140071487048048,state_changed
0,agent_140071487048048,state_changed
0,agent_140071487048048,state_changed
0,agent_140071487048048,state_changed
0,agent_319569ad,drone_registered
0,agent_96619913,drone_registered
0,agent_140071487147696,state_changed
0,agent_140071487147696,state_changed
0,agent_140071487147696,state_changed
0,agent_140071487147696,state_changed
0,agent_140071487147696,state_changed
0,agent_140071487147696,state_changed
0,agent_140071487147696,state_changed
0,agent_140071487147696,state_changed
0,agent_140071487147696,state_changed
0,agent_140071487147696,state_changed
0,agent_140071487147696,state_changed
0,agent_140071487147696,state_changed
0,agent_140071487147696,state_changed
0,agent_140071487147696,state_changed
0,agent_140071487147696,state_changed
0,agent_140071487147696,state_changed
0,agent_140071487147696,state_changed
0,agent_140071487147696,state_changed
0,agent_140071487147696,state_changed
0,agent_319569ad,drone_registered
0,agent_96619913,drone_registered
0,agent_140071487263728,state_changed
0,agent_140071487263728,state_changed
0,agent_140071487263728,state_changed
0,agent_140071487263728,state_changed
0,agent_140071487263728,state_changed
0,agent_140071487263728,state_changed
0,agent_140071487263728,state_changed
0,agent_140071487263728,state_changed
0,agent_140071487263728,state_changed
0,agent_140071487263728,state_changed
0,agent_140071487263728,state_changed
0,agent_140071487263728,state_changed
0,agent_140071487263728,state_changed
0,agent_140071487263728,state_changed
0,agent_140071487263728,state_changed
0,agent_140071487263728,state_changed
0,agent_140071487263728,state_changed
0,agent_140071487263728,state_changed
0,agent_140071487263728,state_changed
0,agent_319569ad,drone_registered
0,agent_96619913,drone_registered
0,agent_140071487363376,state_changed
0,agent_140071487363376,state_changed
0,agent_140071487363376,state_changed
0,agent_140071487363376,state_changed
0,agent_140071487363376,state_changed
0,agent_140071487363376,state_changed
0,agent_140071487363376,state_changed
0,agent_140071487363376,state_changed
0,agent_140071487363376,state_changed
0,agent_140071487363376,state_changed
0,agent_140071487363376,state_changed
0,agent_140071487363376,state_changed
0,agent_140071487363376,state_changed
0,agent_140071487363376,state_changed
0,agent_140071487363376,state_changed
0,agent_140071487363376,state_changed
0,agent_140071487363376,state_changed
0,agent_140071487363376,state_changed
0,agent_140071487363376,state_changed
0,agent_319569ad,drone_registered
0,agent_96619913,drone_registered
0,agent_140071485415024,state_changed
0,agent_140071485415024,state_changed
0,agent_140071485415024,state_changed
0,agent_140071485415024,state_changed
0,agent_140071485415024,state_changed
0,agent_140071485415024,state_changed
0,agent_140071485415024,state_changed
0,agent_140071485415024,state_changed
0,agent_140071485415024,state_changed
0,agent_140071485415024,state_changed
0,agent_140071485415024,state_changed
0,agent_140071485415024,state_changed
0,agent_140071485415024,state_changed
0,agent_140071485415024,state_changed
0,agent_140071485415024,state_changed
0,agent_140071485415024,state_changed
0,agent_140071485415024,state_changed
0,agent_140071485415024,state_changed
0,agent_140071485415024,state_changed
0,agent_319569ad,drone_registered
0,agent_96619913,drone_registered
0,agent_140071485498288,state_changed
0,agent_140071485498288,state_changed
0,agent_140071485498288,state_changed
0,agent_140071485498288,state_changed
0,agent_140071485498288,state_changed
0,agent_140071485498288,state_changed
0,agent_140071485498288,state_changed
0,agent_140071485498288,state_changed
0,agent_140071485498288,state_changed
0,agent_140071485498288,state_changed
0,agent_140071485498288,state_changed
0,agent_140071485498288,state_changed
0,agent_140071485498288,state_changed
0,agent_140071485498288,state_changed
0,agent_140071485498288,state_changed
0,agent_140071485498288,state_changed
0,agent_140071485498288,state_changed
0,agent_140071485498288,state_changed
0,agent_140071485498288,state_changed
0,agent_319569ad,drone_registered
0,agent_96619913,drone_registered
0,agent_140071485597936,state_changed
0,agent_140071485597936,state_changed
0,agent_140071485597936,state_changed
0,agent_140071485597936,state_changed
0,agent_140071485597936,state_changed
0,agent_140071485597936,state_changed
0,agent_140071485597936,state_changed
0,agent_140071485597936,state_changed
0,agent_140071485597936,state_changed
0,agent_140071485597936,state_changed
0,agent_140071485597936,state_changed
0,agent_140071485597936,state_changed
0,agent_140071485597936,state_changed
0,agent_140071485597936,state_changed
0,agent_140071485597936,state_changed
0,agent_140071485597936,state_changed
0,agent_140071485597936,state_changed
0,agent_140071485597936,state_changed
0,agent_140071485597936,state_changed
0,agent_319569ad,drone_registered
0,agent_96619913,drone_registered
0,agent_140071485730352,state_changed
0,agent_140071485730352,state_changed
0,agent_140071485730352,state_changed
0,agent_140071485730352,state_changed
0,agent_140071485730352,state_changed
0,agent_140071485730352,state_changed
0,agent_140071485730352,state_changed
0,agent_140071485730352,state_changed
0,agent_140071485730352,state_changed
0,agent_140071485730352,state_changed
0,agent_140071485730352,state_changed
0,agent_140071485730352,state_changed
0,agent_140071485730352,state_changed
0,agent_140071485730352,state_changed
0,agent_140071485730352,state_changed
0,agent_140071485730352,state_changed
0,agent_140071485730352,state_changed
0,agent_140071485730352,state_changed
0,agent_140071485730352,state_changed
0,agent_319569ad,drone_registered
0,agent_96619913,drone_registered
0,agent_140071485813616,state_changed
0,agent_140071485813616,state_changed
0,agent_140071485813616,state_changed
0,agent_140071485813616,state_changed
0,agent_140071485813616,state_changed
0,agent_140071485813616,state_changed
0,agent_140071485813616,state_changed
0,agent_140071485813616,state_changed
0,agent_140071485813616,state_changed
0,agent_140071485813616,state_changed
0,agent_140071485813616,state_changed
0,agent_140071485813616,state_changed
0,agent_140071485813616,state_changed
0,agent_140071485813616,state_changed
0,agent_140071485813616,state_changed
0,agent_140071485813616,state_changed
0,agent_140071485813616,state_changed
0,agent_140071485813616,state_changed
0,agent_140071485813616,state_changed
0,agent_319569ad,drone_registered
0,agent_96619913,drone_registered
0,agent_140071485946032,state_changed
0,agent_140071485946032,state_changed
0,agent_140071485946032,state_changed
0,agent_140071485946032,state_changed
0,agent_140071485946032,state_changed
0,agent_140071485946032,state_changed
0,agent_140071485946032,state_changed
0,agent_140071485946032,state_changed
0,agent_140071485946032,state_changed
0,agent_140071485946032,state_changed
0,agent_140071485946032,state_changed
0,agent_140071485946032,state_changed
0,agent_140071485946032,state_changed
0,agent_140071485946032,state_changed
0,agent_140071485946032,state_changed
0,agent_140071485946032,state_changed
0,agent_140071485946032,state_changed
0,agent_140071485946032,state_changed
0,agent_140071485946032,state_changed
0,agent_319569ad,drone_registered
0,agent_96619913,drone_registered
0,agent_140071486029296,state_changed
0,agent_140071486029296,state_changed
0,agent_140071486029296,state_changed
0,agent_140071486029296,state_changed
0,agent_140071486029296,state_changed
0,agent_140071486029296,state_changed
0,agent_140071486029296,state_changed
0,agent_140071486029296,state_changed
0,agent_140071486029296,state_changed
0,agent_140071486029296,state_changed
0,agent_140071486029296,state_changed
0,agent_140071486029296,state_changed
0,agent_140071486029296,state_changed
0,agent_140071486029296,state_changed
0,agent_140071486029296,state_changed
0,agent_140071486029296,state_changed
0,agent_140071486029296,state_changed
0,agent_140071486029296,state_changed
0,agent_140071486029296,state_changed
0,agent_319569ad,drone_registered
0,agent_96619913,drone_registered
0,agent_140071486227312,state_changed
0,agent_140071486227312,state_changed
0,agent_140071486227312,state_changed
0,agent_140071486227312,state_changed
0,agent_140071486227312,state_changed
0,agent_140071486227312,state_changed
0,agent_140071486227312,state_changed
0,agent_140071486227312,state_changed
0,agent_140071486227312,state_changed
0,agent_140071486227312,state_changed
0,agent_140071486227312,state_changed
0,agent_140071486227312,state_changed
0,agent_140071486227312,state_changed
0,agent_140071486227312,state_changed
0,agent_140071486227312,state_changed
0,agent_140071486227312,state_changed
0,agent_140071486227312,state_changed
0,agent_140071486227312,state_changed
0,agent_140071486227312,state_changed
0,agent_319569ad,drone_registered
0,agent_96619913,drone_registered
0,agent_140071486326960,state_changed
0,agent_140071486326960,state_changed
0,agent_140071486326960,state_changed
0,agent_140071486326960,state_changed
0,agent_140071486326960,state_changed
0,agent_140071486326960,state_changed
0,agent_140071486326960,state_changed
0,agent_140071486326960,state_changed
0,agent_140071486326960,state_changed
0,agent_140071486326960,state_changed
0,agent_140071486326960,state_changed
0,agent_140071486326960,state_changed
0,agent_140071486326960,state_changed
0,agent_140071486326960,state_changed
0,agent_140071486326960,state_changed
0,agent_140071486326960,state_changed
0,agent_140071486326960,state_changed
0,agent_140071486326960,state_changed
0,agent_140071486326960,state_changed
0,agent_319569ad,drone_registered
0,agent_96619913,drone_registered
0,agent_140071484362224,state_changed
0,agent_140071484362224,state_changed
0,agent_140071484362224,state_changed
0,agent_140071484362224,state_changed
0,agent_140071484362224,state_changed
0,agent_140071484362224,state_changed
0,agent_140071484362224,state_changed
0,agent_140071484362224,state_changed
0,agent_140071484362224,state_changed
0,agent_140071484362224,state_changed
0,agent_140071484362224,state_changed
0,agent_140071484362224,state_changed
0,agent_140071484362224,state_changed
0,agent_140071484362224,state_changed
0,agent_140071484362224,state_changed
0,agent_140071484362224,state_changed
0,agent_140071484362224,state_changed
0,agent_140071484362224,state_changed
0,agent_140071484362224,state_changed
0,agent_319569ad,drone_registered
0,agent_96619913,drone_registered
0,agent_140071484478256,state_changed
0,agent_140071484478256,state_changed
0,agent_140071484478256,state_changed
0,agent_140071484478256,state_changed
0,agent_140071484478256,state_changed
0,agent_140071484478256,state_changed
0,agent_140071484478256,state_changed
0,agent_140071484478256,state_changed
0,agent_140071484478256,state_changed
0,agent_140071484478256,state_changed
0,agent_140071484478256,state_changed
0,agent_140071484478256,state_changed
0,agent_140071484478256,state_changed
0,agent_140071484478256,state_changed
0,agent_140071484478256,state_changed
0,agent_140071484478256,state_changed
0,agent_140071484478256,state_changed
0,agent_140071484478256,state_changed
0,agent_140071484478256,state_changed
0,agent_319569ad,drone_registered
0,agent_96619913,drone_registered
0,agent_140071484561520,state_changed
0,agent_140071484561520,state_changed
0,agent_140071484561520,state_changed
0,agent_140071484561520,state_changed
0,agent_140071484561520,state_changed
0,agent_140071484561520,state_changed
0,agent_140071484561520,state_changed
0,agent_140071484561520,state_changed
0,agent_140071484561520,state_changed
0,agent_140071484561520,state_changed
0,agent_140071484561520,state_changed
0,agent_140071484561520,state_changed
0,agent_140071484561520,state_changed
0,agent_140071484561520,state_changed
0,agent_140071484561520,state_changed
0,agent_140071484561520,state_changed
0,agent_140071484561520,state_changed
0,agent_140071484561520,state_changed
0,agent_140071484561520,state_changed
0,agent_319569ad,drone_registered
0,agent_96619913,drone_registered
0,agent_140071484693936,state_changed
0,agent_140071484693936,state_changed
0,agent_140071484693936,state_changed
0,agent_140071484693936,state_changed
0,agent_140071484693936,state_changed
0,agent_140071484693936,state_changed
0,agent_140071484693936,state_changed
0,agent_140071484693936,state_changed
0,agent_140071484693936,state_changed
0,agent_140071484693936,state_changed
0,agent_140071484693936,state_changed
0,agent_140071484693936,state_changed
0,agent_140071484693936,state_changed
0,agent_140071484693936,state_changed
0,agent_140071484693936,state_changed
0,agent_140071484693936,state_changed
0,agent_140071484693936,state_changed
0,agent_140071484693936,state_changed
0,agent_140071484693936,state_changed
0,agent_319569ad,drone_registered
0,agent_96619913,drone_registered
0,agent_140071484842736,state_changed
0,agent_140071484842736,state_changed
0,agent_140071484842736,state_changed
0,agent_140071484842736,state_changed
0,agent_140071484842736,state_changed
0,agent_140071484842736,state_changed
0,agent_140071484842736,state_changed
0,agent_140071484842736,state_changed
0,agent_140071484842736,state_changed
0,agent_140071484842736,state_changed
0,agent_140071484842736,state_changed
0,agent_140071484842736,state_changed
0,agent_140071484842736,state_changed
0,agent_140071484842736,state_changed
0,agent_140071484842736,state_changed
0,agent_140071484842736,state_changed
0,agent_140071484842736,state_changed
0,agent_140071484842736,state_changed
0,agent_140071484842736,state_changed
0,agent_319569ad,drone_registered
0,agent_96619913,drone_registered
0,agent_140071484958768,state_changed
0,agent_140071484958768,state_changed
0,agent_140071484958768,state_changed
0,agent_140071484958768,state_changed
0,agent_140071484958768,state_changed
0,agent_140071484958768,state_changed
0,agent_140071484958768,state_changed
0,agent_140071484958768,state_changed
0,agent_140071484958768,state_changed
0,agent_140071484958768,state_changed
0,agent_140071484958768,state_changed
0,agent_140071484958768,state_changed
0,agent_140071484958768,state_changed
0,agent_140071484958768,state_changed
0,agent_140071484958768,state_changed
0,agent_140071484958768,state_changed
0,agent_140071484958768,state_changed
0,agent_140071484958768,state_changed
0,agent_140071484958768,state_changed
0,agent_319569ad,drone_registered
0,agent_96619913,drone_registered
0,agent_140071485025648,state_changed
0,agent_140071485025648,state_changed
0,agent_140071485025648,state_changed
0,agent_140071485025648,state_changed
0,agent_140071485025648,state_changed
0,agent_140071485025648,state_changed
0,agent_140071485025648,state_changed
0,agent_140071485025648,state_changed
0,agent_140071485025648,state_changed
0,agent_140071485025648,state_changed
0,agent_140071485025648,state_changed
0,agent_140071485025648,state_changed
0,agent_140071485025648,state_changed
0,agent_140071485025648,state_changed
0,agent_140071485025648,state_changed
0,agent_140071485025648,state_changed
0,agent_140071485025648,state_changed
0,agent_140071485025648,state_changed
0,agent_140071485025648,state_changed
0,agent_319569ad,drone_registered
0,agent_96619913,drone_registered
0,agent_140071485125296,state_changed
0,agent_140071485125296,state_changed
0,agent_140071485125296,state_changed
0,agent_140071485125296,state_changed
0,agent_140071485125296,state_changed
0,agent_140071485125296,state_changed
0,agent_140071485125296,state_changed
0,agent_140071485125296,state_changed
0,agent_140071485125296,state_changed
0,agent_140071485125296,state_changed
0,agent_140071485125296,state_changed
0,agent_140071485125296,state_changed
0,agent_140071485125296,state_changed
0,agent_140071485125296,state_changed
0,agent_140071485125296,state_changed
0,agent_140071485125296,state_changed
0,agent_140071485125296,state_changed
0,agent_140071485125296,state_changed
0,agent_140071485125296,state_changed
0,agent_319569ad,drone_registered
0,agent_96619913,drone_registered
0,agent_140071485258096,state_changed
0,agent_140071485258096,state_changed
0,agent_140071485258096,state_changed
0,agent_140071485258096,state_changed
0,agent_140071485258096,state_changed
0,agent_140071485258096,state_changed
0,agent_140071485258096,state_changed
0,agent_140071485258096,state_changed
0,agent_140071485258096,state_changed
0,agent_140071485258096,state_changed
0,agent_140071485258096,state_changed
0,agent_140071485258096,state_changed
0,agent_140071485258096,state_changed
0,agent_140071485258096,state_changed
0,agent_140071485258096,state_changed
0,agent_140071485258096,state_changed
0,agent_140071485258096,state_changed
0,agent_140071485258096,state_changed
0,agent_140071485258096,state_changed
0,agent_319569ad,drone_registered
0,agent_96619913,drone_registered
0,agent_140071483260592,state_changed
0,agent_140071483260592,state_changed
0,agent_140071483260592,state_changed
0,agent_140071483260592,state_changed
0,agent_140071483260592,state_changed
0,agent_140071483260592,state_changed
0,agent_140071483260592,state_changed
0,agent_140071483260592,state_changed
0,agent_140071483260592,state_changed
0,agent_140071483260592,state_changed
0,agent_140071483260592,state_changed
0,agent_140071483260592,state_changed
0,agent_140071483260592,state_changed
0,agent_140071483260592,state_changed
0,agent_140071483260592,state_changed
0,agent_140071483260592,state_changed
0,agent_140071483260592,state_changed
0,agent_140071483260592,state_changed
0,agent_140071483260592,state_changed
0,agent_319569ad,drone_registered
0,agent_96619913,drone_registered
0,agent_140071483474992,state_changed
0,agent_140071483474992,state_changed
0,agent_140071483474992,state_changed
0,agent_140071483474992,state_changed
0,agent_140071483474992,state_changed
0,agent_140071483474992,state_changed
0,agent_140071483474992,state_changed
0,agent_140071483474992,state_changed
0,agent_140071483474992,state_changed
0,agent_140071483474992,state_changed
0,agent_140071483474992,state_changed
0,agent_140071483474992,state_changed
0,agent_140071483474992,state_changed
0,agent_140071483474992,state_changed
0,agent_140071483474992,state_changed
0,agent_140071483474992,state_changed
0,agent_140071483474992,state_changed
0,agent_140071483474992,state_changed
0,agent_140071483474992,state_changed
0,agent_319569ad,drone_registered
0,agent_96619913,drone_registered
0,agent_140071483558256,state_changed
0,agent_140071483558256,state_changed
0,agent_140071483558256,state_changed
0,agent_140071483558256,state_changed
0,agent_140071483558256,state_changed
0,agent_140071483558256,state_changed
0,agent_140071483558256,state_changed
0,agent_140071483558256,state_changed
0,agent_140071483558256,state_changed
0,agent_140071483558256,state_changed
0,agent_140071483558256,state_changed
0,agent_140071483558256,state_changed
0,agent_140071483558256,state_changed
0,agent_140071483558256,state_changed
0,agent_140071483558256,state_changed
0,agent_140071483558256,state_changed
0,agent_140071483558256,state_changed
0,agent_140071483558256,state_changed
0,agent_140071483558256,state_changed
0,agent_319569ad,drone_registered
0,agent_96619913,drone_registered
0,agent_140071483690672,state_changed
0,agent_140071483690672,state_changed
0,agent_140071483690672,state_changed
0,agent_140071483690672,state_changed
0,agent_140071483690672,state_changed
0,agent_140071483690672,state_changed
0,agent_140071483690672,state_changed
0,agent_140071483690672,state_changed
0,agent_140071483690672,state_changed
0,agent_140071483690672,state_changed
0,agent_140071483690672,state_changed
0,agent_140071483690672,state_changed
0,agent_140071483690672,state_changed
0,agent_140071483690672,state_changed
0,agent_140071483690672,state_changed
0,agent_140071483690672,state_changed
0,agent_140071483690672,state_changed
0,agent_140071483690672,state_changed
0,agent_140071483690672,state_changed
0,agent_319569ad,drone_registered
0,agent_96619913,drone_registered
0,agent_140071483773936,state_changed
0,agent_140071483773936,state_changed
0,agent_140071483773936,state_changed
0,agent_140071483773936,state_changed
0,agent_140071483773936,state_changed
0,agent_140071483773936,state_changed
0,agent_140071483773936,state_changed
0,agent_140071483773936,state_changed
0,agent_140071483773936,state_changed
0,agent_140071483773936,state_changed
0,agent_140071483773936,state_changed
0,agent_140071483773936,state_changed
0,agent_140071483773936,state_changed
0,agent_140071483773936,state_changed
0,agent_140071483773936,state_changed
0,agent_140071483773936,state_changed
0,agent_140071483773936,state_changed
0,agent_140071483773936,state_changed
0,agent_140071483773936,state_changed
0,agent_319569ad,drone_registered
0,agent_96619913,drone_registered
0,agent_140071483906352,state_changed
0,agent_140071483906352,state_changed
0,agent_140071483906352,state_changed
0,agent_140071483906352,state_changed
0,agent_140071483906352,state_changed
0,agent_140071483906352,state_changed
0,agent_140071483906352,state_changed
0,agent_140071483906352,state_changed
0,agent_140071483906352,state_changed
0,agent_140071483906352,state_changed
0,agent_140071483906352,state_changed
0,agent_140071483906352,state_changed
0,agent_140071483906352,state_changed
0,agent_140071483906352,state_changed
0,agent_140071483906352,state_changed
0,agent_140071483906352,state_changed
0,agent_140071483906352,state_changed
0,agent_140071483906352,state_changed
0,agent_140071483906352,state_changed
0,agent_319569ad,drone_registered
0,agent_96619913,drone_registered
0,agent_140071484006000,state_changed
0,agent_140071484006000,state_changed
0,agent_140071484006000,state_changed
0,agent_140071484006000,state_changed
0,agent_140071484006000,state_changed
0,agent_140071484006000,state_changed
0,agent_140071484006000,state_changed
0,agent_140071484006000,state_changed
0,agent_140071484006000,state_changed
0,agent_140071484006000,state_changed
0,agent_140071484006000,state_changed
0,agent_140071484006000,state_changed
0,agent_140071484006000,state_changed
0,agent_140071484006000,state_changed
0,agent_140071484006000,state_changed
0,agent_140071484006000,state_changed
0,agent_140071484006000,state_changed
0,agent_140071484006000,state_changed
0,agent_140071484006000,state_changed
0,agent_319569ad,drone_registered
0,agent_96619913,drone_registered
0,agent_140071484089264,state_changed
0,agent_140071484089264,state_changed
0,agent_140071484089264,state_changed
0,agent_140071484089264,state_changed
0,agent_140071484089264,state_changed
0,agent_140071484089264,state_changed
0,agent_140071484089264,state_changed
0,agent_140071484089264,state_changed
0,agent_140071484089264,state_changed
0,agent_140071484089264,state_changed
0,agent_140071484089264,state_changed
0,agent_140071484089264,state_changed
0,agent_140071484089264,state_changed
0,agent_140071484089264,state_changed
0,agent_140071484089264,state_changed
0,agent_140071484089264,state_changed
0,agent_140071484089264,state_changed
0,agent_140071484089264,state_changed
0,agent_140071484089264,state_changed
0,agent_319569ad,drone_registered
0,agent_96619913,drone_registered
0,agent_140071484221680,state_changed
0,agent_140071484221680,state_changed
0,agent_140071484221680,state_changed
0,agent_140071484221680,state_changed
0,agent_140071484221680,state_changed
0,agent_140071484221680,state_changed
0,agent_140071484221680,state_changed
0,agent_140071484221680,state_changed
0,agent_140071484221680,state_changed
0,agent_140071484221680,state_changed
0,agent_140071484221680,state_changed
0,agent_140071484221680,state_changed
0,agent_140071484221680,state_changed
0,agent_140071484221680,state_changed
0,agent_140071484221680,state_changed
0,agent_140071484221680,state_changed
0,agent_140071484221680,state_changed
0,agent_140071484221680,state_changed
0,agent_140071484221680,state_changed
0,agent_319569ad,drone_registered
0,agent_96619913,drone_registered
0,agent_140071482240560,state_changed
0,agent_140071482240560,state_changed
0,agent_140071482240560,state_changed
0,agent_140071482240560,state_changed
0,agent_140071482240560,state_changed
0,agent_140071482240560,state_changed
0,agent_140071482240560,state_changed
0,agent_140071482240560,state_changed
0,agent_140071482240560,state_changed
0,agent_140071482240560,state_changed
0,agent_140071482240560,state_changed
0,agent_140071482240560,state_changed
0,agent_140071482240560,state_changed
0,agent_140071482240560,state_changed
0,agent_140071482240560,state_changed
0,agent_140071482240560,state_changed
0,agent_140071482240560,state_changed
0,agent_140071482240560,state_changed
0,agent_140071482240560,state_changed
0,agent_319569ad,drone_registered
0,agent_96619913,drone_registered
0,agent_140071482356592,state_changed
0,agent_140071482356592,state_changed
0,agent_140071482356592,state_changed
0,agent_140071482356592,state_changed
0,agent_140071482356592,state_changed
0,agent_140071482356592,state_changed
0,agent_140071482356592,state_changed
0,agent_140071482356592,state_changed
0,agent_140071482356592,state_changed
0,agent_140071482356592,state_changed
0,agent_140071482356592,state_changed
0,agent_140071482356592,state_changed
0,agent_140071482356592,state_changed
0,agent_140071482356592,state_changed
0,agent_140071482356592,state_changed
0,agent_140071482356592,state_changed
0,agent_140071482356592,state_changed
0,agent_140071482356592,state_changed
0,agent_140071482356592,state_changed
0,agent_319569ad,drone_registered
0,agent_96619913,drone_registered
0,agent_140071482489008,state_changed
0,agent_140071482489008,state_changed
0,agent_140071482489008,state_changed
0,agent_140071482489008,state_changed
0,agent_140071482489008,state_changed
0,agent_140071482489008,state_changed
0,agent_140071482489008,state_changed
0,agent_140071482489008,state_changed
0,agent_140071482489008,state_changed
0,agent_140071482489008,state_changed
0,agent_140071482489008,state_changed
0,agent_140071482489008,state_changed
0,agent_140071482489008,state_changed
0,agent_140071482489008,state_changed
0,agent_140071482489008,state_changed
0,agent_140071482489008,state_changed
0,agent_140071482489008,state_changed
0,agent_140071482489008,state_changed
0,agent_140071482489008,state_changed
0,agent_319569ad,drone_registered
0,agent_96619913,drone_registered
0,agent_140071482572272,state_changed
0,agent_140071482572272,state_changed
0,agent_140071482572272,state_changed
0,agent_140071482572272,state_changed
0,agent_140071482572272,state_changed
0,agent_140071482572272,state_changed
0,agent_140071482572272,state_changed
0,agent_140071482572272,state_changed
0,agent_140071482572272,state_changed
0,agent_140071482572272,state_changed
0,agent_140071482572272,state_changed
0,agent_140071482572272,state_changed
0,agent_140071482572272,state_changed
0,agent_140071482572272,state_changed
0,agent_140071482572272,state_changed
0,agent_140071482572272,state_changed
0,agent_140071482572272,state_changed
0,agent_140071482572272,state_changed
0,agent_140071482572272,state_changed
0,agent_319569ad,drone_registered
0,agent_96619913,drone_registered
0,agent_140071482753904,state_changed
0,agent_140071482753904,state_changed
0,agent_140071482753904,state_changed
0,agent_140071482753904,state_changed
0,agent_140071482753904,state_changed
0,agent_140071482753904,state_changed
0,agent_140071482753904,state_changed
0,agent_140071482753904,state_changed
0,agent_140071482753904,state_changed
0,agent_140071482753904,state_changed
0,agent_140071482753904,state_changed
0,agent_140071482753904,state_changed
0,agent_140071482753904,state_changed
0,agent_140071482753904,state_changed
0,agent_140071482753904,state_changed
0,agent_140071482753904,state_changed
0,agent_140071482753904,state_changed
0,agent_140071482753904,state_changed
0,agent_140071482753904,state_changed
0,agent_319569ad,drone_registered
0,agent_96619913,drone_registered
0,agent_140071482886320,state_changed
0,agent_140071482886320,state_changed
0,agent_140071482886320,state_changed
0,agent_140071482886320,state_changed
0,agent_140071482886320,state_changed
0,agent_140071482886320,state_changed
0,agent_140071482886320,state_changed
0,agent_140071482886320,state_changed
0,agent_140071482886320,state_changed
0,agent_140071482886320,state_changed
0,agent_140071482886320,state_changed
0,agent_140071482886320,state_changed
0,agent_140071482886320,state_changed
0,agent_140071482886320,state_changed
0,agent_140071482886320,state_changed
0,agent_140071482886320,state_changed
0,agent_140071482886320,state_changed
0,agent_140071482886320,state_changed
0,agent_140071482886320,state_changed
0,agent_319569ad,drone_registered
0,agent_96619913,drone_registered
0,agent_140071482985968,state_changed
0,agent_140071482985968,state_changed
0,agent_140071482985968,state_changed
0,agent_140071482985968,state_changed
0,agent_140071482985968,state_changed
0,agent_140071482985968,state_changed
0,agent_140071482985968,state_changed
0,agent_140071482985968,state_changed
0,agent_140071482985968,state_changed
0,agent_140071482985968,state_changed
0,agent_140071482985968,state_changed
0,agent_140071482985968,state_changed
0,agent_140071482985968,state_changed
0,agent_140071482985968,state_changed
0,agent_140071482985968,state_changed
0,agent_140071482985968,state_changed
0,agent_140071482985968,state_changed
0,agent_140071482985968,state_changed
0,agent_140071482985968,state_changed
0,agent_319569ad,drone_registered
0,agent_96619913,drone_registered
0,agent_140071483102000,state_changed
0,agent_140071483102000,state_changed
0,agent_140071483102000,state_changed
0,agent_140071483102000,state_changed
0,agent_140071483102000,state_changed
0,agent_140071483102000,state_changed
0,agent_140071483102000,state_changed
0,agent_140071483102000,state_changed
0,agent_140071483102000,state_changed
0,agent_140071483102000,state_changed
0,agent_140071483102000,state_changed
0,agent_140071483102000,state_changed
0,agent_140071483102000,state_changed
0,agent_140071483102000,state_changed
0,agent_140071483102000,state_changed
0,agent_140071483102000,state_changed
0,agent_140071483102000,state_changed
0,agent_140071483102000,state_changed
0,agent_140071483102000,state_changed
0,agent_319569ad,drone_registered
0,agent_96619913,drone_registered
0,agent_140071481153648,state_changed
0,agent_140071481153648,state_changed
0,agent_140071481153648,state_changed
0,agent_140071481153648,state_changed
0,agent_140071481153648,state_changed
0,agent_140071481153648,state_changed
0,agent_140071481153648,state_changed
0,agent_140071481153648,state_changed
0,agent_140071481153648,state_changed
0,agent_140071481153648,state_changed
0,agent_140071481153648,state_changed
0,agent_140071481153648,state_changed
0,agent_140071481153648,state_changed
0,agent_140071481153648,state_changed
0,agent_140071481153648,state_changed
0,agent_140071481153648,state_changed
0,agent_140071481153648,state_changed
0,agent_140071481153648,state_changed
0,agent_140071481153648,state_changed
0,agent_319569ad,drone_registered
0,agent_96619913,drone_registered
0,agent_140071481220528,state_changed
0,agent_140071481220528,state_changed
0,agent_140071481220528,state_changed
0,agent_140071481220528,state_changed
0,agent_140071481220528,state_changed
0,agent_140071481220528,state_changed
0,agent_140071481220528,state_changed
0,agent_140071481220528,state_changed
0,agent_140071481220528,state_changed
0,agent_140071481220528,state_changed
0,agent_140071481220528,state_changed
0,agent_140071481220528,state_changed
0,agent_140071481220528,state_changed
0,agent_140071481220528,state_changed
0,agent_140071481220528,state_changed
0,agent_140071481220528,state_changed
0,agent_140071481220528,state_changed
0,agent_140071481220528,state_changed
0,agent_140071481220528,state_changed
0,agent_319569ad,drone_registered
0,agent_96619913,drone_registered
0,agent_140071481320176,state_changed
0,agent_140071481320176,state_changed
0,agent_140071481320176,state_changed
0,agent_140071481320176,state_changed
0,agent_140071481320176,state_changed
0,agent_140071481320176,state_changed
0,agent_140071481320176,state_changed
0,agent_140071481320176,state_changed
0,agent_140071481320176,state_changed
0,agent_140071481320176,state_changed
0,agent_140071481320176,state_changed
0,agent_140071481320176,state_changed
0,agent_140071481320176,state_changed
0,agent_140071481320176,state_changed
0,agent_140071481320176,state_changed
0,agent_140071481320176,state_changed
0,agent_140071481320176,state_changed
0,agent_140071481320176,state_changed
0,agent_140071481320176,state_changed
0,agent_319569ad,drone_registered
0,agent_96619913,drone_registered
0,agent_140071481452592,state_changed
0,agent_140071481452592,state_changed
0,agent_140071481452592,state_changed
0,agent_140071481452592,state_changed
0,agent_140071481452592,state_changed
0,agent_140071481452592,state_changed
0,agent_140071481452592,state_changed
0,agent_140071481452592,state_changed
0,agent_140071481452592,state_changed
0,agent_140071481452592,state_changed
0,agent_140071481452592,state_changed
0,agent_140071481452592,state_changed
0,agent_140071481452592,state_changed
0,agent_140071481452592,state_changed
0,agent_140071481452592,state_changed
0,agent_140071481452592,state_changed
0,agent_140071481452592,state_changed
0,agent_140071481452592,state_changed
0,agent_140071481452592,state_changed
0,agent_319569ad,drone_registered
0,agent_96619913,drone_registered
0,agent_140071481552240,state_changed
0,agent_140071481552240,state_changed
0,agent_140071481552240,state_changed
0,agent_140071481552240,state_changed
0,agent_140071481552240,state_changed
0,agent_140071481552240,state_changed
0,agent_140071481552240,state_changed
0,agent_140071481552240,state_changed
0,agent_140071481552240,state_changed
0,agent_140071481552240,state_changed
0,agent_140071481552240,state_changed
0,agent_140071481552240,state_changed
0,agent_140071481552240,state_changed
0,agent_140071481552240,state_changed
0,agent_140071481552240,state_changed
0,agent_140071481552240,state_changed
0,agent_140071481552240,state_changed
0,agent_140071481552240,state_changed
0,agent_140071481552240,state_changed
0,agent_319569ad,drone_registered
0,agent_96619913,drone_registered
0,agent_140071481684656,state_changed
0,agent_140071481684656,state_changed
0,agent_140071481684656,state_changed
0,agent_140071481684656,state_changed
0,agent_140071481684656,state_changed
0,agent_140071481684656,state_changed
0,agent_140071481684656,state_changed
0,agent_140071481684656,state_changed
0,agent_140071481684656,state_changed
0,agent_140071481684656,state_changed
0,agent_140071481684656,state_changed
0,agent_140071481684656,state_changed
0,agent_140071481684656,state_changed
0,agent_140071481684656,state_changed
0,agent_140071481684656,state_changed
0,agent_140071481684656,state_changed
0,agent_140071481684656,state_changed
0,agent_140071481684656,state_changed
0,agent_140071481684656,state_changed
0,agent_319569ad,drone_registered
0,agent_96619913,drone_registered
0,agent_140071481800688,state_changed
0,agent_140071481800688,state_changed
0,agent_140071481800688,state_changed
0,agent_140071481800688,state_changed
0,agent_140071481800688,state_changed
0,agent_140071481800688,state_changed
0,agent_140071481800688,state_changed
0,agent_140071481800688,state_changed
0,agent_140071481800688,state_changed
0,agent_140071481800688,state_changed
0,agent_140071481800688,state_changed
0,agent_140071481800688,state_changed
0,agent_140071481800688,state_changed
0,agent_140071481800688,state_changed
0,agent_140071481800688,state_changed
0,agent_140071481800688,state_changed
0,agent_140071481800688,state_changed
0,agent_140071481800688,state_changed
0,agent_140071481800688,state_changed
0,agent_319569ad,drone_registered
0,agent_96619913,drone_registered
0,agent_140071481883952,state_changed
0,agent_140071481883952,state_changed
0,agent_140071481883952,state_changed
0,agent_140071481883952,state_changed
0,agent_140071481883952,state_changed
0,agent_140071481883952,state_changed
0,agent_140071481883952,state_changed
0,agent_140071481883952,state_changed
0,agent_140071481883952,state_changed
0,agent_140071481883952,state_changed
0,agent_140071481883952,state_changed
0,agent_140071481883952,state_changed
0,agent_140071481883952,state_changed
0,agent_140071481883952,state_changed
0,agent_140071481883952,state_changed
0,agent_140071481883952,state_changed
0,agent_140071481883952,state_changed
0,agent_140071481883952,state_changed
0,agent_140071481883952,state_changed
0,agent_319569ad,drone_registered
0,agent_96619913,drone_registered
0,agent_140071482065584,state_changed
0,agent_140071482065584,state_changed
0,agent_140071482065584,state_changed
0,agent_140071482065584,state_changed
0,agent_140071482065584,state_changed
0,agent_140071482065584,state_changed
0,agent_140071482065584,state_changed
0,agent_140071482065584,state_changed
0,agent_140071482065584,state_changed
0,agent_140071482065584,state_changed
0,agent_140071482065584,state_changed
0,agent_140071482065584,state_changed
0,agent_140071482065584,state_changed
0,agent_140071482065584,state_changed
0,agent_140071482065584,state_changed
0,agent_140071482065584,state_changed
0,agent_140071482065584,state_changed
0,agent_140071482065584,state_changed
0,agent_140071482065584,state_changed
0,agent_319569ad,drone_registered
0,agent_96619913,drone_registered
0,agent_140071480133616,state_changed
0,agent_140071480133616,state_changed
0,agent_140071480133616,state_changed
0,agent_140071480133616,state_changed
0,agent_140071480133616,state_changed
0,agent_140071480133616,state_changed
0,agent_140071480133616,state_changed
0,agent_140071480133616,state_changed
0,agent_140071480133616,state_changed
0,agent_140071480133616,state_changed
0,agent_140071480133616,state_changed
0,agent_140071480133616,state_changed
0,agent_140071480133616,state_changed
0,agent_140071480133616,state_changed
0,agent_140071480133616,state_changed
0,agent_140071480133616,state_changed
0,agent_140071480133616,state_changed
0,agent_140071480133616,state_changed
0,agent_140071480133616,state_changed
0,agent_319569ad,drone_registered
0,agent_96619913,drone_registered
0,agent_140071480233264,state_changed
0,agent_140071480233264,state_changed
0,agent_140071480233264,state_changed
0,agent_140071480233264,state_changed
0,agent_140071480233264,state_changed
0,agent_140071480233264,state_changed
0,agent_140071480233264,state_changed
0,agent_140071480233264,state_changed
0,agent_140071480233264,state_changed
0,agent_140071480233264,state_changed
0,agent_140071480233264,state_changed
0,agent_140071480233264,state_changed
0,agent_140071480233264,state_changed
0,agent_140071480233264,state_changed
0,agent_140071480233264,state_changed
0,agent_140071480233264,state_changed
0,agent_140071480233264,state_changed
0,agent_140071480233264,state_changed
0,agent_140071480233264,state_changed
0,agent_319569ad,drone_registered
0,agent_96619913,drone_registered
0,agent_140071480365680,state_changed
0,agent_140071480365680,state_changed
0,agent_140071480365680,state_changed
0,agent_140071480365680,state_changed
0,agent_140071480365680,state_changed
0,agent_140071480365680,state_changed
0,agent_140071480365680,state_changed
0,agent_140071480365680,state_changed
0,agent_140071480365680,state_changed
0,agent_140071480365680,state_changed
0,agent_140071480365680,state_changed
0,agent_140071480365680,state_changed
0,agent_140071480365680,state_changed
0,agent_140071480365680,state_changed
0,agent_140071480365680,state_changed
0,agent_140071480365680,state_changed
0,agent_140071480365680,state_changed
0,agent_140071480365680,state_changed
0,agent_140071480365680,state_changed
0,agent_319569ad,drone_registered
0,agent_96619913,drone_registered
0,agent_140071480448944,state_changed
0,agent_140071480448944,state_changed
0,agent_140071480448944,state_changed
0,agent_140071480448944,state_changed
0,agent_140071480448944,state_changed
0,agent_140071480448944,state_changed
0,agent_140071480448944,state_changed
0,agent_140071480448944,state_changed
0,agent_140071480448944,state_changed
0,agent_140071480448944,state_changed
0,agent_140071480448944,state_changed
0,agent_140071480448944,state_changed
0,agent_140071480448944,state_changed
0,agent_140071480448944,state_changed
0,agent_140071480448944,state_changed
0,agent_140071480448944,state_changed
0,agent_140071480448944,state_changed
0,agent_140071480448944,state_changed
0,agent_140071480448944,state_changed
0,agent_319569ad,drone_registered
0,agent_96619913,drone_registered
0,agent_140071480548592,state_changed
0,agent_140071480548592,state_changed
0,agent_140071480548592,state_changed
0,agent_140071480548592,state_changed
0,agent_140071480548592,state_changed
0,agent_140071480548592,state_changed
0,agent_140071480548592,state_changed
0,agent_140071480548592,state_changed
0,agent_140071480548592,state_changed
0,agent_140071480548592,state_changed
0,agent_140071480548592,state_changed
0,agent_140071480548592,state_changed
0,agent_140071480548592,state_changed
0,agent_140071480548592,state_changed
0,agent_140071480548592,state_changed
0,agent_140071480548592,state_changed
0,agent_140071480548592,state_changed
0,agent_140071480548592,state_changed
0,agent_140071480548592,state_changed
0,agent_319569ad,drone_registered
0,agent_96619913,drone_registered
0,agent_140071480664624,state_changed
0,agent_140071480664624,state_changed
0,agent_140071480664624,state_changed
0,agent_140071480664624,state_changed
0,agent_140071480664624,state_changed
0,agent_140071480664624,state_changed
0,agent_140071480664624,state_changed
0,agent_140071480664624,state_changed
0,agent_140071480664624,state_changed
0,agent_140071480664624,state_changed
0,agent_140071480664624,state_changed
0,agent_140071480664624,state_changed
0,agent_140071480664624,state_changed
0,agent_140071480664624,state_changed
0,agent_140071480664624,state_changed
0,agent_140071480664624,state_changed
0,agent_140071480664624,state_changed
0,agent_140071480664624,state_changed
0,agent_140071480664624,state_changed
0,agent_319569ad,drone_registered
0,agent_96619913,drone_registered
0,agent_140071480748272,state_changed
0,agent_140071480748272,state_changed
0,agent_140071480748272,state_changed
0,agent_140071480748272,state_changed
0,agent_140071480748272,state_changed
0,agent_140071480748272,state_changed
0,agent_140071480748272,state_changed
0,agent_140071480748272,state_changed
0,agent_140071480748272,state_changed
0,agent_140071480748272,state_changed
0,agent_140071480748272,state_changed
0,agent_140071480748272,state_changed
0,agent_140071480748272,state_changed
0,agent_140071480748272,state_changed
0,agent_140071480748272,state_changed
0,agent_140071480748272,state_changed
0,agent_140071480748272,state_changed
0,agent_140071480748272,state_changed
0,agent_140071480748272,state_changed
0,agent_319569ad,drone_registered
0,agent_96619913,drone_registered
0,agent_140071480864304,state_changed
0,agent_140071480864304,state_changed
0,agent_140071480864304,state_changed
0,agent_140071480864304,state_changed
0,agent_140071480864304,state_changed
0,agent_140071480864304,state_changed
0,agent_140071480864304,state_changed
0,agent_140071480864304,state_changed
0,agent_140071480864304,state_changed
0,agent_140071480864304,state_changed
0,agent_140071480864304,state_changed
0,agent_140071480864304,state_changed
0,agent_140071480864304,state_changed
0,agent_140071480864304,state_changed
0,agent_140071480864304,state_changed
0,agent_140071480864304,state_changed
0,agent_140071480864304,state_changed
0,agent_140071480864304,state_changed
0,agent_140071480864304,state_changed
0,agent_319569ad,drone_registered
0,agent_96619913,drone_registered
0,agent_140071480980336,state_changed
0,agent_140071480980336,state_changed
0,agent_140071480980336,state_changed
0,agent_140071480980336,state_changed
0,agent_140071480980336,state_changed
0,agent_140071480980336,state_changed
0,agent_140071480980336,state_changed
0,agent_140071480980336,state_changed
0,agent_140071480980336,state_changed
0,agent_140071480980336,state_changed
0,agent_140071480980336,state_changed
0,agent_140071480980336,state_changed
0,agent_140071480980336,state_changed
0,agent_140071480980336,state_changed
0,agent_140071480980336,state_changed
0,agent_140071480980336,state_changed
0,agent_140071480980336,state_changed
0,agent_140071480980336,state_changed
0,agent_140071480980336,state_changed
0,agent_319569ad,drone_registered
0,agent_96619913,drone_registered
0,agent_140071481096368,state_changed
0,agent_140071481096368,state_changed
0,agent_140071481096368,state_changed
0,agent_140071481096368,state_changed
0,agent_140071481096368,state_changed
0,agent_140071481096368,state_changed
0,agent_140071481096368,state_changed
0,agent_140071481096368,state_changed
0,agent_140071481096368,state_changed
0,agent_140071481096368,state_changed
0,agent_140071481096368,state_changed
0,agent_140071481096368,state_changed
0,agent_140071481096368,state_changed
0,agent_140071481096368,state_changed
0,agent_140071481096368,state_changed
0,agent_140071481096368,state_changed
0,agent_140071481096368,state_changed
0,agent_140071481096368,state_changed
0,agent_140071481096368,state_changed
0,agent_319569ad,drone_registered
0,agent_96619913,drone_registered
0,agent_140071479082480,state_changed
0,agent_140071479082480,state_changed
0,agent_140071479082480,state_changed
0,agent_140071479082480,state_changed
0,agent_140071479082480,state_changed
0,agent_140071479082480,state_changed
0,agent_140071479082480,state_changed
0,agent_140071479082480,state_changed
0,agent_140071479082480,state_changed
0,agent_140071479082480,state_changed
0,agent_140071479082480,state_changed
0,agent_140071479082480,state_changed
0,agent_140071479082480,state_changed
0,agent_140071479082480,state_changed
0,agent_140071479082480,state_changed
0,agent_140071479082480,state_changed
0,agent_140071479082480,state_changed
0,agent_140071479082480,state_changed
0,agent_140071479082480,state_changed
0,agent_319569ad,drone_registered
0,agent_96619913,drone_registered
0,agent_140071479296880,state_changed
0,agent_140071479296880,state_changed
0,agent_140071479296880,state_changed
0,agent_140071479296880,state_changed
0,agent_140071479296880,state_changed
0,agent_140071479296880,state_changed
0,agent_140071479296880,state_changed
0,agent_140071479296880,state_changed
0,agent_140071479296880,state_changed
0,agent_140071479296880,state_changed
0,agent_140071479296880,state_changed
0,agent_140071479296880,state_changed
0,agent_140071479296880,state_changed
0,agent_140071479296880,state_changed
0,agent_140071479296880,state_changed
0,agent_140071479296880,state_changed
0,agent_140071479296880,state_changed
0,agent_140071479296880,state_changed
0,agent_140071479296880,state_changed
0,agent_319569ad,drone_registered
0,agent_96619913,drone_registered
0,agent_140071479429296,state_changed
0,agent_140071479429296,state_changed
0,agent_140071479429296,state_changed
0,agent_140071479429296,state_changed
0,agent_140071479429296,state_changed
0,agent_140071479429296,state_changed
0,agent_140071479429296,state_changed
0,agent_140071479429296,state_changed
0,agent_140071479429296,state_changed
0,agent_140071479429296,state_changed
0,agent_140071479429296,state_changed
0,agent_140071479429296,state_changed
0,agent_140071479429296,state_changed
0,agent_140071479429296,state_changed
0,agent_140071479429296,state_changed
0,agent_140071479429296,state_changed
0,agent_140071479429296,state_changed
0,agent_140071479429296,state_changed
0,agent_140071479429296,state_changed
0,agent_319569ad,drone_registered
0,agent_96619913,drone_registered
0,agent_140071479512560,state_changed
0,agent_140071479512560,state_changed
0,agent_140071479512560,state_changed
0,agent_140071479512560,state_changed
0,agent_140071479512560,state_changed
0,agent_140071479512560,state_changed
0,agent_140071479512560,state_changed
0,agent_140071479512560,state_changed
0,agent_140071479512560,state_changed
0,agent_140071479512560,state_changed
0,agent_140071479512560,state_changed
0,agent_140071479512560,state_changed
0,agent_140071479512560,state_changed
0,agent_140071479512560,state_changed
0,agent_140071479512560,state_changed
0,agent_140071479512560,state_changed
0,agent_140071479512560,state_changed
0,agent_140071479512560,state_changed
0,agent_140071479512560,state_changed
0,agent_319569ad,drone_registered
0,agent_96619913,drone_registered
0,agent_140071479628592,state_changed
0,agent_140071479628592,state_changed
0,agent_140071479628592,state_changed
0,agent_140071479628592,state_changed
0,agent_140071479628592,state_changed
0,agent_140071479628592,state_changed
0,agent_140071479628592,state_changed
0,agent_140071479628592,state_changed
0,agent_140071479628592,state_changed
0,agent_140071479628592,state_changed
0,agent_140071479628592,state_changed
0,agent_140071479628592,state_changed
0,agent_140071479628592,state_changed
0,agent_140071479628592,state_changed
0,agent_140071479628592,state_changed
0,agent_140071479628592,state_changed
0,agent_140071479628592,state_changed
0,agent_140071479628592,state_changed
0,agent_140071479628592,state_changed
0,agent_319569ad,drone_registered
0,agent_96619913,drone_registered
0,agent_140071479711856,state_changed
0,agent_140071479711856,state_changed
0,agent_140071479711856,state_changed
0,agent_140071479711856,state_changed
0,agent_140071479711856,state_changed
0,agent_140071479711856,state_changed
0,agent_140071479711856,state_changed
0,agent_140071479711856,state_changed
0,agent_140071479711856,state_changed
0,agent_140071479711856,state_changed
0,agent_140071479711856,state_changed
0,agent_140071479711856,state_changed
0,agent_140071479711856,state_changed
0,agent_140071479711856,state_changed
0,agent_140071479711856,state_changed
0,agent_140071479711856,state_changed
0,agent_140071479711856,state_changed
0,agent_140071479711856,state_changed
0,agent_140071479711856,state_changed
0,agent_319569ad,drone_registered
0,agent_96619913,drone_registered
0,agent_140071479860656,state_changed
0,agent_140071479860656,state_changed
0,agent_140071479860656,state_changed
0,agent_140071479860656,state_changed
0,agent_140071479860656,state_changed
0,agent_140071479860656,state_changed
0,agent_140071479860656,state_changed
0,agent_140071479860656,state_changed
0,agent_140071479860656,state_changed
0,agent_140071479860656,state_changed
0,agent_140071479860656,state_changed
0,agent_140071479860656,state_changed
0,agent_140071479860656,state_changed
0,agent_140071479860656,state_changed
0,agent_140071479860656,state_changed
0,agent_140071479860656,state_changed
0,agent_140071479860656,state_changed
0,agent_140071479860656,state_changed
0,agent_140071479860656,state_changed
0,agent_319569ad,drone_registered
0,agent_96619913,drone_registered
0,agent_140071479960688,state_changed
0,agent_140071479960688,state_changed
0,agent_140071479960688,state_changed
0,agent_140071479960688,state_changed
0,agent_140071479960688,state_changed
0,agent_140071479960688,state_changed
0,agent_140071479960688,state_changed
0,agent_140071479960688,state_changed
0,agent_140071479960688,state_changed
0,agent_140071479960688,state_changed
0,agent_140071479960688,state_changed
0,agent_140071479960688,state_changed
0,agent_140071479960688,state_changed
0,agent_140071479960688,state_changed
0,agent_140071479960688,state_changed
0,agent_140071479960688,state_changed
0,agent_140071479960688,state_changed
0,agent_140071479960688,state_changed
0,agent_140071479960688,state_changed
0,agent_319569ad,drone_registered
0,agent_96619913,drone_registered
0,agent_140071477995952,state_changed
0,agent_140071477995952,state_changed
0,agent_140071477995952,state_changed
0,agent_140071477995952,state_changed
0,agent_140071477995952,state_changed
0,agent_140071477995952,state_changed
0,agent_140071477995952,state_changed
0,agent_140071477995952,state_changed
0,agent_140071477995952,state_changed
0,agent_140071477995952,state_changed
0,agent_140071477995952,state_changed
0,agent_140071477995952,state_changed
0,agent_140071477995952,state_changed
0,agent_140071477995952,state_changed
0,agent_140071477995952,state_changed
0,agent_140071477995952,state_changed
0,agent_140071477995952,state_changed
0,agent_140071477995952,state_changed
0,agent_140071477995952,state_changed
0,agent_319569ad,drone_registered
0,agent_96619913,drone_registered
0,agent_140071478095600,state_changed
0,agent_140071478095600,state_changed
0,agent_140071478095600,state_changed
0,agent_140071478095600,state_changed
0,agent_140071478095600,state_changed
0,agent_140071478095600,state_changed
0,agent_140071478095600,state_changed
0,agent_140071478095600,state_changed
0,agent_140071478095600,state_changed
0,agent_140071478095600,state_changed
0,agent_140071478095600,state_changed
0,agent_140071478095600,state_changed
0,agent_140071478095600,state_changed
0,agent_140071478095600,state_changed
0,agent_140071478095600,state_changed
0,agent_140071478095600,state_changed
0,agent_140071478095600,state_changed
0,agent_140071478095600,state_changed
0,agent_140071478095600,state_changed
0,agent_319569ad,drone_registered
0,agent_96619913,drone_registered
0,agent_140071478195248,state_changed
0,agent_140071478195248,state_changed
0,agent_140071478195248,state_changed
0,agent_140071478195248,state_changed
0,agent_140071478195248,state_changed
0,agent_140071478195248,state_changed
0,agent_140071478195248,state_changed
0,agent_140071478195248,state_changed
0,agent_140071478195248,state_changed
0,agent_140071478195248,state_changed
0,agent_140071478195248,state_changed
0,agent_140071478195248,state_changed
0,agent_140071478195248,state_changed
0,agent_140071478195248,state_changed
0,agent_140071478195248,state_changed
0,agent_140071478195248,state_changed
0,agent_140071478195248,state_changed
0,agent_140071478195248,state_changed
0,agent_140071478195248,state_changed
0,agent_319569ad,drone_registered
0,agent_96619913,drone_registered
0,agent_140071478311280,state_changed
0,agent_140071478311280,state_changed
0,agent_140071478311280,state_changed
0,agent_140071478311280,state_changed
0,agent_140071478311280,state_changed
0,agent_140071478311280,state_changed
0,agent_140071478311280,state_changed
0,agent_140071478311280,state_changed
0,agent_140071478311280,state_changed
0,agent_140071478311280,state_changed
0,agent_140071478311280,state_changed
0,agent_140071478311280,state_changed
0,agent_140071478311280,state_changed
0,agent_140071478311280,state_changed
0,agent_140071478311280,state_changed
0,agent_140071478311280,state_changed
0,agent_140071478311280,state_changed
0,agent_140071478311280,state_changed
0,agent_140071478311280,state_changed
0,agent_319569ad,drone_registered
0,agent_96619913,drone_registered
0,agent_140071478427312,state_changed
0,agent_140071478427312,state_changed
0,agent_140071478427312,state_changed
0,agent_140071478427312,state_changed
0,agent_140071478427312,state_changed
0,agent_140071478427312,state_changed
0,agent_140071478427312,state_changed
0,agent_140071478427312,state_changed
0,agent_140071478427312,state_changed
0,agent_140071478427312,state_changed
0,agent_140071478427312,state_changed
0,agent_140071478427312,state_changed
0,agent_140071478427312,state_changed
0,agent_140071478427312,state_changed
0,agent_140071478427312,state_changed
0,agent_140071478427312,state_changed
0,agent_140071478427312,state_changed
0,agent_140071478427312,state_changed
0,agent_140071478427312,state_changed
0,agent_319569ad,drone_registered
0,agent_96619913,drone_registered
0,agent_140071478608944,state_changed
0,agent_140071478608944,state_changed
0,agent_140071478608944,state_changed
0,agent_140071478608944,state_changed
0,agent_140071478608944,state_changed
0,agent_140071478608944,state_changed
0,agent_140071478608944,state_changed
0,agent_140071478608944,state_changed
0,agent_140071478608944,state_changed
0,agent_140071478608944,state_changed
0,agent_140071478608944,state_changed
0,agent_140071478608944,state_changed
0,agent_140071478608944,state_changed
0,agent_140071478608944,state_changed
0,agent_140071478608944,state_changed
0,agent_140071478608944,state_changed
0,agent_140071478608944,state_changed
0,agent_140071478608944,state_changed
0,agent_140071478608944,state_changed
0,agent_319569ad,drone_registered
0,agent_96619913,drone_registered
0,agent_140071478741360,state_changed
0,agent_140071478741360,state_changed
0,agent_140071478741360,state_changed
0,agent_140071478741360,state_changed
0,agent_140071478741360,state_changed
0,agent_140071478741360,state_changed
0,agent_140071478741360,state_changed
0,agent_140071478741360,state_changed
0,agent_140071478741360,state_changed
0,agent_140071478741360,state_changed
0,agent_140071478741360,state_changed
0,agent_140071478741360,state_changed
0,agent_140071478741360,state_changed
0,agent_140071478741360,state_changed
0,agent_140071478741360,state_changed
0,agent_140071478741360,state_changed
0,agent_140071478741360,state_changed
0,agent_140071478741360,state_changed
0,agent_140071478741360,state_changed
0,agent_319569ad,drone_registered
0,agent_96619913,drone_registered
0,agent_140071478841008,state_changed
0,agent_140071478841008,state_changed
0,agent_140071478841008,state_changed
0,agent_140071478841008,state_changed
0,agent_140071478841008,state_changed
0,agent_140071478841008,state_changed
0,agent_140071478841008,state_changed
0,agent_140071478841008,state_changed
0,agent_140071478841008,state_changed
0,agent_140071478841008,state_changed
0,agent_140071478841008,state_changed
0,agent_140071478841008,state_changed
0,agent_140071478841008,state_changed
0,agent_140071478841008,state_changed
0,agent_140071478841008,state_changed
0,agent_140071478841008,state_changed
0,agent_140071478841008,state_changed
0,agent_140071478841008,state_changed
0,agent_140071478841008,state_changed
0,agent_319569ad,drone_registered
0,agent_96619913,drone_registered
0,agent_140071478957040,state_changed
0,agent_140071478957040,state_changed
0,agent_140071478957040,state_changed
0,agent_140071478957040,state_changed
0,agent_140071478957040,state_changed
0,agent_140071478957040,state_changed
0,agent_140071478957040,state_changed
0,agent_140071478957040,state_changed
0,agent_140071478957040,state_changed
0,agent_140071478957040,state_changed
0,agent_140071478957040,state_changed
0,agent_140071478957040,state_changed
0,agent_140071478957040,state_changed
0,agent_140071478957040,state_changed
0,agent_140071478957040,state_changed
0,agent_140071478957040,state_changed
0,agent_140071478957040,state_changed
0,agent_140071478957040,state_changed
0,agent_140071478957040,state_changed
0,agent_319569ad,drone_registered
0,agent_96619913,drone_registered
0,agent_140071476992304,state_changed
0,agent_140071476992304,state_changed
0,agent_140071476992304,state_changed
0,agent_140071476992304,state_changed
0,agent_140071476992304,state_changed
0,agent_140071476992304,state_changed
0,agent_140071476992304,state_changed
0,agent_140071476992304,state_changed
0,agent_140071476992304,state_changed
0,agent_140071476992304,state_changed
0,agent_140071476992304,state_changed
0,agent_140071476992304,state_changed
0,agent_140071476992304,state_changed
0,agent_140071476992304,state_changed
0,agent_140071476992304,state_changed
0,agent_140071476992304,state_changed
0,agent_140071476992304,state_changed
0,agent_140071476992304,state_changed
0,agent_140071476992304,state_changed
0,agent_319569ad,drone_registered
0,agent_96619913,drone_registered
0,agent_140071477059184,state_changed
0,agent_140071477059184,state_changed
0,agent_140071477059184,state_changed
0,agent_140071477059184,state_changed
0,agent_140071477059184,state_changed
0,agent_140071477059184,state_changed
0,agent_140071477059184,state_changed
0,agent_140071477059184,state_changed
0,agent_140071477059184,state_changed
0,agent_140071477059184,state_changed
0,agent_140071477059184,state_changed
0,agent_140071477059184,state_changed
0,agent_140071477059184,state_changed
0,agent_140071477059184,state_changed
0,agent_140071477059184,state_changed
0,agent_140071477059184,state_changed
0,agent_140071477059184,state_changed
0,agent_140071477059184,state_changed
0,agent_140071477059184,state_changed
0,agent_319569ad,drone_registered
0,agent_96619913,drone_registered
0,agent_140071477175216,state_changed
0,agent_140071477175216,state_changed
0,agent_140071477175216,state_changed
0,agent_140071477175216,state_changed
0,agent_140071477175216,state_changed
0,agent_140071477175216,state_changed
0,agent_140071477175216,state_changed
0,agent_140071477175216,state_changed
0,agent_140071477175216,state_changed
0,agent_140071477175216,state_changed
0,agent_140071477175216,state_changed
0,agent_140071477175216,state_changed
0,agent_140071477175216,state_changed
0,agent_140071477175216,state_changed
0,agent_140071477175216,state_changed
0,agent_140071477175216,state_changed
0,agent_140071477175216,state_changed
0,agent_140071477175216,state_changed
0,agent_140071477175216,state_changed
0,agent_319569ad,drone_registered
0,agent_96619913,drone_registered
0,agent_140071477307632,state_changed
0,agent_140071477307632,state_changed
0,agent_140071477307632,state_changed
0,agent_140071477307632,state_changed
0,agent_140071477307632,state_changed
0,agent_140071477307632,state_changed
0,agent_140071477307632,state_changed
0,agent_140071477307632,state_changed
0,agent_140071477307632,state_changed
0,agent_140071477307632,state_changed
0,agent_140071477307632,state_changed
0,agent_140071477307632,state_changed
0,agent_140071477307632,state_changed
0,agent_140071477307632,state_changed
0,agent_140071477307632,state_changed
0,agent_140071477307632,state_changed
0,agent_140071477307632,state_changed
0,agent_140071477307632,state_changed
0,agent_140071477307632,state_changed
0,agent_319569ad,drone_registered
0,agent_96619913,drone_registered
0,agent_140071477390896,state_changed
0,agent_140071477390896,state_changed
0,agent_140071477390896,state_changed
0,agent_140071477390896,state_changed
0,agent_140071477390896,state_changed
0,agent_140071477390896,state_changed
0,agent_140071477390896,state_changed
0,agent_140071477390896,state_changed
0,agent_140071477390896,state_changed
0,agent_140071477390896,state_changed
0,agent_140071477390896,state_changed
0,agent_140071477390896,state_changed
0,agent_140071477390896,state_changed
0,agent_140071477390896,state_changed
0,agent_140071477390896,state_changed
0,agent_140071477390896,state_changed
0,agent_140071477390896,state_changed
0,agent_140071477390896,state_changed
0,agent_140071477390896,state_changed
0,agent_319569ad,drone_registered
0,agent_96619913,drone_registered
0,agent_140071477523312,state_changed
0,agent_140071477523312,state_changed
0,agent_140071477523312,state_changed
0,agent_140071477523312,state_changed
0,agent_140071477523312,state_changed
0,agent_140071477523312,state_changed
0,agent_140071477523312,state_changed
0,agent_140071477523312,state_changed
0,agent_140071477523312,state_changed
0,agent_140071477523312,state_changed
0,agent_140071477523312,state_changed
0,agent_140071477523312,state_changed
0,agent_140071477523312,state_changed
0,agent_140071477523312,state_changed
0,agent_140071477523312,state_changed
0,agent_140071477523312,state_changed
0,agent_140071477523312,state_changed
0,agent_140071477523312,state_changed
0,agent_140071477523312,state_changed
0,agent_319569ad,drone_registered
0,agent_96619913,drone_registered
0,agent_140071477606576,state_changed
0,agent_140071477606576,state_changed
0,agent_140071477606576,state_changed
0,agent_140071477606576,state_changed
0,agent_140071477606576,state_changed
0,agent_140071477606576,state_changed
0,agent_140071477606576,state_changed
0,agent_140071477606576,state_changed
0,agent_140071477606576,state_changed
0,agent_140071477606576,state_changed
0,agent_140071477606576,state_changed
0,agent_140071477606576,state_changed
0,agent_140071477606576,state_changed
0,agent_140071477606576,state_changed
0,agent_140071477606576,state_changed
0,agent_140071477606576,state_changed
0,agent_140071477606576,state_changed
0,agent_140071477606576,state_changed
0,agent_140071477606576,state_changed
0,agent_319569ad,drone_registered
0,agent_96619913,drone_registered
0,agent_140071477738992,state_changed
0,agent_140071477738992,state_changed
0,agent_140071477738992,state_changed
0,agent_140071477738992,state_changed
0,agent_140071477738992,state_changed
0,agent_140071477738992,state_changed
0,agent_140071477738992,state_changed
0,agent_140071477738992,state_changed
0,agent_140071477738992,state_changed
0,agent_140071477738992,state_changed
0,agent_140071477738992,state_changed
0,agent_140071477738992,state_changed
0,agent_140071477738992,state_changed
0,agent_140071477738992,state_changed
0,agent_140071477738992,state_changed
0,agent_140071477738992,state_changed
0,agent_140071477738992,state_changed
0,agent_140071477738992,state_changed
0,agent_140071477738992,state_changed
0,agent_319569ad,drone_registered
0,agent_96619913,drone_registered
0,agent_140071477920624,state_changed
0,agent_140071477920624,state_changed
0,agent_140071477920624,state_changed
0,agent_140071477920624,state_changed
0,agent_140071477920624,state_changed
0,agent_140071477920624,state_changed
0,agent_140071477920624,state_changed
0,agent_140071477920624,state_changed
0,agent_140071477920624,state_changed
0,agent_140071477920624,state_changed
0,agent_140071477920624,state_changed
0,agent_140071477920624,state_changed
0,agent_140071477920624,state_changed
0,agent_140071477920624,state_changed
0,agent_140071477920624,state_changed
0,agent_140071477920624,state_changed
0,agent_140071477920624,state_changed
0,agent_140071477920624,state_changed
0,agent_140071477920624,state_changed
0,agent_319569ad,drone_registered
0,agent_96619913,drone_registered
0,agent_140071475972272,state_changed
0,agent_140071475972272,state_changed
0,agent_140071475972272,state_changed
0,agent_140071475972272,state_changed
0,agent_140071475972272,state_changed
0,agent_140071475972272,state_changed
0,agent_140071475972272,state_changed
0,agent_140071475972272,state_changed
0,agent_140071475972272,state_changed
0,agent_140071475972272,state_changed
0,agent_140071475972272,state_changed
0,agent_140071475972272,state_changed
0,agent_140071475972272,state_changed
0,agent_140071475972272,state_changed
0,agent_140071475972272,state_changed
0,agent_140071475972272,state_changed
0,agent_140071475972272,state_changed
0,agent_140071475972272,state_changed
0,agent_140071475972272,state_changed
0,agent_319569ad,drone_registered
0,agent_96619913,drone_registered
0,agent_140071476055536,state_changed
0,agent_140071476055536,state_changed
0,agent_140071476055536,state_changed
0,agent_140071476055536,state_changed
0,agent_140071476055536,state_changed
0,agent_140071476055536,state_changed
0,agent_140071476055536,state_changed
0,agent_140071476055536,state_changed
0,agent_140071476055536,state_changed
0,agent_140071476055536,state_changed
0,agent_140071476055536,state_changed
0,agent_140071476055536,state_changed
0,agent_140071476055536,state_changed
0,agent_140071476055536,state_changed
0,agent_140071476055536,state_changed
0,agent_140071476055536,state_changed
0,agent_140071476055536,state_changed
0,agent_140071476055536,state_changed
0,agent_140071476055536,state_changed
0,agent_319569ad,drone_registered
0,agent_96619913,drone_registered
0,agent_140071476187952,state_changed
0,agent_140071476187952,state_changed
0,agent_140071476187952,state_changed
0,agent_140071476187952,state_changed
0,agent_140071476187952,state_changed
0,agent_140071476187952,state_changed
0,agent_140071476187952,state_changed
0,agent_140071476187952,state_changed
0,agent_140071476187952,state_changed
0,agent_140071476187952,state_changed
0,agent_140071476187952,state_changed
0,agent_140071476187952,state_changed
0,agent_140071476187952,state_changed
0,agent_140071476187952,state_changed
0,agent_140071476187952,state_changed
0,agent_140071476187952,state_changed
0,agent_140071476187952,state_changed
0,agent_140071476187952,state_changed
0,agent_140071476187952,state_changed
0,agent_319569ad,drone_registered
0,agent_96619913,drone_registered
0,agent_140071476271216,state_changed
0,agent_140071476271216,state_changed
0,agent_140071476271216,state_changed
0,agent_140071476271216,state_changed
0,agent_140071476271216,state_changed
0,agent_140071476271216,state_changed
0,agent_140071476271216,state_changed
0,agent_140071476271216,state_changed
0,agent_140071476271216,state_changed
0,agent_140071476271216,state_changed
0,agent_140071476271216,state_changed
0,agent_140071476271216,state_changed
0,agent_140071476271216,state_changed
0,agent_140071476271216,state_changed
0,agent_140071476271216,state_changed
0,agent_140071476271216,state_changed
0,agent_140071476271216,state_changed
0,agent_140071476271216,state_changed
0,agent_140071476271216,state_changed
0,agent_319569ad,drone_registered
0,agent_96619913,drone_registered
0,agent_140071476403632,state_changed
0,agent_140071476403632,state_changed
0,agent_140071476403632,state_changed
0,agent_140071476403632,state_changed
0,agent_140071476403632,state_changed
0,agent_140071476403632,state_changed
0,agent_140071476403632,state_changed
0,agent_140071476403632,state_changed
0,agent_140071476403632,state_changed
0,agent_140071476403632,state_changed
0,agent_140071476403632,state_changed
0,agent_140071476403632,state_changed
0,agent_140071476403632,state_changed
0,agent_140071476403632,state_changed
0,agent_140071476403632,state_changed
0,agent_140071476403632,state_changed
0,agent_140071476403632,state_changed
0,agent_140071476403632,state_changed
0,agent_140071476403632,state_changed
0,agent_319569ad,drone_registered
0,agent_96619913,drone_registered
0,agent_140071476503280,state_changed
0,agent_140071476503280,state_changed
0,agent_140071476503280,state_changed
0,agent_140071476503280,state_changed
0,agent_140071476503280,state_changed
0,agent_140071476503280,state_changed
0,agent_140071476503280,state_changed
0,agent_140071476503280,state_changed
0,agent_140071476503280,state_changed
0,agent_140071476503280,state_changed
0,agent_140071476503280,state_changed
0,agent_140071476503280,state_changed
0,agent_140071476503280,state_changed
0,agent_140071476503280,state_changed
0,agent_140071476503280,state_changed
0,agent_140071476503280,state_changed
0,agent_140071476503280,state_changed
0,agent_140071476503280,state_changed
0,agent_140071476503280,state_changed
0,agent_319569ad,drone_registered
0,agent_96619913,drone_registered
0,agent_140071476586544,state_changed
0,agent_140071476586544,state_changed
0,agent_140071476586544,state_changed
0,agent_140071476586544,state_changed
0,agent_140071476586544,state_changed
0,agent_140071476586544,state_changed
0,agent_140071476586544,state_changed
0,agent_140071476586544,state_changed
0,agent_140071476586544,state_changed
0,agent_140071476586544,state_changed
0,agent_140071476586544,state_changed
0,agent_140071476586544,state_changed
0,agent_140071476586544,state_changed
0,agent_140071476586544,state_changed
0,agent_140071476586544,state_changed
0,agent_140071476586544,state_changed
0,agent_140071476586544,state_changed
0,agent_140071476586544,state_changed
0,agent_140071476586544,state_changed
0,agent_319569ad,drone_registered
0,agent_96619913,drone_registered
0,agent_140071476686192,state_changed
0,agent_140071476686192,state_changed
0,agent_140071476686192,state_changed
0,agent_140071476686192,state_changed
0,agent_140071476686192,state_changed
0,agent_140071476686192,state_changed
0,agent_140071476686192,state_changed
0,agent_140071476686192,state_changed
0,agent_140071476686192,state_changed
0,agent_140071476686192,state_changed
0,agent_140071476686192,state_changed
0,agent_140071476686192,state_changed
0,agent_140071476686192,state_changed
0,agent_140071476686192,state_changed
0,agent_140071476686192,state_changed
0,agent_140071476686192,state_changed
0,agent_140071476686192,state_changed
0,agent_140071476686192,state_changed
0,agent_140071476686192,state_changed
0,agent_319569ad,drone_registered
0,agent_96619913,drone_registered
0,agent_140071476802224,state_changed
0,agent_140071476802224,state_changed
0,agent_140071476802224,state_changed
0,agent_140071476802224,state_changed
0,agent_140071476802224,state_changed
0,agent_140071476802224,state_changed
0,agent_140071476802224,state_changed
0,agent_140071476802224,state_changed
0,agent_140071476802224,state_changed
0,agent_140071476802224,state_changed
0,agent_140071476802224,state_changed
0,agent_140071476802224,state_changed
0,agent_140071476802224,state_changed
0,agent_140071476802224,state_changed
0,agent_140071476802224,state_changed
0,agent_140071476802224,state_changed
0,agent_140071476802224,state_changed
0,agent_140071476802224,state_changed
0,agent_140071476802224,state_changed
0,agent_319569ad,drone_registered
0,agent_96619913,drone_registered
0,agent_140071476885488,state_changed
0,agent_140071476885488,state_changed
0,agent_140071476885488,state_changed
0,agent_140071476885488,state_changed
0,agent_140071476885488,state_changed
0,agent_140071476885488,state_changed
0,agent_140071476885488,state_changed
0,agent_140071476885488,state_changed
0,agent_140071476885488,state_changed
0,agent_140071476885488,state_changed
0,agent_140071476885488,state_changed
0,agent_140071476885488,state_changed
0,agent_140071476885488,state_changed
0,agent_140071476885488,state_changed
0,agent_140071476885488,state_changed
0,agent_140071476885488,state_changed
0,agent_140071476885488,state_changed
0,agent_140071476885488,state_changed
0,agent_140071476885488,state_changed
0,agent_319569ad,drone_registered
0,agent_96619913,drone_registered
0,agent_140071474937136,state_changed
0,agent_140071474937136,state_changed
0,agent_140071474937136,state_changed
0,agent_140071474937136,state_changed
0,agent_140071474937136,state_changed
0,agent_140071474937136,state_changed
0,agent_140071474937136,state_changed
0,agent_140071474937136,state_changed
0,agent_140071474937136,state_changed
0,agent_140071474937136,state_changed
0,agent_140071474937136,state_changed
0,agent_140071474937136,state_changed
0,agent_140071474937136,state_changed
0,agent_140071474937136,state_changed
0,agent_140071474937136,state_changed
0,agent_140071474937136,state_changed
0,agent_140071474937136,state_changed
0,agent_140071474937136,state_changed
0,agent_140071474937136,state_changed
0,agent_319569ad,drone_registered
0,agent_96619913,drone_registered
0,agent_140071475151536,state_changed
0,agent_140071475151536,state_changed
0,agent_140071475151536,state_changed
0,agent_140071475151536,state_changed
0,agent_140071475151536,state_changed
0,agent_140071475151536,state_changed
0,agent_140071475151536,state_changed
0,agent_140071475151536,state_changed
0,agent_140071475151536,state_changed
0,agent_140071475151536,state_changed
0,agent_140071475151536,state_changed
0,agent_140071475151536,state_changed
0,agent_140071475151536,state_changed
0,agent_140071475151536,state_changed
0,agent_140071475151536,state_changed
0,agent_140071475151536,state_changed
0,agent_140071475151536,state_changed
0,agent_140071475151536,state_changed
0,agent_140071475151536,state_changed
0,agent_319569ad,drone_registered
0,agent_96619913,drone_registered
0,agent_140071475251184,state_changed
0,agent_140071475251184,state_changed
0,agent_140071475251184,state_changed
0,agent_140071475251184,state_changed
0,agent_140071475251184,state_changed
0,agent_140071475251184,state_changed
0,agent_140071475251184,state_changed
0,agent_140071475251184,state_changed
0,agent_140071475251184,state_changed
0,agent_140071475251184,state_changed
0,agent_140071475251184,state_changed
0,agent_140071475251184,state_changed
0,agent_140071475251184,state_changed
0,agent_140071475251184,state_changed
0,agent_140071475251184,state_changed
0,agent_140071475251184,state_changed
0,agent_140071475251184,state_changed
0,agent_140071475251184,state_changed
0,agent_140071475251184,state_changed
0,agent_319569ad,drone_registered
0,agent_96619913,drone_registered
0,agent_140071475367216,state_changed
0,agent_140071475367216,state_changed
0,agent_140071475367216,state_changed
0,agent_140071475367216,state_changed
0,agent_140071475367216,state_changed
0,agent_140071475367216,state_changed
0,agent_140071475367216,state_changed
0,agent_140071475367216,state_changed
0,agent_140071475367216,state_changed
0,agent_140071475367216,state_changed
0,agent_140071475367216,state_changed
0,agent_140071475367216,state_changed
0,agent_140071475367216,state_changed
0,agent_140071475367216,state_changed
0,agent_140071475367216,state_changed
0,agent_140071475367216,state_changed
0,agent_140071475367216,state_changed
0,agent_140071475367216,state_changed
0,agent_140071475367216,state_changed
0,agent_319569ad,drone_registered
0,agent_96619913,drone_registered
0,agent_140071475499632,state_changed
0,agent_140071475499632,state_changed
0,agent_140071475499632,state_changed
0,agent_140071475499632,state_changed
0,agent_140071475499632,state_changed
0,agent_140071475499632,state_changed
0,agent_140071475499632,state_changed
0,agent_140071475499632,state_changed
0,agent_140071475499632,state_changed
0,agent_140071475499632,state_changed
0,agent_140071475499632,state_changed
0,agent_140071475499632,state_changed
0,agent_140071475499632,state_changed
0,agent_140071475499632,state_changed
0,agent_140071475499632,state_changed
0,agent_140071475499632,state_changed
0,agent_140071475499632,state_changed
0,agent_140071475499632,state_changed
0,agent_140071475499632,state_changed
0,agent_319569ad,drone_registered
0,agent_96619913,drone_registered
0,agent_140071475566512,state_changed
0,agent_140071475566512,state_changed
0,agent_140071475566512,state_changed
0,agent_140071475566512,state_changed
0,agent_140071475566512,state_changed
0,agent_140071475566512,state_changed
0,agent_140071475566512,state_changed
0,agent_140071475566512,state_changed
0,agent_140071475566512,state_changed
0,agent_140071475566512,state_changed
0,agent_140071475566512,state_changed
0,agent_140071475566512,state_changed
0,agent_140071475566512,state_changed
0,agent_140071475566512,state_changed
0,agent_140071475566512,state_changed
0,agent_140071475566512,state_changed
0,agent_140071475566512,state_changed
0,agent_140071475566512,state_changed
0,agent_140071475566512,state_changed
0,agent_319569ad,drone_registered
0,agent_96619913,drone_registered
0,agent_140071475715312,state_changed
0,agent_140071475715312,state_changed
0,agent_140071475715312,state_changed
0,agent_140071475715312,state_changed
0,agent_140071475715312,state_changed
0,agent_140071475715312,state_changed
0,agent_140071475715312,state_changed
0,agent_140071475715312,state_changed
0,agent_140071475715312,state_changed
0,agent_140071475715312,state_changed
0,agent_140071475715312,state_changed
0,agent_140071475715312,state_changed
0,agent_140071475715312,state_changed
0,agent_140071475715312,state_changed
0,agent_140071475715312,state_changed
0,agent_140071475715312,state_changed
0,agent_140071475715312,state_changed
0,agent_140071475715312,state_changed
0,agent_140071475715312,state_changed
0,agent_319569ad,drone_registered
0,agent_96619913,drone_registered
0,agent_140071475798576,state_changed
0,agent_140071475798576,state_changed
0,agent_140071475798576,state_changed
0,agent_140071475798576,state_changed
0,agent_140071475798576,state_changed
0,agent_140071475798576,state_changed
0,agent_140071475798576,state_changed
0,agent_140071475798576,state_changed
0,agent_140071475798576,state_changed
0,agent_140071475798576,state_changed
0,agent_140071475798576,state_changed
0,agent_140071475798576,state_changed
0,agent_140071475798576,state_changed
0,agent_140071475798576,state_changed
0,agent_140071475798576,state_changed
0,agent_140071475798576,state_changed
0,agent_140071475798576,state_changed
0,agent_140071475798576,state_changed
0,agent_140071475798576,state_changed
0,agent_319569ad,drone_registered
0,agent_96619913,drone_registered
0,agent_140071473817456,state_changed
0,agent_140071473817456,state_changed
0,agent_140071473817456,state_changed
0,agent_140071473817456,state_changed
0,agent_140071473817456,state_changed
0,agent_140071473817456,state_changed
0,agent_140071473817456,state_changed
0,agent_140071473817456,state_changed
0,agent_140071473817456,state_changed
0,agent_140071473817456,state_changed
0,agent_140071473817456,state_changed
0,agent_140071473817456,state_changed
0,agent_140071473817456,state_changed
0,agent_140071473817456,state_changed
0,agent_140071473817456,state_changed
0,agent_140071473817456,state_changed
0,agent_140071473817456,state_changed
0,agent_140071473817456,state_changed
0,agent_140071473817456,state_changed
0,agent_319569ad,drone_registered
0,agent_96619913,drone_registered
0,agent_140071473949872,state_changed
0,agent_140071473949872,state_changed
0,agent_140071473949872,state_changed
0,agent_140071473949872,state_changed
0,agent_140071473949872,state_changed
0,agent_140071473949872,state_changed
0,agent_140071473949872,state_changed
0,agent_140071473949872,state_changed
0,agent_140071473949872,state_changed
0,agent_140071473949872,state_changed
0,agent_140071473949872,state_changed
0,agent_140071473949872,state_changed
0,agent_140071473949872,state_changed
0,agent_140071473949872,state_changed
0,agent_140071473949872,state_changed
0,agent_140071473949872,state_changed
0,agent_140071473949872,state_changed
0,agent_140071473949872,state_changed
0,agent_140071473949872,state_changed
0,agent_319569ad,drone_registered
0,agent_96619913,drone_registered
0,agent_140071474016752,state_changed
0,agent_140071474016752,state_changed
0,agent_140071474016752,state_changed
0,agent_140071474016752,state_changed
0,agent_140071474016752,state_changed
0,agent_140071474016752,state_changed
0,agent_140071474016752,state_changed
0,agent_140071474016752,state_changed
0,agent_140071474016752,state_changed
0,agent_140071474016752,state_changed
0,agent_140071474016752,state_changed
0,agent_140071474016752,state_changed
0,agent_140071474016752,state_changed
0,agent_140071474016752,state_changed
0,agent_140071474016752,state_changed
0,agent_140071474016752,state_changed
0,agent_140071474016752,state_changed
0,agent_140071474016752,state_changed
0,agent_140071474016752,state_changed
0,agent_319569ad,drone_registered
0,agent_96619913,drone_registered
0,agent_140071474116400,state_changed
0,agent_140071474116400,state_changed
0,agent_140071474116400,state_changed
0,agent_140071474116400,state_changed
0,agent_140071474116400,state_changed
0,agent_140071474116400,state_changed
0,agent_140071474116400,state_changed
0,agent_140071474116400,state_changed
0,agent_140071474116400,state_changed
0,agent_140071474116400,state_changed
0,agent_140071474116400,state_changed
0,agent_140071474116400,state_changed
0,agent_140071474116400,state_changed
0,agent_140071474116400,state_changed
0,agent_140071474116400,state_changed
0,agent_140071474116400,state_changed
0,agent_140071474116400,state_changed
0,agent_140071474116400,state_changed
0,agent_140071474116400,state_changed
0,agent_319569ad,drone_registered
0,agent_96619913,drone_registered
0,agent_140071474232432,state_changed
0,agent_140071474232432,state_changed
0,agent_140071474232432,state_changed
0,agent_140071474232432,state_changed
0,agent_140071474232432,state_changed
0,agent_140071474232432,state_changed
0,agent_140071474232432,state_changed
0,agent_140071474232432,state_changed
0,agent_140071474232432,state_changed
0,agent_140071474232432,state_changed
0,agent_140071474232432,state_changed
0,agent_140071474232432,state_changed
0,agent_140071474232432,state_changed
0,agent_140071474232432,state_changed
0,agent_140071474232432,state_changed
0,agent_140071474232432,state_changed
0,agent_140071474232432,state_changed
0,agent_140071474232432,state_changed
0,agent_140071474232432,state_changed
0,agent_319569ad,drone_registered
0,agent_96619913,drone_registered
0,agent_140071474446832,state_changed
0,agent_140071474446832,state_changed
0,agent_140071474446832,state_changed
0,agent_140071474446832,state_changed
0,agent_140071474446832,state_changed
0,agent_140071474446832,state_changed
0,agent_140071474446832,state_changed
0,agent_140071474446832,state_changed
0,agent_140071474446832,state_changed
0,agent_140071474446832,state_changed
0,agent_140071474446832,state_changed
0,agent_140071474446832,state_changed
0,agent_140071474446832,state_changed
0,agent_140071474446832,state_changed
0,agent_140071474446832,state_changed
0,agent_140071474446832,state_changed
0,agent_140071474446832,state_changed
0,agent_140071474446832,state_changed
0,agent_140071474446832,state_changed
0,agent_319569ad,drone_registered
0,agent_96619913,drone_registered
0,agent_140071474546480,state_changed
0,agent_140071474546480,state_changed
0,agent_140071474546480,state_changed
0,agent_140071474546480,state_changed
0,agent_140071474546480,state_changed
0,agent_140071474546480,state_changed
0,agent_140071474546480,state_changed
0,agent_140071474546480,state_changed
0,agent_140071474546480,state_changed
0,agent_140071474546480,state_changed
0,agent_140071474546480,state_changed
0,agent_140071474546480,state_changed
0,agent_140071474546480,state_changed
0,agent_140071474546480,state_changed
0,agent_140071474546480,state_changed
0,agent_140071474546480,state_changed
0,agent_140071474546480,state_changed
0,agent_140071474546480,state_changed
0,agent_140071474546480,state_changed
0,agent_319569ad,drone_registered
0,agent_96619913,drone_registered
0,agent_140071474662512,state_changed
0,agent_140071474662512,state_changed
0,agent_140071474662512,state_changed
0,agent_140071474662512,state_changed
0,agent_140071474662512,state_changed
0,agent_140071474662512,state_changed
0,agent_140071474662512,state_changed
0,agent_140071474662512,state_changed
0,agent_140071474662512,state_changed
0,agent_140071474662512,state_changed
0,agent_140071474662512,state_changed
0,agent_140071474662512,state_changed
0,agent_140071474662512,state_changed
0,agent_140071474662512,state_changed
0,agent_140071474662512,state_changed
0,agent_140071474662512,state_changed
0,agent_140071474662512,state_changed
0,agent_140071474662512,state_changed
0,agent_140071474662512,state_changed
0,agent_319569ad,drone_registered
0,agent_96619913,drone_registered
0,agent_140071474746160,state_changed
0,agent_140071474746160,state_changed
0,agent_140071474746160,state_changed
0,agent_140071474746160,state_changed
0,agent_140071474746160,state_changed
0,agent_140071474746160,state_changed
0,agent_140071474746160,state_changed
0,agent_140071474746160,state_changed
0,agent_140071474746160,state_changed
0,agent_140071474746160,state_changed
0,agent_140071474746160,state_changed
0,agent_140071474746160,state_changed
0,agent_140071474746160,state_changed
0,agent_140071474746160,state_changed
0,agent_140071474746160,state_changed
0,agent_140071474746160,state_changed
0,agent_140071474746160,state_changed
0,agent_140071474746160,state_changed
0,agent_140071474746160,state_changed
0,agent_319569ad,drone_registered
0,agent_96619913,drone_registered
0,agent_140071472781424,state_changed
0,agent_140071472781424,state_changed
0,agent_140071472781424,state_changed
0,agent_140071472781424,state_changed
0,agent_140071472781424,state_changed
0,agent_140071472781424,state_changed
0,agent_140071472781424,state_changed
0,agent_140071472781424,state_changed
0,agent_140071472781424,state_changed
0,agent_140071472781424,state_changed
0,agent_140071472781424,state_changed
0,agent_140071472781424,state_changed
0,agent_140071472781424,state_changed
0,agent_140071472781424,state_changed
0,agent_140071472781424,state_changed
0,agent_140071472781424,state_changed
0,agent_140071472781424,state_changed
0,agent_140071472781424,state_changed
0,agent_140071472781424,state_changed
0,agent_319569ad,drone_registered
0,agent_96619913,drone_registered
0,agent_140071472930224,state_changed
0,agent_140071472930224,state_changed
0,agent_140071472930224,state_changed
0,agent_140071472930224,state_changed
0,agent_140071472930224,state_changed
0,agent_140071472930224,state_changed
0,agent_140071472930224,state_changed
0,agent_140071472930224,state_changed
0,agent_140071472930224,state_changed
0,agent_140071472930224,state_changed
0,agent_140071472930224,state_changed
0,agent_140071472930224,state_changed
0,agent_140071472930224,state_changed
0,agent_140071472930224,state_changed
0,agent_140071472930224,state_changed
0,agent_140071472930224,state_changed
0,agent_140071472930224,state_changed
0,agent_140071472930224,state_changed
0,agent_140071472930224,state_changed
0,agent_319569ad,drone_registered
0,agent_96619913,drone_registered
0,agent_140071472997104,state_changed
0,agent_140071472997104,state_changed
0,agent_140071472997104,state_changed
0,agent_140071472997104,state_changed
0,agent_140071472997104,state_changed
0,agent_140071472997104,state_changed
0,agent_140071472997104,state_changed
0,agent_140071472997104,state_changed
0,agent_140071472997104,state_changed
0,agent_140071472997104,state_changed
0,agent_140071472997104,state_changed
0,agent_140071472997104,state_changed
0,agent_140071472997104,state_changed
0,agent_140071472997104,state_changed
0,agent_140071472997104,state_changed
0,agent_140071472997104,state_changed
0,agent_140071472997104,state_changed
0,agent_140071472997104,state_changed
0,agent_140071472997104,state_changed
0,agent_319569ad,drone_registered
0,agent_96619913,drone_registered
0,agent_140071473113136,state_changed
0,agent_140071473113136,state_changed
0,agent_140071473113136,state_changed
0,agent_140071473113136,state_changed
0,agent_140071473113136,state_changed
0,agent_140071473113136,state_changed
0,agent_140071473113136,state_changed
0,agent_140071473113136,state_changed
0,agent_140071473113136,state_changed
0,agent_140071473113136,state_changed
0,agent_140071473113136,state_changed
0,agent_140071473113136,state_changed
0,agent_140071473113136,state_changed
0,agent_140071473113136,state_changed
0,agent_140071473113136,state_changed
0,agent_140071473113136,state_changed
0,agent_140071473113136,state_changed
0,agent_140071473113136,state_changed
0,agent_140071473113136,state_changed
0,agent_319569ad,drone_registered
0,agent_96619913,drone_registered
0,agent_140071473229168,state_changed
0,agent_140071473229168,state_changed
0,agent_140071473229168,state_changed
0,agent_140071473229168,state_changed
0,agent_140071473229168,state_changed
0,agent_140071473229168,state_changed
0,agent_140071473229168,state_changed
0,agent_140071473229168,state_changed
0,agent_140071473229168,state_changed
0,agent_140071473229168,state_changed
0,agent_140071473229168,state_changed
0,agent_140071473229168,state_changed
0,agent_140071473229168,state_changed
0,agent_140071473229168,state_changed
0,agent_140071473229168,state_changed
0,agent_140071473229168,state_changed
0,agent_140071473229168,state_changed
0,agent_140071473229168,state_changed
0,agent_140071473229168,state_changed
0,agent_319569ad,drone_registered
0,agent_96619913,drone_registered
0,agent_140071473312432,state_changed
0,agent_140071473312432,state_changed
0,agent_140071473312432,state_changed
0,agent_140071473312432,state_changed
0,agent_140071473312432,state_changed
0,agent_140071473312432,state_changed
0,agent_140071473312432,state_changed
0,agent_140071473312432,state_changed
0,agent_140071473312432,state_changed
0,agent_140071473312432,state_changed
0,agent_140071473312432,state_changed
0,agent_140071473312432,state_changed
0,agent_140071473312432,state_changed
0,agent_140071473312432,state_changed
0,agent_140071473312432,state_changed
0,agent_140071473312432,state_changed
0,agent_140071473312432,state_changed
0,agent_140071473312432,state_changed
0,agent_140071473312432,state_changed
0,agent_319569ad,drone_registered
0,agent_96619913,drone_registered
0,agent_140071473444848,state_changed
0,agent_140071473444848,state_changed
0,agent_140071473444848,state_changed
0,agent_140071473444848,state_changed
0,agent_140071473444848,state_changed
0,agent_140071473444848,state_changed
0,agent_140071473444848,state_changed
0,agent_140071473444848,state_changed
0,agent_140071473444848,state_changed
0,agent_140071473444848,state_changed
0,agent_140071473444848,state_changed
0,agent_140071473444848,state_changed
0,agent_140071473444848,state_changed
0,agent_140071473444848,state_changed
0,agent_140071473444848,state_changed
0,agent_140071473444848,state_changed
0,agent_140071473444848,state_changed
0,agent_140071473444848,state_changed
0,agent_140071473444848,state_changed
0,agent_319569ad,drone_registered
0,agent_96619913,drone_registered
0,agent_140071473560880,state_changed
0,agent_140071473560880,state_changed
0,agent_140071473560880,state_changed
0,agent_140071473560880,state_changed
0,agent_140071473560880,state_changed
0,agent_140071473560880,state_changed
0,agent_140071473560880,state_changed
0,agent_140071473560880,state_changed
0,agent_140071473560880,state_changed
0,agent_140071473560880,state_changed
0,agent_140071473560880,state_changed
0,agent_140071473560880,state_changed
0,agent_140071473560880,state_changed
0,agent_140071473560880,state_changed
0,agent_140071473560880,state_changed
0,agent_140071473560880,state_changed
0,agent_140071473560880,state_changed
0,agent_140071473560880,state_changed
0,agent_140071473560880,state_changed
0,agent_319569ad,drone_registered
0,agent_96619913,drone_registered
0,agent_140071473726128,state_changed
0,agent_140071473726128,state_changed
0,agent_140071473726128,state_changed
0,agent_140071473726128,state_changed
0,agent_140071473726128,state_changed
0,agent_140071473726128,state_changed
0,agent_140071473726128,state_changed
0,agent_140071473726128,state_changed
0,agent_140071473726128,state_changed
0,agent_140071473726128,state_changed
0,agent_140071473726128,state_changed
0,agent_140071473726128,state_changed
0,agent_140071473726128,state_changed
0,agent_140071473726128,state_changed
0,agent_140071473726128,state_changed
0,agent_140071473726128,state_changed
0,agent_140071473726128,state_changed
0,agent_140071473726128,state_changed
0,agent_140071473726128,state_changed
0,agent_319569ad,drone_registered
0,agent_96619913,drone_registered
0,agent_140071471745008,state_changed
0,agent_140071471745008,state_changed
0,agent_140071471745008,state_changed
0,agent_140071471745008,state_changed
0,agent_140071471745008,state_changed
0,agent_140071471745008,state_changed
0,agent_140071471745008,state_changed
0,agent_140071471745008,state_changed
0,agent_140071471745008,state_changed
0,agent_140071471745008,state_changed
0,agent_140071471745008,state_changed
0,agent_140071471745008,state_changed
0,agent_140071471745008,state_changed
0,agent_140071471745008,state_changed
0,agent_140071471745008,state_changed
0,agent_140071471745008,state_changed
0,agent_140071471745008,state_changed
0,agent_140071471745008,state_changed
0,agent_140071471745008,state_changed
0,agent_319569ad,drone_registered
0,agent_96619913,drone_registered
0,agent_140071471877424,state_changed
0,agent_140071471877424,state_changed
0,agent_140071471877424,state_changed
0,agent_140071471877424,state_changed
0,agent_140071471877424,state_changed
0,agent_140071471877424,state_changed
0,agent_140071471877424,state_changed
0,agent_140071471877424,state_changed
0,agent_140071471877424,state_changed
0,agent_140071471877424,state_changed
0,agent_140071471877424,state_changed
0,agent_140071471877424,state_changed
0,agent_140071471877424,state_changed
0,agent_140071471877424,state_changed
0,agent_140071471877424,state_changed
0,agent_140071471877424,state_changed
0,agent_140071471877424,state_changed
0,agent_140071471877424,state_changed
0,agent_140071471877424,state_changed
0,agent_319569ad,drone_registered
0,agent_96619913,drone_registered
0,agent_140071471993840,state_changed
0,agent_140071471993840,state_changed
0,agent_140071471993840,state_changed
0,agent_140071471993840,state_changed
0,agent_140071471993840,state_changed
0,agent_140071471993840,state_changed
0,agent_140071471993840,state_changed
0,agent_140071471993840,state_changed
0,agent_140071471993840,state_changed
0,agent_140071471993840,state_changed
0,agent_140071471993840,state_changed
0,agent_140071471993840,state_changed
0,agent_140071471993840,state_changed
0,agent_140071471993840,state_changed
0,agent_140071471993840,state_changed
0,agent_140071471993840,state_changed
0,agent_140071471993840,state_changed
0,agent_140071471993840,state_changed
0,agent_140071471993840,state_changed
0,agent_319569ad,drone_registered
0,agent_96619913,drone_registered
0,agent_140071472126256,state_changed
0,agent_140071472126256,state_changed
0,agent_140071472126256,state_changed
0,agent_140071472126256,state_changed
0,agent_140071472126256,state_changed
0,agent_140071472126256,state_changed
0,agent_140071472126256,state_changed
0,agent_140071472126256,state_changed
0,agent_140071472126256,state_changed
0,agent_140071472126256,state_changed
0,agent_140071472126256,state_changed
0,agent_140071472126256,state_changed
0,agent_140071472126256,state_changed
0,agent_140071472126256,state_changed
0,agent_140071472126256,state_changed
0,agent_140071472126256,state_changed
0,agent_140071472126256,state_changed
0,agent_140071472126256,state_changed
0,agent_140071472126256,state_changed
0,agent_319569ad,drone_registered
0,agent_96619913,drone_registered
0,agent_140071472225904,state_changed
0,agent_140071472225904,state_changed
0,agent_140071472225904,state_changed
0,agent_140071472225904,state_changed
0,agent_140071472225904,state_changed
0,agent_140071472225904,state_changed
0,agent_140071472225904,state_changed
0,agent_140071472225904,state_changed
0,agent_140071472225904,state_changed
0,agent_140071472225904,state_changed
0,agent_140071472225904,state_changed
0,agent_140071472225904,state_changed
0,agent_140071472225904,state_changed
0,agent_140071472225904,state_changed
0,agent_140071472225904,state_changed
0,agent_140071472225904,state_changed
0,agent_140071472225904,state_changed
0,agent_140071472225904,state_changed
0,agent_140071472225904,state_changed
0,agent_319569ad,drone_registered
0,agent_96619913,drone_registered
0,agent_140071472292784,state_changed
0,agent_140071472292784,state_changed
0,agent_140071472292784,state_changed
0,agent_140071472292784,state_changed
0,agent_140071472292784,state_changed
0,agent_140071472292784,state_changed
0,agent_140071472292784,state_changed
0,agent_140071472292784,state_changed
0,agent_140071472292784,state_changed
0,agent_140071472292784,state_changed
0,agent_140071472292784,state_changed
0,agent_140071472292784,state_changed
0,agent_140071472292784,state_changed
0,agent_140071472292784,state_changed
0,agent_140071472292784,state_changed
0,agent_140071472292784,state_changed
0,agent_140071472292784,state_changed
0,agent_140071472292784,state_changed
0,agent_140071472292784,state_changed
0,agent_319569ad,drone_registered
0,agent_96619913,drone_registered
0,agent_140071472425200,state_changed
0,agent_140071472425200,state_changed
0,agent_140071472425200,state_changed
0,agent_140071472425200,state_changed
0,agent_140071472425200,state_changed
0,agent_140071472425200,state_changed
0,agent_140071472425200,state_changed
0,agent_140071472425200,state_changed
0,agent_140071472425200,state_changed
0,agent_140071472425200,state_changed
0,agent_140071472425200,state_changed
0,agent_140071472425200,state_changed
0,agent_140071472425200,state_changed
0,agent_140071472425200,state_changed
0,agent_140071472425200,state_changed
0,agent_140071472425200,state_changed
0,agent_140071472425200,state_changed
0,agent_140071472425200,state_changed
0,agent_140071472425200,state_changed
0,agent_319569ad,drone_registered
0,agent_96619913,drone_registered
0,agent_140071472508464,state_changed
0,agent_140071472508464,state_changed
0,agent_140071472508464,state_changed
0,agent_140071472508464,state_changed
0,agent_140071472508464,state_changed
0,agent_140071472508464,state_changed
0,agent_140071472508464,state_changed
0,agent_140071472508464,state_changed
0,agent_140071472508464,state_changed
0,agent_140071472508464,state_changed
0,agent_140071472508464,state_changed
0,agent_140071472508464,state_changed
0,agent_140071472508464,state_changed
0,agent_140071472508464,state_changed
0,agent_140071472508464,state_changed
0,agent_140071472508464,state_changed
0,agent_140071472508464,state_changed
0,agent_140071472508464,state_changed
0,agent_140071472508464,state_changed
0,agent_319569ad,drone_registered
0,agent_96619913,drone_registered
0,agent_140071472640880,state_changed
0,agent_140071472640880,state_changed
0,agent_140071472640880,state_changed
0,agent_140071472640880,state_changed
0,agent_140071472640880,state_changed
0,agent_140071472640880,state_changed
0,agent_140071472640880,state_changed
0,agent_140071472640880,state_changed
0,agent_140071472640880,state_changed
0,agent_140071472640880,state_changed
0,agent_140071472640880,state_changed
0,agent_140071472640880,state_changed
0,agent_140071472640880,state_changed
0,agent_140071472640880,state_changed
0,agent_140071472640880,state_changed
0,agent_140071472640880,state_changed
0,agent_140071472640880,state_changed
0,agent_140071472640880,state_changed
0,agent_140071472640880,state_changed
0,agent_319569ad,drone_registered
0,agent_96619913,drone_registered
0,agent_140071470676144,state_changed
0,agent_140071470676144,state_changed
0,agent_140071470676144,state_changed
0,agent_140071470676144,state_changed
0,agent_140071470676144,state_changed
0,agent_140071470676144,state_changed
0,agent_140071470676144,state_changed
0,agent_140071470676144,state_changed
0,agent_140071470676144,state_changed
0,agent_140071470676144,state_changed
0,agent_140071470676144,state_changed
0,agent_140071470676144,state_changed
0,agent_140071470676144,state_changed
0,agent_140071470676144,state_changed
0,agent_140071470676144,state_changed
0,agent_140071470676144,state_changed
0,agent_140071470676144,state_changed
0,agent_140071470676144,state_changed
0,agent_140071470676144,state_changed
0,agent_319569ad,drone_registered
0,agent_96619913,drone_registered
0,agent_140071470759408,state_changed
0,agent_140071470759408,state_changed
0,agent_140071470759408,state_changed
0,agent_140071470759408,state_changed
0,agent_140071470759408,state_changed
0,agent_140071470759408,state_changed
0,agent_140071470759408,state_changed
0,agent_140071470759408,state_changed
0,agent_140071470759408,state_changed
0,agent_140071470759408,state_changed
0,agent_140071470759408,state_changed
0,agent_140071470759408,state_changed
0,agent_140071470759408,state_changed
0,agent_140071470759408,state_changed
0,agent_140071470759408,state_changed
0,agent_140071470759408,state_changed
0,agent_140071470759408,state_changed
0,agent_140071470759408,state_changed
0,agent_140071470759408,state_changed
0,agent_319569ad,drone_registered
0,agent_96619913,drone_registered
0,agent_140071470973808,state_changed
0,agent_140071470973808,state_changed
0,agent_140071470973808,state_changed
0,agent_140071470973808,state_changed
0,agent_140071470973808,state_changed
0,agent_140071470973808,state_changed
0,agent_140071470973808,state_changed
0,agent_140071470973808,state_changed
0,agent_140071470973808,state_changed
0,agent_140071470973808,state_changed
0,agent_140071470973808,state_changed
0,agent_140071470973808,state_changed
0,agent_140071470973808,state_changed
0,agent_140071470973808,state_changed
0,agent_140071470973808,state_changed
0,agent_140071470973808,state_changed
0,agent_140071470973808,state_changed
0,agent_140071470973808,state_changed
0,agent_140071470973808,state_changed
0,agent_319569ad,drone_registered
0,agent_96619913,drone_registered
0,agent_140071471040688,state_changed
0,agent_140071471040688,state_changed
0,agent_140071471040688,state_changed
0,agent_140071471040688,state_changed
0,agent_140071471040688,state_changed
0,agent_140071471040688,state_changed
0,agent_140071471040688,state_changed
0,agent_140071471040688,state_changed
0,agent_140071471040688,state_changed
0,agent_140071471040688,state_changed
0,agent_140071471040688,state_changed
0,agent_140071471040688,state_changed
0,agent_140071471040688,state_changed
0,agent_140071471040688,state_changed
0,agent_140071471040688,state_changed
0,agent_140071471040688,state_changed
0,agent_140071471040688,state_changed
0,agent_140071471040688,state_changed
0,agent_140071471040688,state_changed
0,agent_319569ad,drone_registered
0,agent_96619913,drone_registered
0,agent_140071471189488,state_changed
0,agent_140071471189488,state_changed
0,agent_140071471189488,state_changed
0,agent_140071471189488,state_changed
0,agent_140071471189488,state_changed
0,agent_140071471189488,state_changed
0,agent_140071471189488,state_changed
0,agent_140071471189488,state_changed
0,agent_140071471189488,state_changed
0,agent_140071471189488,state_changed
0,agent_140071471189488,state_changed
0,agent_140071471189488,state_changed
0,agent_140071471189488,state_changed
0,agent_140071471189488,state_changed
0,agent_140071471189488,state_changed
0,agent_140071471189488,state_changed
0,agent_140071471189488,state_changed
0,agent_140071471189488,state_changed
0,agent_140071471189488,state_changed
0,agent_319569ad,drone_registered
0,agent_96619913,drone_registered
0,agent_140071471289136,state_changed
0,agent_140071471289136,state_changed
0,agent_140071471289136,state_changed
0,agent_140071471289136,state_changed
0,agent_140071471289136,state_changed
0,agent_140071471289136,state_changed
0,agent_140071471289136,state_changed
0,agent_140071471289136,state_changed
0,agent_140071471289136,state_changed
0,agent_140071471289136,state_changed
0,agent_140071471289136,state_changed
0,agent_140071471289136,state_changed
0,agent_140071471289136,state_changed
0,agent_140071471289136,state_changed
0,agent_140071471289136,state_changed
0,agent_140071471289136,state_changed
0,agent_140071471289136,state_changed
0,agent_140071471289136,state_changed
0,agent_140071471289136,state_changed
0,agent_319569ad,drone_registered
0,agent_96619913,drone_registered
0,agent_140071471405168,state_changed
0,agent_140071471405168,state_changed
0,agent_140071471405168,state_changed
0,agent_140071471405168,state_changed
0,agent_140071471405168,state_changed
0,agent_140071471405168,state_changed
0,agent_140071471405168,state_changed
0,agent_140071471405168,state_changed
0,agent_140071471405168,state_changed
0,agent_140071471405168,state_changed
0,agent_140071471405168,state_changed
0,agent_140071471405168,state_changed
0,agent_140071471405168,state_changed
0,agent_140071471405168,state_changed
0,agent_140071471405168,state_changed
0,agent_140071471405168,state_changed
0,agent_140071471405168,state_changed
0,agent_140071471405168,state_changed
0,agent_140071471405168,state_changed
0,agent_319569ad,drone_registered
0,agent_96619913,drone_registered
0,agent_140071471504816,state_changed
0,agent_140071471504816,state_changed
0,agent_140071471504816,state_changed
0,agent_140071471504816,state_changed
0,agent_140071471504816,state_changed
0,agent_140071471504816,state_changed
0,agent_140071471504816,state_changed
0,agent_140071471504816,state_changed
0,agent_140071471504816,state_changed
0,agent_140071471504816,state_changed
0,agent_140071471504816,state_changed
0,agent_140071471504816,state_changed
0,agent_140071471504816,state_changed
0,agent_140071471504816,state_changed
0,agent_140071471504816,state_changed
0,agent_140071471504816,state_changed
0,agent_140071471504816,state_changed
0,agent_140071471504816,state_changed
0,agent_140071471504816,state_changed
0,agent_319569ad,drone_registered
0,agent_96619913,drone_registered
0,agent_140071471620848,state_changed
0,agent_140071471620848,state_changed
0,agent_140071471620848,state_changed
0,agent_140071471620848,state_changed
0,agent_140071471620848,state_changed
0,agent_140071471620848,state_changed
0,agent_140071471620848,state_changed
0,agent_140071471620848,state_changed
0,agent_140071471620848,state_changed
0,agent_140071471620848,state_changed
0,agent_140071471620848,state_changed
0,agent_140071471620848,state_changed
0,agent_140071471620848,state_changed
0,agent_140071471620848,state_changed
0,agent_140071471620848,state_changed
0,agent_140071471620848,state_changed
0,agent_140071471620848,state_changed
0,agent_140071471620848,state_changed
0,agent_140071471620848,state_changed
0,agent_319569ad,drone_registered
0,agent_96619913,drone_registered
0,agent_140071469639728,state_changed
0,agent_140071469639728,state_changed
0,agent_140071469639728,state_changed
0,agent_140071469639728,state_changed
0,agent_140071469639728,state_changed
0,agent_140071469639728,state_changed
0,agent_140071469639728,state_changed
0,agent_140071469639728,state_changed
0,agent_140071469639728,state_changed
0,agent_140071469639728,state_changed
0,agent_140071469639728,state_changed
0,agent_140071469639728,state_changed
0,agent_140071469639728,state_changed
0,agent_140071469639728,state_changed
0,agent_140071469639728,state_changed
0,agent_140071469639728,state_changed
0,agent_140071469639728,state_changed
0,agent_140071469639728,state_changed
0,agent_140071469639728,state_changed
0,agent_319569ad,drone_registered
0,agent_96619913,drone_registered
0,agent_140071469739376,state_changed
0,agent_140071469739376,state_changed
0,agent_140071469739376,state_changed
0,agent_140071469739376,state_changed
0,agent_140071469739376,state_changed
0,agent_140071469739376,state_changed
0,agent_140071469739376,state_changed
0,agent_140071469739376,state_changed
0,agent_140071469739376,state_changed
0,agent_140071469739376,state_changed
0,agent_140071469739376,state_changed
0,agent_140071469739376,state_changed
0,agent_140071469739376,state_changed
0,agent_140071469739376,state_changed
0,agent_140071469739376,state_changed
0,agent_140071469739376,state_changed
0,agent_140071469739376,state_changed
0,agent_140071469739376,state_changed
0,agent_140071469739376,state_changed
0,agent_319569ad,drone_registered
0,agent_96619913,drone_registered
0,agent_140071469871792,state_changed
0,agent_140071469871792,state_changed
0,agent_140071469871792,state_changed
0,agent_140071469871792,state_changed
0,agent_140071469871792,state_changed
0,agent_140071469871792,state_changed
0,agent_140071469871792,state_changed
0,agent_140071469871792,state_changed
0,agent_140071469871792,state_changed
0,agent_140071469871792,state_changed
0,agent_140071469871792,state_changed
0,agent_140071469871792,state_changed
0,agent_140071469871792,state_changed
0,agent_140071469871792,state_changed
0,agent_140071469871792,state_changed
0,agent_140071469871792,state_changed
0,agent_140071469871792,state_changed
0,agent_140071469871792,state_changed
0,agent_140071469871792,state_changed
0,agent_319569ad,drone_registered
0,agent_96619913,drone_registered
0,agent_140071469939056,state_changed
0,agent_140071469939056,state_changed
0,agent_140071469939056,state_changed
0,agent_140071469939056,state_changed
0,agent_140071469939056,state_changed
0,agent_140071469939056,state_changed
0,agent_140071469939056,state_changed
0,agent_140071469939056,state_changed
0,agent_140071469939056,state_changed
0,agent_140071469939056,state_changed
0,agent_140071469939056,state_changed
0,agent_140071469939056,state_changed
0,agent_140071469939056,state_changed
0,agent_140071469939056,state_changed
0,agent_140071469939056,state_changed
0,agent_140071469939056,state_changed
0,agent_140071469939056,state_changed
0,agent_140071469939056,state_changed
0,agent_140071469939056,state_changed
0,agent_319569ad,drone_registered
0,agent_96619913,drone_registered
0,agent_140071470055088,state_changed
0,agent_140071470055088,state_changed
0,agent_140071470055088,state_changed
0,agent_140071470055088,state_changed
0,agent_140071470055088,state_changed
0,agent_140071470055088,state_changed
0,agent_140071470055088,state_changed
0,agent_140071470055088,state_changed
0,agent_140071470055088,state_changed
0,agent_140071470055088,state_changed
0,agent_140071470055088,state_changed
0,agent_140071470055088,state_changed
0,agent_140071470055088,state_changed
0,agent_140071470055088,state_changed
0,agent_140071470055088,state_changed
0,agent_140071470055088,state_changed
0,agent_140071470055088,state_changed
0,agent_140071470055088,state_changed
0,agent_140071470055088,state_changed
0,agent_319569ad,drone_registered
0,agent_96619913,drone_registered
0,agent_140071470253104,state_changed
0,agent_140071470253104,state_changed
0,agent_140071470253104,state_changed
0,agent_140071470253104,state_changed
0,agent_140071470253104,state_changed
0,agent_140071470253104,state_changed
0,agent_140071470253104,state_changed
0,agent_140071470253104,state_changed
0,agent_140071470253104,state_changed
0,agent_140071470253104,state_changed
0,agent_140071470253104,state_changed
0,agent_140071470253104,state_changed
0,agent_140071470253104,state_changed
0,agent_140071470253104,state_changed
0,agent_140071470253104,state_changed
0,agent_140071470253104,state_changed
0,agent_140071470253104,state_changed
0,agent_140071470253104,state_changed
0,agent_140071470253104,state_changed
0,agent_319569ad,drone_registered
0,agent_96619913,drone_registered
0,agent_140071470385520,state_changed
0,agent_140071470385520,state_changed
0,agent_140071470385520,state_changed
0,agent_140071470385520,state_changed
0,agent_140071470385520,state_changed
0,agent_140071470385520,state_changed
0,agent_140071470385520,state_changed
0,agent_140071470385520,state_changed
0,agent_140071470385520,state_changed
0,agent_140071470385520,state_changed
0,agent_140071470385520,state_changed
0,agent_140071470385520,state_changed
0,agent_140071470385520,state_changed
0,agent_140071470385520,state_changed
0,agent_140071470385520,state_changed
0,agent_140071470385520,state_changed
0,agent_140071470385520,state_changed
0,agent_140071470385520,state_changed
0,agent_140071470385520,state_changed
0,agent_319569ad,drone_registered
0,agent_96619913,drone_registered
0,agent_140071470501552,state_changed
0,agent_140071470501552,state_changed
0,agent_140071470501552,state_changed
0,agent_140071470501552,state_changed
0,agent_140071470501552,state_changed
0,agent_140071470501552,state_changed
0,agent_140071470501552,state_changed
0,agent_140071470501552,state_changed
0,agent_140071470501552,state_changed
0,agent_140071470501552,state_changed
0,agent_140071470501552,state_changed
0,agent_140071470501552,state_changed
0,agent_140071470501552,state_changed
0,agent_140071470501552,state_changed
0,agent_140071470501552,state_changed
0,agent_140071470501552,state_changed
0,agent_140071470501552,state_changed
0,agent_140071470501552,state_changed
0,agent_140071470501552,state_changed
0,agent_319569ad,drone_registered
0,agent_96619913,drone_registered
0,agent_140071468536816,state_changed
0,agent_140071468536816,state_changed
0,agent_140071468536816,state_changed
0,agent_140071468536816,state_changed
0,agent_140071468536816,state_changed
0,agent_140071468536816,state_changed
0,agent_140071468536816,state_changed
0,agent_140071468536816,state_changed
0,agent_140071468536816,state_changed
0,agent_140071468536816,state_changed
0,agent_140071468536816,state_changed
0,agent_140071468536816,state_changed
0,agent_140071468536816,state_changed
0,agent_140071468536816,state_changed
0,agent_140071468536816,state_changed
0,agent_140071468536816,state_changed
0,agent_140071468536816,state_changed
0,agent_140071468536816,state_changed
0,agent_140071468536816,state_changed
0,agent_319569ad,drone_registered
0,agent_96619913,drone_registered
0,agent_140071468636464,state_changed
0,agent_140071468636464,state_changed
0,agent_140071468636464,state_changed
0,agent_140071468636464,state_changed
0,agent_140071468636464,state_changed
0,agent_140071468636464,state_changed
0,agent_140071468636464,state_changed
0,agent_140071468636464,state_changed
0,agent_140071468636464,state_changed
0,agent_140071468636464,state_changed
0,agent_140071468636464,state_changed
0,agent_140071468636464,state_changed
0,agent_140071468636464,state_changed
0,agent_140071468636464,state_changed
0,agent_140071468636464,state_changed
0,agent_140071468636464,state_changed
0,agent_140071468636464,state_changed
0,agent_140071468636464,state_changed
0,agent_140071468636464,state_changed
0,agent_319569ad,drone_registered
0,agent_96619913,drone_registered
0,agent_140071468736112,state_changed
0,agent_140071468736112,state_changed
0,agent_140071468736112,state_changed
0,agent_140071468736112,state_changed
0,agent_140071468736112,state_changed
0,agent_140071468736112,state_changed
0,agent_140071468736112,state_changed
0,agent_140071468736112,state_changed
0,agent_140071468736112,state_changed
0,agent_140071468736112,state_changed
0,agent_140071468736112,state_changed
0,agent_140071468736112,state_changed
0,agent_140071468736112,state_changed
0,agent_140071468736112,state_changed
0,agent_140071468736112,state_changed
0,agent_140071468736112,state_changed
0,agent_140071468736112,state_changed
0,agent_140071468736112,state_changed
0,agent_140071468736112,state_changed
0,agent_319569ad,drone_registered
0,agent_96619913,drone_registered
0,agent_140071468852144,state_changed
0,agent_140071468852144,state_changed
0,agent_140071468852144,state_changed
0,agent_140071468852144,state_changed
0,agent_140071468852144,state_changed
0,agent_140071468852144,state_changed
0,agent_140071468852144,state_changed
0,agent_140071468852144,state_changed
0,agent_140071468852144,state_changed
0,agent_140071468852144,state_changed
0,agent_140071468852144,state_changed
0,agent_140071468852144,state_changed
0,agent_140071468852144,state_changed
0,agent_140071468852144,state_changed
0,agent_140071468852144,state_changed
0,agent_140071468852144,state_changed
0,agent_140071468852144,state_changed
0,agent_140071468852144,state_changed
0,agent_140071468852144,state_changed
0,agent_319569ad,drone_registered
0,agent_96619913,drone_registered
0,agent_140071468984560,state_changed
0,agent_140071468984560,state_changed
0,agent_140071468984560,state_changed
0,agent_140071468984560,state_changed
0,agent_140071468984560,state_changed
0,agent_140071468984560,state_changed
0,agent_140071468984560,state_changed
0,agent_140071468984560,state_changed
0,agent_140071468984560,state_changed
0,agent_140071468984560,state_changed
0,agent_140071468984560,state_changed
0,agent_140071468984560,state_changed
0,agent_140071468984560,state_changed
0,agent_140071468984560,state_changed
0,agent_140071468984560,state_changed
0,agent_140071468984560,state_changed
0,agent_140071468984560,state_changed
0,agent_140071468984560,state_changed
0,agent_140071468984560,state_changed
0,agent_319569ad,drone_registered
0,agent_96619913,drone_registered
0,agent_140071469084208,state_changed
0,agent_140071469084208,state_changed
0,agent_140071469084208,state_changed
0,agent_140071469084208,state_changed
0,agent_140071469084208,state_changed
0,agent_140071469084208,state_changed
0,agent_140071469084208,state_changed
0,agent_140071469084208,state_changed
0,agent_140071469084208,state_changed
0,agent_140071469084208,state_changed
0,agent_140071469084208,state_changed
0,agent_140071469084208,state_changed
0,agent_140071469084208,state_changed
0,agent_140071469084208,state_changed
0,agent_140071469084208,state_changed
0,agent_140071469084208,state_changed
0,agent_140071469084208,state_changed
0,agent_140071469084208,state_changed
0,agent_140071469084208,state_changed
0,agent_319569ad,drone_registered
0,agent_96619913,drone_registered
0,agent_140071469200240,state_changed
0,agent_140071469200240,state_changed
0,agent_140071469200240,state_changed
0,agent_140071469200240,state_changed
0,agent_140071469200240,state_changed
0,agent_140071469200240,state_changed
0,agent_140071469200240,state_changed
0,agent_140071469200240,state_changed
0,agent_140071469200240,state_changed
0,agent_140071469200240,state_changed
0,agent_140071469200240,state_changed
0,agent_140071469200240,state_changed
0,agent_140071469200240,state_changed
0,agent_140071469200240,state_changed
0,agent_140071469200240,state_changed
0,agent_140071469200240,state_changed
0,agent_140071469200240,state_changed
0,agent_140071469200240,state_changed
0,agent_140071469200240,state_changed
0,agent_319569ad,drone_registered
0,agent_96619913,drone_registered
0,agent_140071469267120,state_changed
0,agent_140071469267120,state_changed
0,agent_140071469267120,state_changed
0,agent_140071469267120,state_changed
0,agent_140071469267120,state_changed
0,agent_140071469267120,state_changed
0,agent_140071469267120,state_changed
0,agent_140071469267120,state_changed
0,agent_140071469267120,state_changed
0,agent_140071469267120,state_changed
0,agent_140071469267120,state_changed
0,agent_140071469267120,state_changed
0,agent_140071469267120,state_changed
0,agent_140071469267120,state_changed
0,agent_140071469267120,state_changed
0,agent_140071469267120,state_changed
0,agent_140071469267120,state_changed
0,agent_140071469267120,state_changed
0,agent_140071469267120,state_changed
0,agent_319569ad,drone_registered
0,agent_96619913,drone_registered
0,agent_140071469399536,state_changed
0,agent_140071469399536,state_changed
0,agent_140071469399536,state_changed
0,agent_140071469399536,state_changed
0,agent_140071469399536,state_changed
0,agent_140071469399536,state_changed
0,agent_140071469399536,state_changed
0,agent_140071469399536,state_changed
0,agent_140071469399536,state_changed
0,agent_140071469399536,state_changed
0,agent_140071469399536,state_changed
0,agent_140071469399536,state_changed
0,agent_140071469399536,state_changed
0,agent_140071469399536,state_changed
0,agent_140071469399536,state_changed
0,agent_140071469399536,state_changed
0,agent_140071469399536,state_changed
0,agent_140071469399536,state_changed
0,agent_140071469399536,state_changed
0,agent_319569ad,drone_registered
0,agent_96619913,drone_registered
0,agent_140071467516784,state_changed
0,agent_140071467516784,state_changed
0,agent_140071467516784,state_changed
0,agent_140071467516784,state_changed
0,agent_140071467516784,state_changed
0,agent_140071467516784,state_changed
0,agent_140071467516784,state_changed
0,agent_140071467516784,state_changed
0,agent_140071467516784,state_changed
0,agent_140071467516784,state_changed
0,agent_140071467516784,state_changed
0,agent_140071467516784,state_changed
0,agent_140071467516784,state_changed
0,agent_140071467516784,state_changed
0,agent_140071467516784,state_changed
0,agent_140071467516784,state_changed
0,agent_140071467516784,state_changed
0,agent_140071467516784,state_changed
0,agent_140071467516784,state_changed
0,agent_319569ad,drone_registered
0,agent_96619913,drone_registered
0,agent_140071467632816,state_changed
0,agent_140071467632816,state_changed
0,agent_140071467632816,state_changed
0,agent_140071467632816,state_changed
0,agent_140071467632816,state_changed
0,agent_140071467632816,state_changed
0,agent_140071467632816,state_changed
0,agent_140071467632816,state_changed
0,agent_140071467632816,state_changed
0,agent_140071467632816,state_changed
0,agent_140071467632816,state_changed
0,agent_140071467632816,state_changed
0,agent_140071467632816,state_changed
0,agent_140071467632816,state_changed
0,agent_140071467632816,state_changed
0,agent_140071467632816,state_changed
0,agent_140071467632816,state_changed
0,agent_140071467632816,state_changed
0,agent_140071467632816,state_changed
0,agent_319569ad,drone_registered
0,agent_96619913,drone_registered
0,agent_140071467732464,state_changed
0,agent_140071467732464,state_changed
0,agent_140071467732464,state_changed
0,agent_140071467732464,state_changed
0,agent_140071467732464,state_changed
0,agent_140071467732464,state_changed
0,agent_140071467732464,state_changed
0,agent_140071467732464,state_changed
0,agent_140071467732464,state_changed
0,agent_140071467732464,state_changed
0,agent_140071467732464,state_changed
0,agent_140071467732464,state_changed
0,agent_140071467732464,state_changed
0,agent_140071467732464,state_changed
0,agent_140071467732464,state_changed
0,agent_140071467732464,state_changed
0,agent_140071467732464,state_changed
0,agent_140071467732464,state_changed
0,agent_140071467732464,state_changed
0,agent_319569ad,drone_registered
0,agent_96619913,drone_registered
0,agent_140071467848496,state_changed
0,agent_140071467848496,state_changed
0,agent_140071467848496,state_changed
0,agent_140071467848496,state_changed
0,agent_140071467848496,state_changed
0,agent_140071467848496,state_changed
0,agent_140071467848496,state_changed
0,agent_140071467848496,state_changed
0,agent_140071467848496,state_changed
0,agent_140071467848496,state_changed
0,agent_140071467848496,state_changed
0,agent_140071467848496,state_changed
0,agent_140071467848496,state_changed
0,agent_140071467848496,state_changed
0,agent_140071467848496,state_changed
0,agent_140071467848496,state_changed
0,agent_140071467848496,state_changed
0,agent_140071467848496,state_changed
0,agent_140071467848496,state_changed
0,agent_319569ad,drone_registered
0,agent_96619913,drone_registered
0,agent_140071467964528,state_changed
0,agent_140071467964528,state_changed
0,agent_140071467964528,state_changed
0,agent_140071467964528,state_changed
0,agent_140071467964528,state_changed
0,agent_140071467964528,state_changed
0,agent_140071467964528,state_changed
0,agent_140071467964528,state_changed
0,agent_140071467964528,state_changed
0,agent_140071467964528,state_changed
0,agent_140071467964528,state_changed
0,agent_140071467964528,state_changed
0,agent_140071467964528,state_changed
0,agent_140071467964528,state_changed
0,agent_140071467964528,state_changed
0,agent_140071467964528,state_changed
0,agent_140071467964528,state_changed
0,agent_140071467964528,state_changed
0,agent_140071467964528,state_changed
0,agent_319569ad,drone_registered
0,agent_96619913,drone_registered
0,agent_140071468064176,state_changed
0,agent_140071468064176,state_changed
0,agent_140071468064176,state_changed
0,agent_140071468064176,state_changed
0,agent_140071468064176,state_changed
0,agent_140071468064176,state_changed
0,agent_140071468064176,state_changed
0,agent_140071468064176,state_changed
0,agent_140071468064176,state_changed
0,agent_140071468064176,state_changed
0,agent_140071468064176,state_changed
0,agent_140071468064176,state_changed
0,agent_140071468064176,state_changed
0,agent_140071468064176,state_changed
0,agent_140071468064176,state_changed
0,agent_140071468064176,state_changed
0,agent_140071468064176,state_changed
0,agent_140071468064176,state_changed
0,agent_140071468064176,state_changed
0,agent_319569ad,drone_registered
0,agent_96619913,drone_registered
0,agent_140071468180208,state_changed
0,agent_140071468180208,state_changed
0,agent_140071468180208,state_changed
0,agent_140071468180208,state_changed
0,agent_140071468180208,state_changed
0,agent_140071468180208,state_changed
0,agent_140071468180208,state_changed
0,agent_140071468180208,state_changed
0,agent_140071468180208,state_changed
0,agent_140071468180208,state_changed
0,agent_140071468180208,state_changed
0,agent_140071468180208,state_changed
0,agent_140071468180208,state_changed
0,agent_140071468180208,state_changed
0,agent_140071468180208,state_changed
0,agent_140071468180208,state_changed
0,agent_140071468180208,state_changed
0,agent_140071468180208,state_changed
0,agent_140071468180208,state_changed
0,agent_319569ad,drone_registered
0,agent_96619913,drone_registered
0,agent_140071468296240,state_changed
0,agent_140071468296240,state_changed
0,agent_140071468296240,state_changed
0,agent_140071468296240,state_changed
0,agent_140071468296240,state_changed
0,agent_140071468296240,state_changed
0,agent_140071468296240,state_changed
0,agent_140071468296240,state_changed
0,agent_140071468296240,state_changed
0,agent_140071468296240,state_changed
0,agent_140071468296240,state_changed
0,agent_140071468296240,state_changed
0,agent_140071468296240,state_changed
0,agent_140071468296240,state_changed
0,agent_140071468296240,state_changed
0,agent_140071468296240,state_changed
0,agent_140071468296240,state_changed
0,agent_140071468296240,state_changed
0,agent_140071468296240,state_changed
0,agent_319569ad,drone_registered
0,agent_96619913,drone_registered
0,agent_140071468379504,state_changed
0,agent_140071468379504,state_changed
0,agent_140071468379504,state_changed
0,agent_140071468379504,state_changed
0,agent_140071468379504,state_changed
0,agent_140071468379504,state_changed
0,agent_140071468379504,state_changed
0,agent_140071468379504,state_changed
0,agent_140071468379504,state_changed
0,agent_140071468379504,state_changed
0,agent_140071468379504,state_changed
0,agent_140071468379504,state_changed
0,agent_140071468379504,state_changed
0,agent_140071468379504,state_changed
0,agent_140071468379504,state_changed
0,agent_140071468379504,state_changed
0,agent_140071468379504,state_changed
0,agent_140071468379504,state_changed
0,agent_140071468379504,state_changed
0,agent_319569ad,drone_registered
0,agent_96619913,drone_registered
0,agent_140071468479152,state_changed
0,agent_140071468479152,state_changed
0,agent_140071468479152,state_changed
0,agent_140071468479152,state_changed
0,agent_140071468479152,state_changed
0,agent_140071468479152,state_changed
0,agent_140071468479152,state_changed
0,agent_140071468479152,state_changed
0,agent_140071468479152,state_changed
0,agent_140071468479152,state_changed
0,agent_140071468479152,state_changed
0,agent_140071468479152,state_changed
0,agent_140071468479152,state_changed
0,agent_140071468479152,state_changed
0,agent_140071468479152,state_changed
0,agent_140071468479152,state_changed
0,agent_140071468479152,state_changed
0,agent_140071468479152,state_changed
0,agent_140071468479152,state_changed
0,agent_319569ad,drone_registered
0,agent_96619913,drone_registered
0,agent_140071466514416,state_changed
0,agent_140071466514416,state_changed
0,agent_140071466514416,state_changed
0,agent_140071466514416,state_changed
0,agent_140071466514416,state_changed
0,agent_140071466514416,state_changed
0,agent_140071466514416,state_changed
0,agent_140071466514416,state_changed
0,agent_140071466514416,state_changed
0,agent_140071466514416,state_changed
0,agent_140071466514416,state_changed
0,agent_140071466514416,state_changed
0,agent_140071466514416,state_changed
0,agent_140071466514416,state_changed
0,agent_140071466514416,state_changed
0,agent_140071466514416,state_changed
0,agent_140071466514416,state_changed
0,agent_140071466514416,state_changed
0,agent_140071466514416,state_changed
0,agent_319569ad,drone_registered
0,agent_96619913,drone_registered
0,agent_140071466630448,state_changed
0,agent_140071466630448,state_changed
0,agent_140071466630448,state_changed
0,agent_140071466630448,state_changed
0,agent_140071466630448,state_changed
0,agent_140071466630448,state_changed
0,agent_140071466630448,state_changed
0,agent_140071466630448,state_changed
0,agent_140071466630448,state_changed
0,agent_140071466630448,state_changed
0,agent_140071466630448,state_changed
0,agent_140071466630448,state_changed
0,agent_140071466630448,state_changed
0,agent_140071466630448,state_changed
0,agent_140071466630448,state_changed
0,agent_140071466630448,state_changed
0,agent_140071466630448,state_changed
0,agent_140071466630448,state_changed
0,agent_140071466630448,state_changed
0,agent_319569ad,drone_registered
0,agent_96619913,drone_registered
0,agent_140071466812080,state_changed
0,agent_140071466812080,state_changed
0,agent_140071466812080,state_changed
0,agent_140071466812080,state_changed
0,agent_140071466812080,state_changed
0,agent_140071466812080,state_changed
0,agent_140071466812080,state_changed
0,agent_140071466812080,state_changed
0,agent_140071466812080,state_changed
0,agent_140071466812080,state_changed
0,agent_140071466812080,state_changed
0,agent_140071466812080,state_changed
0,agent_140071466812080,state_changed
0,agent_140071466812080,state_changed
0,agent_140071466812080,state_changed
0,agent_140071466812080,state_changed
0,agent_140071466812080,state_changed
0,agent_140071466812080,state_changed
0,agent_140071466812080,state_changed
0,agent_319569ad,drone_registered
0,agent_96619913,drone_registered
0,agent_140071466911728,state_changed
0,agent_140071466911728,state_changed
0,agent_140071466911728,state_changed
0,agent_140071466911728,state_changed
0,agent_140071466911728,state_changed
0,agent_140071466911728,state_changed
0,agent_140071466911728,state_changed
0,agent_140071466911728,state_changed
0,agent_140071466911728,state_changed
0,agent_140071466911728,state_changed
0,agent_140071466911728,state_changed
0,agent_140071466911728,state_changed
0,agent_140071466911728,state_changed
0,agent_140071466911728,state_changed
0,agent_140071466911728,state_changed
0,agent_140071466911728,state_changed
0,agent_140071466911728,state_changed
0,agent_140071466911728,state_changed
0,agent_140071466911728,state_changed
0,agent_319569ad,drone_registered
0,agent_96619913,drone_registered
0,agent_140071467027760,state_changed
0,agent_140071467027760,state_changed
0,agent_140071467027760,state_changed
0,agent_140071467027760,state_changed
0,agent_140071467027760,state_changed
0,agent_140071467027760,state_changed
0,agent_140071467027760,state_changed
0,agent_140071467027760,state_changed
0,agent_140071467027760,state_changed
0,agent_140071467027760,state_changed
0,agent_140071467027760,state_changed
0,agent_140071467027760,state_changed
0,agent_140071467027760,state_changed
0,agent_140071467027760,state_changed
0,agent_140071467027760,state_changed
0,agent_140071467027760,state_changed
0,agent_140071467027760,state_changed
0,agent_140071467027760,state_changed
0,agent_140071467027760,state_changed
0,agent_319569ad,drone_registered
0,agent_96619913,drone_registered
0,agent_140071467143792,state_changed
0,agent_140071467143792,state_changed
0,agent_140071467143792,state_changed
0,agent_140071467143792,state_changed
0,agent_140071467143792,state_changed
0,agent_140071467143792,state_changed
0,agent_140071467143792,state_changed
0,agent_140071467143792,state_changed
0,agent_140071467143792,state_changed
0,agent_140071467143792,state_changed
0,agent_140071467143792,state_changed
0,agent_140071467143792,state_changed
0,agent_140071467143792,state_changed
0,agent_140071467143792,state_changed
0,agent_140071467143792,state_changed
0,agent_140071467143792,state_changed
0,agent_140071467143792,state_changed
0,agent_140071467143792,state_changed
0,agent_140071467143792,state_changed
0,agent_319569ad,drone_registered
0,agent_96619913,drone_registered
0,agent_140071467227056,state_changed
0,agent_140071467227056,state_changed
0,agent_140071467227056,state_changed
0,agent_140071467227056,state_changed
0,agent_140071467227056,state_changed
0,agent_140071467227056,state_changed
0,agent_140071467227056,state_changed
0,agent_140071467227056,state_changed
0,agent_140071467227056,state_changed
0,agent_140071467227056,state_changed
0,agent_140071467227056,state_changed
0,agent_140071467227056,state_changed
0,agent_140071467227056,state_changed
0,agent_140071467227056,state_changed
0,agent_140071467227056,state_changed
0,agent_140071467227056,state_changed
0,agent_140071467227056,state_changed
0,agent_140071467227056,state_changed
0,agent_140071467227056,state_changed
0,agent_319569ad,drone_registered
0,agent_96619913,drone_registered
0,agent_140071467343088,state_changed
0,agent_140071467343088,state_changed
0,agent_140071467343088,state_changed
0,agent_140071467343088,state_changed
0,agent_140071467343088,state_changed
0,agent_140071467343088,state_changed
0,agent_140071467343088,state_changed
0,agent_140071467343088,state_changed
0,agent_140071467343088,state_changed
0,agent_140071467343088,state_changed
0,agent_140071467343088,state_changed
0,agent_140071467343088,state_changed
0,agent_140071467343088,state_changed
0,agent_140071467343088,state_changed
0,agent_140071467343088,state_changed
0,agent_140071467343088,state_changed
0,agent_140071467343088,state_changed
0,agent_140071467343088,state_changed
0,agent_140071467343088,state_changed
0,agent_319569ad,drone_registered
0,agent_96619913,drone_registered
0,agent_140071465394736,state_changed
0,agent_140071465394736,state_changed
0,agent_140071465394736,state_changed
0,agent_140071465394736,state_changed
0,agent_140071465394736,state_changed
0,agent_140071465394736,state_changed
0,agent_140071465394736,state_changed
0,agent_140071465394736,state_changed
0,agent_140071465394736,state_changed
0,agent_140071465394736,state_changed
0,agent_140071465394736,state_changed
0,agent_140071465394736,state_changed
0,agent_140071465394736,state_changed
0,agent_140071465394736,state_changed
0,agent_140071465394736,state_changed
0,agent_140071465394736,state_changed
0,agent_140071465394736,state_changed
0,agent_140071465394736,state_changed
0,agent_140071465394736,state_changed
0,agent_319569ad,drone_registered
0,agent_96619913,drone_registered
0,agent_140071465510768,state_changed
0,agent_140071465510768,state_changed
0,agent_140071465510768,state_changed
0,agent_140071465510768,state_changed
0,agent_140071465510768,state_changed
0,agent_140071465510768,state_changed
0,agent_140071465510768,state_changed
0,agent_140071465510768,state_changed
0,agent_140071465510768,state_changed
0,agent_140071465510768,state_changed
0,agent_140071465510768,state_changed
0,agent_140071465510768,state_changed
0,agent_140071465510768,state_changed
0,agent_140071465510768,state_changed
0,agent_140071465510768,state_changed
0,agent_140071465510768,state_changed
0,agent_140071465510768,state_changed
0,agent_140071465510768,state_changed
0,agent_140071465510768,state_changed
0,agent_319569ad,drone_registered
0,agent_96619913,drone_registered
0,agent_140071465594032,state_changed
0,agent_140071465594032,state_changed
0,agent_140071465594032,state_changed
0,agent_140071465594032,state_changed
0,agent_140071465594032,state_changed
0,agent_140071465594032,state_changed
0,agent_140071465594032,state_changed
0,agent_140071465594032,state_changed
0,agent_140071465594032,state_changed
0,agent_140071465594032,state_changed
0,agent_140071465594032,state_changed
0,agent_140071465594032,state_changed
0,agent_140071465594032,state_changed
0,agent_140071465594032,state_changed
0,agent_140071465594032,state_changed
0,agent_140071465594032,state_changed
0,agent_140071465594032,state_changed
0,agent_140071465594032,state_changed
0,agent_140071465594032,state_changed
0,agent_319569ad,drone_registered
0,agent_96619913,drone_registered
0,agent_140071465710064,state_changed
0,agent_140071465710064,state_changed
0,agent_140071465710064,state_changed
0,agent_140071465710064,state_changed
0,agent_140071465710064,state_changed
0,agent_140071465710064,state_changed
0,agent_140071465710064,state_changed
0,agent_140071465710064,state_changed
0,agent_140071465710064,state_changed
0,agent_140071465710064,state_changed
0,agent_140071465710064,state_changed
0,agent_140071465710064,state_changed
0,agent_140071465710064,state_changed
0,agent_140071465710064,state_changed
0,agent_140071465710064,state_changed
0,agent_140071465710064,state_changed
0,agent_140071465710064,state_changed
0,agent_140071465710064,state_changed
0,agent_140071465710064,state_changed
0,agent_319569ad,drone_registered
0,agent_96619913,drone_registered
0,agent_140071465793328,state_changed
0,agent_140071465793328,state_changed
0,agent_140071465793328,state_changed
0,agent_140071465793328,state_changed
0,agent_140071465793328,state_changed
0,agent_140071465793328,state_changed
0,agent_140071465793328,state_changed
0,agent_140071465793328,state_changed
0,agent_140071465793328,state_changed
0,agent_140071465793328,state_changed
0,agent_140071465793328,state_changed
0,agent_140071465793328,state_changed
0,agent_140071465793328,state_changed
0,agent_140071465793328,state_changed
0,agent_140071465793328,state_changed
0,agent_140071465793328,state_changed
0,agent_140071465793328,state_changed
0,agent_140071465793328,state_changed
0,agent_140071465793328,state_changed
0,agent_319569ad,drone_registered
0,agent_96619913,drone_registered
0,agent_140071465909360,state_changed
0,agent_140071465909360,state_changed
0,agent_140071465909360,state_changed
0,agent_140071465909360,state_changed
0,agent_140071465909360,state_changed
0,agent_140071465909360,state_changed
0,agent_140071465909360,state_changed
0,agent_140071465909360,state_changed
0,agent_140071465909360,state_changed
0,agent_140071465909360,state_changed
0,agent_140071465909360,state_changed
0,agent_140071465909360,state_changed
0,agent_140071465909360,state_changed
0,agent_140071465909360,state_changed
0,agent_140071465909360,state_changed
0,agent_140071465909360,state_changed
0,agent_140071465909360,state_changed
0,agent_140071465909360,state_changed
0,agent_140071465909360,state_changed
0,agent_319569ad,drone_registered
0,agent_96619913,drone_registered
0,agent_140071466156528,state_changed
0,agent_140071466156528,state_changed
0,agent_140071466156528,state_changed
0,agent_140071466156528,state_changed
0,agent_140071466156528,state_changed
0,agent_140071466156528,state_changed
0,agent_140071466156528,state_changed
0,agent_140071466156528,state_changed
0,agent_140071466156528,state_changed
0,agent_140071466156528,state_changed
0,agent_140071466156528,state_changed
0,agent_140071466156528,state_changed
0,agent_140071466156528,state_changed
0,agent_140071466156528,state_changed
0,agent_140071466156528,state_changed
0,agent_140071466156528,state_changed
0,agent_140071466156528,state_changed
0,agent_140071466156528,state_changed
0,agent_140071466156528,state_changed
0,agent_319569ad,drone_registered
0,agent_96619913,drone_registered
0,agent_140071466223408,state_changed
0,agent_140071466223408,state_changed
0,agent_140071466223408,state_changed
0,agent_140071466223408,state_changed
0,agent_140071466223408,state_changed
0,agent_140071466223408,state_changed
0,agent_140071466223408,state_changed
0,agent_140071466223408,state_changed
0,agent_140071466223408,state_changed
0,agent_140071466223408,state_changed
0,agent_140071466223408,state_changed
0,agent_140071466223408,state_changed
0,agent_140071466223408,state_changed
0,agent_140071466223408,state_changed
0,agent_140071466223408,state_changed
0,agent_140071466223408,state_changed
0,agent_140071466223408,state_changed
0,agent_140071466223408,state_changed
0,agent_140071466223408,state_changed
0,agent_319569ad,drone_registered
0,agent_96619913,drone_registered
0,agent_140071466339440,state_changed
0,agent_140071466339440,state_changed
0,agent_140071466339440,state_changed
0,agent_140071466339440,state_changed
0,agent_140071466339440,state_changed
0,agent_140071466339440,state_changed
0,agent_140071466339440,state_changed
0,agent_140071466339440,state_changed
0,agent_140071466339440,state_changed
0,agent_140071466339440,state_changed
0,agent_140071466339440,state_changed
0,agent_140071466339440,state_changed
0,agent_140071466339440,state_changed
0,agent_140071466339440,state_changed
0,agent_140071466339440,state_changed
0,agent_140071466339440,state_changed
0,agent_140071466339440,state_changed
0,agent_140071466339440,state_changed
0,agent_140071466339440,state_changed
0,agent_319569ad,drone_registered
0,agent_96619913,drone_registered
0,agent_140071464358320,state_changed
0,agent_140071464358320,state_changed
0,agent_140071464358320,state_changed
0,agent_140071464358320,state_changed
0,agent_140071464358320,state_changed
0,agent_140071464358320,state_changed
0,agent_140071464358320,state_changed
0,agent_140071464358320,state_changed
0,agent_140071464358320,state_changed
0,agent_140071464358320,state_changed
0,agent_140071464358320,state_changed
0,agent_140071464358320,state_changed
0,agent_140071464358320,state_changed
0,agent_140071464358320,state_changed
0,agent_140071464358320,state_changed
0,agent_140071464358320,state_changed
0,agent_140071464358320,state_changed
0,agent_140071464358320,state_changed
0,agent_140071464358320,state_changed
0,agent_319569ad,drone_registered
0,agent_96619913,drone_registered
0,agent_140071464474352,state_changed
0,agent_140071464474352,state_changed
0,agent_140071464474352,state_changed
0,agent_140071464474352,state_changed
0,agent_140071464474352,state_changed
0,agent_140071464474352,state_changed
0,agent_140071464474352,state_changed
0,agent_140071464474352,state_changed
0,agent_140071464474352,state_changed
0,agent_140071464474352,state_changed
0,agent_140071464474352,state_changed
0,agent_140071464474352,state_changed
0,agent_140071464474352,state_changed
0,agent_140071464474352,state_changed
0,agent_140071464474352,state_changed
0,agent_140071464474352,state_changed
0,agent_140071464474352,state_changed
0,agent_140071464474352,state_changed
0,agent_140071464474352,state_changed
0,agent_319569ad,drone_registered
0,agent_96619913,drone_registered
0,agent_140071464590384,state_changed
0,agent_140071464590384,state_changed
0,agent_140071464590384,state_changed
0,agent_140071464590384,state_changed
0,agent_140071464590384,state_changed
0,agent_140071464590384,state_changed
0,agent_140071464590384,state_changed
0,agent_140071464590384,state_changed
0,agent_140071464590384,state_changed
0,agent_140071464590384,state_changed
0,agent_140071464590384,state_changed
0,agent_140071464590384,state_changed
0,agent_140071464590384,state_changed
0,agent_140071464590384,state_changed
0,agent_140071464590384,state_changed
0,agent_140071464590384,state_changed
0,agent_140071464590384,state_changed
0,agent_140071464590384,state_changed
0,agent_140071464590384,state_changed
0,agent_319569ad,drone_registered
0,agent_96619913,drone_registered
0,agent_140071464690032,state_changed
0,agent_140071464690032,state_changed
0,agent_140071464690032,state_changed
0,agent_140071464690032,state_changed
0,agent_140071464690032,state_changed
0,agent_140071464690032,state_changed
0,agent_140071464690032,state_changed
0,agent_140071464690032,state_changed
0,agent_140071464690032,state_changed
0,agent_140071464690032,state_changed
0,agent_140071464690032,state_changed
0,agent_140071464690032,state_changed
0,agent_140071464690032,state_changed
0,agent_140071464690032,state_changed
0,agent_140071464690032,state_changed
0,agent_140071464690032,state_changed
0,agent_140071464690032,state_changed
0,agent_140071464690032,state_changed
0,agent_140071464690032,state_changed
0,agent_319569ad,drone_registered
0,agent_96619913,drone_registered
0,agent_140071464789680,state_changed
0,agent_140071464789680,state_changed
0,agent_140071464789680,state_changed
0,agent_140071464789680,state_changed
0,agent_140071464789680,state_changed
0,agent_140071464789680,state_changed
0,agent_140071464789680,state_changed
0,agent_140071464789680,state_changed
0,agent_140071464789680,state_changed
0,agent_140071464789680,state_changed
0,agent_140071464789680,state_changed
0,agent_140071464789680,state_changed
0,agent_140071464789680,state_changed
0,agent_140071464789680,state_changed
0,agent_140071464789680,state_changed
0,agent_140071464789680,state_changed
0,agent_140071464789680,state_changed
0,agent_140071464789680,state_changed
0,agent_140071464789680,state_changed
0,agent_319569ad,drone_registered
0,agent_96619913,drone_registered
0,agent_140071464922096,state_changed
0,agent_140071464922096,state_changed
0,agent_140071464922096,state_changed
0,agent_140071464922096,state_changed
0,agent_140071464922096,state_changed
0,agent_140071464922096,state_changed
0,agent_140071464922096,state_changed
0,agent_140071464922096,state_changed
0,agent_140071464922096,state_changed
0,agent_140071464922096,state_changed
0,agent_140071464922096,state_changed
0,agent_140071464922096,state_changed
0,agent_140071464922096,state_changed
0,agent_140071464922096,state_changed
0,agent_140071464922096,state_changed
0,agent_140071464922096,state_changed
0,agent_140071464922096,state_changed
0,agent_140071464922096,state_changed
0,agent_140071464922096,state_changed
0,agent_319569ad,drone_registered
0,agent_96619913,drone_registered
0,agent_140071465021744,state_changed
0,agent_140071465021744,state_changed
0,agent_140071465021744,state_changed
0,agent_140071465021744,state_changed
0,agent_140071465021744,state_changed
0,agent_140071465021744,state_changed
0,agent_140071465021744,state_changed
0,agent_140071465021744,state_changed
0,agent_140071465021744,state_changed
0,agent_140071465021744,state_changed
0,agent_140071465021744,state_changed
0,agent_140071465021744,state_changed
0,agent_140071465021744,state_changed
0,agent_140071465021744,state_changed
0,agent_140071465021744,state_changed
0,agent_140071465021744,state_changed
0,agent_140071465021744,state_changed
0,agent_140071465021744,state_changed
0,agent_140071465021744,state_changed
0,agent_319569ad,drone_registered
0,agent_96619913,drone_registered
0,agent_140071465105008,state_changed
0,agent_140071465105008,state_changed
0,agent_140071465105008,state_changed
0,agent_140071465105008,state_changed
0,agent_140071465105008,state_changed
0,agent_140071465105008,state_changed
0,agent_140071465105008,state_changed
0,agent_140071465105008,state_changed
0,agent_140071465105008,state_changed
0,agent_140071465105008,state_changed
0,agent_140071465105008,state_changed
0,agent_140071465105008,state_changed
0,agent_140071465105008,state_changed
0,agent_140071465105008,state_changed
0,agent_140071465105008,state_changed
0,agent_140071465105008,state_changed
0,agent_140071465105008,state_changed
0,agent_140071465105008,state_changed
0,agent_140071465105008,state_changed
0,agent_319569ad,drone_registered
0,agent_96619913,drone_registered
0,agent_140071465270192,state_changed
0,agent_140071465270192,state_changed
0,agent_140071465270192,state_changed
0,agent_140071465270192,state_changed
0,agent_140071465270192,state_changed
0,agent_140071465270192,state_changed
0,agent_140071465270192,state_changed
0,agent_140071465270192,state_changed
0,agent_140071465270192,state_changed
0,agent_140071465270192,state_changed
0,agent_140071465270192,state_changed
0,agent_140071465270192,state_changed
0,agent_140071465270192,state_changed
0,agent_140071465270192,state_changed
0,agent_140071465270192,state_changed
0,agent_140071465270192,state_changed
0,agent_140071465270192,state_changed
0,agent_140071465270192,state_changed
0,agent_140071465270192,state_changed
0,agent_319569ad,drone_registered
0,agent_96619913,drone_registered
0,agent_140071463354672,state_changed
0,agent_140071463354672,state_changed
0,agent_140071463354672,state_changed
0,agent_140071463354672,state_changed
0,agent_140071463354672,state_changed
0,agent_140071463354672,state_changed
0,agent_140071463354672,state_changed
0,agent_140071463354672,state_changed
0,agent_140071463354672,state_changed
0,agent_140071463354672,state_changed
0,agent_140071463354672,state_changed
0,agent_140071463354672,state_changed
0,agent_140071463354672,state_changed
0,agent_140071463354672,state_changed
0,agent_140071463354672,state_changed
0,agent_140071463354672,state_changed
0,agent_140071463354672,state_changed
0,agent_140071463354672,state_changed
0,agent_140071463354672,state_changed
0,agent_319569ad,drone_registered
0,agent_96619913,drone_registered
0,agent_140071463470704,state_changed
0,agent_140071463470704,state_changed
0,agent_140071463470704,state_changed
0,agent_140071463470704,state_changed
0,agent_140071463470704,state_changed
0,agent_140071463470704,state_changed
0,agent_140071463470704,state_changed
0,agent_140071463470704,state_changed
0,agent_140071463470704,state_changed
0,agent_140071463470704,state_changed
0,agent_140071463470704,state_changed
0,agent_140071463470704,state_changed
0,agent_140071463470704,state_changed
0,agent_140071463470704,state_changed
0,agent_140071463470704,state_changed
0,agent_140071463470704,state_changed
0,agent_140071463470704,state_changed
0,agent_140071463470704,state_changed
0,agent_140071463470704,state_changed
0,agent_319569ad,drone_registered
0,agent_96619913,drone_registered
0,agent_140071463586736,state_changed
0,agent_140071463586736,state_changed
0,agent_140071463586736,state_changed
0,agent_140071463586736,state_changed
0,agent_140071463586736,state_changed
0,agent_140071463586736,state_changed
0,agent_140071463586736,state_changed
0,agent_140071463586736,state_changed
0,agent_140071463586736,state_changed
0,agent_140071463586736,state_changed
0,agent_140071463586736,state_changed
0,agent_140071463586736,state_changed
0,agent_140071463586736,state_changed
0,agent_140071463586736,state_changed
0,agent_140071463586736,state_changed
0,agent_140071463586736,state_changed
0,agent_140071463586736,state_changed
0,agent_140071463586736,state_changed
0,agent_140071463586736,state_changed
0,agent_319569ad,drone_registered
0,agent_96619913,drone_registered
0,agent_140071463670000,state_changed
0,agent_140071463670000,state_changed
0,agent_140071463670000,state_changed
0,agent_140071463670000,state_changed
0,agent_140071463670000,state_changed
0,agent_140071463670000,state_changed
0,agent_140071463670000,state_changed
0,agent_140071463670000,state_changed
0,agent_140071463670000,state_changed
0,agent_140071463670000,state_changed
0,agent_140071463670000,state_changed
0,agent_140071463670000,state_changed
0,agent_140071463670000,state_changed
0,agent_140071463670000,state_changed
0,agent_140071463670000,state_changed
0,agent_140071463670000,state_changed
0,agent_140071463670000,state_changed
0,agent_140071463670000,state_changed
0,agent_140071463670000,state_changed
0,agent_319569ad,drone_registered
0,agent_96619913,drone_registered
0,agent_140071463802416,state_changed
0,agent_140071463802416,state_changed
0,agent_140071463802416,state_changed
0,agent_140071463802416,state_changed
0,agent_140071463802416,state_changed
0,agent_140071463802416,state_changed
0,agent_140071463802416,state_changed
0,agent_140071463802416,state_changed
0,agent_140071463802416,state_changed
0,agent_140071463802416,state_changed
0,agent_140071463802416,state_changed
0,agent_140071463802416,state_changed
0,agent_140071463802416,state_changed
0,agent_140071463802416,state_changed
0,agent_140071463802416,state_changed
0,agent_140071463802416,state_changed
0,agent_140071463802416,state_changed
0,agent_140071463802416,state_changed
0,agent_140071463802416,state_changed
0,agent_319569ad,drone_registered
0,agent_96619913,drone_registered
0,agent_140071463885680,state_changed
0,agent_140071463885680,state_changed
0,agent_140071463885680,state_changed
0,agent_140071463885680,state_changed
0,agent_140071463885680,state_changed
0,agent_140071463885680,state_changed
0,agent_140071463885680,state_changed
0,agent_140071463885680,state_changed
0,agent_140071463885680,state_changed
0,agent_140071463885680,state_changed
0,agent_140071463885680,state_changed
0,agent_140071463885680,state_changed
0,agent_140071463885680,state_changed
0,agent_140071463885680,state_changed
0,agent_140071463885680,state_changed
0,agent_140071463885680,state_changed
0,agent_140071463885680,state_changed
0,agent_140071463885680,state_changed
0,agent_140071463885680,state_changed
0,agent_319569ad,drone_registered
0,agent_96619913,drone_registered
0,agent_140071464001712,state_changed
0,agent_140071464001712,state_changed
0,agent_140071464001712,state_changed
0,agent_140071464001712,state_changed
0,agent_140071464001712,state_changed
0,agent_140071464001712,state_changed
0,agent_140071464001712,state_changed
0,agent_140071464001712,state_changed
0,agent_140071464001712,state_changed
0,agent_140071464001712,state_changed
0,agent_140071464001712,state_changed
0,agent_140071464001712,state_changed
0,agent_140071464001712,state_changed
0,agent_140071464001712,state_changed
0,agent_140071464001712,state_changed
0,agent_140071464001712,state_changed
0,agent_140071464001712,state_changed
0,agent_140071464001712,state_changed
0,agent_140071464001712,state_changed
0,agent_319569ad,drone_registered
0,agent_96619913,drone_registered
0,agent_140071464117744,state_changed
0,agent_140071464117744,state_changed
0,agent_140071464117744,state_changed
0,agent_140071464117744,state_changed
0,agent_140071464117744,state_changed
0,agent_140071464117744,state_changed
0,agent_140071464117744,state_changed
0,agent_140071464117744,state_changed
0,agent_140071464117744,state_changed
0,agent_140071464117744,state_changed
0,agent_140071464117744,state_changed
0,agent_140071464117744,state_changed
0,agent_140071464117744,state_changed
0,agent_140071464117744,state_changed
0,agent_140071464117744,state_changed
0,agent_140071464117744,state_changed
0,agent_140071464117744,state_changed
0,agent_140071464117744,state_changed
0,agent_140071464117744,state_changed
0,agent_319569ad,drone_registered
0,agent_96619913,drone_registered
0,agent_140071464217392,state_changed
0,agent_140071464217392,state_changed
0,agent_140071464217392,state_changed
0,agent_140071464217392,state_changed
0,agent_140071464217392,state_changed
0,agent_140071464217392,state_changed
0,agent_140071464217392,state_changed
0,agent_140071464217392,state_changed
0,agent_140071464217392,state_changed
0,agent_140071464217392,state_changed
0,agent_140071464217392,state_changed
0,agent_140071464217392,state_changed
0,agent_140071464217392,state_changed
0,agent_140071464217392,state_changed
0,agent_140071464217392,state_changed
0,agent_140071464217392,state_changed
0,agent_140071464217392,state_changed
0,agent_140071464217392,state_changed
0,agent_140071464217392,state_changed
0,agent_319569ad,drone_registered
0,agent_96619913,drone_registered
0,agent_140071464300656,state_changed
0,agent_140071464300656,state_changed
0,agent_140071464300656,state_changed
0,agent_140071464300656,state_changed
0,agent_140071464300656,state_changed
0,agent_140071464300656,state_changed
0,agent_140071464300656,state_changed
0,agent_140071464300656,state_changed
0,agent_140071464300656,state_changed
0,agent_140071464300656,state_changed
0,agent_140071464300656,state_changed
0,agent_140071464300656,state_changed
0,agent_140071464300656,state_changed
0,agent_140071464300656,state_changed
0,agent_140071464300656,state_changed
0,agent_140071464300656,state_changed
0,agent_140071464300656,state_changed
0,agent_140071464300656,state_changed
0,agent_140071464300656,state_changed
0,agent_319569ad,drone_registered
0,agent_96619913,drone_registered
0,agent_140071462368688,state_changed
0,agent_140071462368688,state_changed
0,agent_140071462368688,state_changed
0,agent_140071462368688,state_changed
0,agent_140071462368688,state_changed
0,agent_140071462368688,state_changed
0,agent_140071462368688,state_changed
0,agent_140071462368688,state_changed
0,agent_140071462368688,state_changed
0,agent_140071462368688,state_changed
0,agent_140071462368688,state_changed
0,agent_140071462368688,state_changed
0,agent_140071462368688,state_changed
0,agent_140071462368688,state_changed
0,agent_140071462368688,state_changed
0,agent_140071462368688,state_changed
0,agent_140071462368688,state_changed
0,agent_140071462368688,state_changed
0,agent_140071462368688,state_changed
0,agent_319569ad,drone_registered
0,agent_96619913,drone_registered
0,agent_140071462484720,state_changed
0,agent_140071462484720,state_changed
0,agent_140071462484720,state_changed
0,agent_140071462484720,state_changed
0,agent_140071462484720,state_changed
0,agent_140071462484720,state_changed
0,agent_140071462484720,state_changed
0,agent_140071462484720,state_changed
0,agent_140071462484720,state_changed
0,agent_140071462484720,state_changed
0,agent_140071462484720,state_changed
0,agent_140071462484720,state_changed
0,agent_140071462484720,state_changed
0,agent_140071462484720,state_changed
0,agent_140071462484720,state_changed
0,agent_140071462484720,state_changed
0,agent_140071462484720,state_changed
0,agent_140071462484720,state_changed
0,agent_140071462484720,state_changed
0,agent_319569ad,drone_registered
0,agent_96619913,drone_registered
0,agent_140071462666352,state_changed
0,agent_140071462666352,state_changed
0,agent_140071462666352,state_changed
0,agent_140071462666352,state_changed
0,agent_140071462666352,state_changed
0,agent_140071462666352,state_changed
0,agent_140071462666352,state_changed
0,agent_140071462666352,state_changed
0,agent_140071462666352,state_changed
0,agent_140071462666352,state_changed
0,agent_140071462666352,state_changed
0,agent_140071462666352,state_changed
0,agent_140071462666352,state_changed
0,agent_140071462666352,state_changed
0,agent_140071462666352,state_changed
0,agent_140071462666352,state_changed
0,agent_140071462666352,state_changed
0,agent_140071462666352,state_changed
0,agent_140071462666352,state_changed
0,agent_319569ad,drone_registered
0,agent_96619913,drone_registered
0,agent_140071462749616,state_changed
0,agent_140071462749616,state_changed
0,agent_140071462749616,state_changed
0,agent_140071462749616,state_changed
0,agent_140071462749616,state_changed
0,agent_140071462749616,state_changed
0,agent_140071462749616,state_changed
0,agent_140071462749616,state_changed
0,agent_140071462749616,state_changed
0,agent_140071462749616,state_changed
0,agent_140071462749616,state_changed
0,agent_140071462749616,state_changed
0,agent_140071462749616,state_changed
0,agent_140071462749616,state_changed
0,agent_140071462749616,state_changed
0,agent_140071462749616,state_changed
0,agent_140071462749616,state_changed
0,agent_140071462749616,state_changed
0,agent_140071462749616,state_changed
0,agent_319569ad,drone_registered
0,agent_96619913,drone_registered
0,agent_140071462882032,state_changed
0,agent_140071462882032,state_changed
0,agent_140071462882032,state_changed
0,agent_140071462882032,state_changed
0,agent_140071462882032,state_changed
0,agent_140071462882032,state_changed
0,agent_140071462882032,state_changed
0,agent_140071462882032,state_changed
0,agent_140071462882032,state_changed
0,agent_140071462882032,state_changed
0,agent_140071462882032,state_changed
0,agent_140071462882032,state_changed
0,agent_140071462882032,state_changed
0,agent_140071462882032,state_changed
0,agent_140071462882032,state_changed
0,agent_140071462882032,state_changed
0,agent_140071462882032,state_changed
0,agent_140071462882032,state_changed
0,agent_140071462882032,state_changed
0,agent_319569ad,drone_registered
0,agent_96619913,drone_registered
0,agent_140071462998064,state_changed
0,agent_140071462998064,state_changed
0,agent_140071462998064,state_changed
0,agent_140071462998064,state_changed
0,agent_140071462998064,state_changed
0,agent_140071462998064,state_changed
0,agent_140071462998064,state_changed
0,agent_140071462998064,state_changed
0,agent_140071462998064,state_changed
0,agent_140071462998064,state_changed
0,agent_140071462998064,state_changed
0,agent_140071462998064,state_changed
0,agent_140071462998064,state_changed
0,agent_140071462998064,state_changed
0,agent_140071462998064,state_changed
0,agent_140071462998064,state_changed
0,agent_140071462998064,state_changed
0,agent_140071462998064,state_changed
0,agent_140071462998064,state_changed
0,agent_319569ad,drone_registered
0,agent_96619913,drone_registered
0,agent_140071463130480,state_changed
0,agent_140071463130480,state_changed
0,agent_140071463130480,state_changed
0,agent_140071463130480,state_changed
0,agent_140071463130480,state_changed
0,agent_140071463130480,state_changed
0,agent_140071463130480,state_changed
0,agent_140071463130480,state_changed
0,agent_140071463130480,state_changed
0,agent_140071463130480,state_changed
0,agent_140071463130480,state_changed
0,agent_140071463130480,state_changed
0,agent_140071463130480,state_changed
0,agent_140071463130480,state_changed
0,agent_140071463130480,state_changed
0,agent_140071463130480,state_changed
0,agent_140071463130480,state_changed
0,agent_140071463130480,state_changed
0,agent_140071463130480,state_changed
0,agent_319569ad,drone_registered
0,agent_96619913,drone_registered
0,agent_140071463230128,state_changed
0,agent_140071463230128,state_changed
0,agent_140071463230128,state_changed
0,agent_140071463230128,state_changed
0,agent_140071463230128,state_changed
0,agent_140071463230128,state_changed
0,agent_140071463230128,state_changed
0,agent_140071463230128,state_changed
0,agent_140071463230128,state_changed
0,agent_140071463230128,state_changed
0,agent_140071463230128,state_changed
0,agent_140071463230128,state_changed
0,agent_140071463230128,state_changed
0,agent_140071463230128,state_changed
0,agent_140071463230128,state_changed
0,agent_140071463230128,state_changed
0,agent_140071463230128,state_changed
0,agent_140071463230128,state_changed
0,agent_140071463230128,state_changed
0,agent_319569ad,drone_registered
0,agent_96619913,drone_registered
0,agent_140071461232624,state_changed
0,agent_140071461232624,state_changed
0,agent_140071461232624,state_changed
0,agent_140071461232624,state_changed
0,agent_140071461232624,state_changed
0,agent_140071461232624,state_changed
0,agent_140071461232624,state_changed
0,agent_140071461232624,state_changed
0,agent_140071461232624,state_changed
0,agent_140071461232624,state_changed
0,agent_140071461232624,state_changed
0,agent_140071461232624,state_changed
0,agent_140071461232624,state_changed
0,agent_140071461232624,state_changed
0,agent_140071461232624,state_changed
0,agent_140071461232624,state_changed
0,agent_140071461232624,state_changed
0,agent_140071461232624,state_changed
0,agent_140071461232624,state_changed
0,agent_319569ad,drone_registered
0,agent_96619913,drone_registered
0,agent_140071461332272,state_changed
0,agent_140071461332272,state_changed
0,agent_140071461332272,state_changed
0,agent_140071461332272,state_changed
0,agent_140071461332272,state_changed
0,agent_140071461332272,state_changed
0,agent_140071461332272,state_changed
0,agent_140071461332272,state_changed
0,agent_140071461332272,state_changed
0,agent_140071461332272,state_changed
0,agent_140071461332272,state_changed
0,agent_140071461332272,state_changed
0,agent_140071461332272,state_changed
0,agent_140071461332272,state_changed
0,agent_140071461332272,state_changed
0,agent_140071461332272,state_changed
0,agent_140071461332272,state_changed
0,agent_140071461332272,state_changed
0,agent_140071461332272,state_changed
0,agent_319569ad,drone_registered
0,agent_96619913,drone_registered
0,agent_140071461448304,state_changed
0,agent_140071461448304,state_changed
0,agent_140071461448304,state_changed
0,agent_140071461448304,state_changed
0,agent_140071461448304,state_changed
0,agent_140071461448304,state_changed
0,agent_140071461448304,state_changed
0,agent_140071461448304,state_changed
0,agent_140071461448304,state_changed
0,agent_140071461448304,state_changed
0,agent_140071461448304,state_changed
0,agent_140071461448304,state_changed
0,agent_140071461448304,state_changed
0,agent_140071461448304,state_changed
0,agent_140071461448304,state_changed
0,agent_140071461448304,state_changed
0,agent_140071461448304,state_changed
0,agent_140071461448304,state_changed
0,agent_140071461448304,state_changed
0,agent_319569ad,drone_registered
0,agent_96619913,drone_registered
0,agent_140071461547952,state_changed
0,agent_140071461547952,state_changed
0,agent_140071461547952,state_changed
0,agent_140071461547952,state_changed
0,agent_140071461547952,state_changed
0,agent_140071461547952,state_changed
0,agent_140071461547952,state_changed
0,agent_140071461547952,state_changed
0,agent_140071461547952,state_changed
0,agent_140071461547952,state_changed
0,agent_140071461547952,state_changed
0,agent_140071461547952,state_changed
0,agent_140071461547952,state_changed
0,agent_140071461547952,state_changed
0,agent_140071461547952,state_changed
0,agent_140071461547952,state_changed
0,agent_140071461547952,state_changed
0,agent_140071461547952,state_changed
0,agent_140071461547952,state_changed
0,agent_319569ad,drone_registered
0,agent_96619913,drone_registered
0,agent_140071461680368,state_changed
0,agent_140071461680368,state_changed
0,agent_140071461680368,state_changed
0,agent_140071461680368,state_changed
0,agent_140071461680368,state_changed
0,agent_140071461680368,state_changed
0,agent_140071461680368,state_changed
0,agent_140071461680368,state_changed
0,agent_140071461680368,state_changed
0,agent_140071461680368,state_changed
0,agent_140071461680368,state_changed
0,agent_140071461680368,state_changed
0,agent_140071461680368,state_changed
0,agent_140071461680368,state_changed
0,agent_140071461680368,state_changed
0,agent_140071461680368,state_changed
0,agent_140071461680368,state_changed
0,agent_140071461680368,state_changed
0,agent_140071461680368,state_changed
0,agent_319569ad,drone_registered
0,agent_96619913,drone_registered
0,agent_140071461763632,state_changed
0,agent_140071461763632,state_changed
0,agent_140071461763632,state_changed
0,agent_140071461763632,state_changed
0,agent_140071461763632,state_changed
0,agent_140071461763632,state_changed
0,agent_140071461763632,state_changed
0,agent_140071461763632,state_changed
0,agent_140071461763632,state_changed
0,agent_140071461763632,state_changed
0,agent_140071461763632,state_changed
0,agent_140071461763632,state_changed
0,agent_140071461763632,state_changed
0,agent_140071461763632,state_changed
0,agent_140071461763632,state_changed
0,agent_140071461763632,state_changed
0,agent_140071461763632,state_changed
0,agent_140071461763632,state_changed
0,agent_140071461763632,state_changed
0,agent_319569ad,drone_registered
0,agent_96619913,drone_registered
0,agent_140071461863280,state_changed
0,agent_140071461863280,state_changed
0,agent_140071461863280,state_changed
0,agent_140071461863280,state_changed
0,agent_140071461863280,state_changed
0,agent_140071461863280,state_changed
0,agent_140071461863280,state_changed
0,agent_140071461863280,state_changed
0,agent_140071461863280,state_changed
0,agent_140071461863280,state_changed
0,agent_140071461863280,state_changed
0,agent_140071461863280,state_changed
0,agent_140071461863280,state_changed
0,agent_140071461863280,state_changed
0,agent_140071461863280,state_changed
0,agent_140071461863280,state_changed
0,agent_140071461863280,state_changed
0,agent_140071461863280,state_changed
0,agent_140071461863280,state_changed
0,agent_319569ad,drone_registered
0,agent_96619913,drone_registered
0,agent_140071462044912,state_changed
0,agent_140071462044912,state_changed
0,agent_140071462044912,state_changed
0,agent_140071462044912,state_changed
0,agent_140071462044912,state_changed
0,agent_140071462044912,state_changed
0,agent_140071462044912,state_changed
0,agent_140071462044912,state_changed
0,agent_140071462044912,state_changed
0,agent_140071462044912,state_changed
0,agent_140071462044912,state_changed
0,agent_140071462044912,state_changed
0,agent_140071462044912,state_changed
0,agent_140071462044912,state_changed
0,agent_140071462044912,state_changed
0,agent_140071462044912,state_changed
0,agent_140071462044912,state_changed
0,agent_140071462044912,state_changed
0,agent_140071462044912,state_changed
0,agent_319569ad,drone_registered
0,agent_96619913,drone_registered
0,agent_140071462177328,state_changed
0,agent_140071462177328,state_changed
0,agent_140071462177328,state_changed
0,agent_140071462177328,state_changed
0,agent_140071462177328,state_changed
0,agent_140071462177328,state_changed
0,agent_140071462177328,state_changed
0,agent_140071462177328,state_changed
0,agent_140071462177328,state_changed
0,agent_140071462177328,state_changed
0,agent_140071462177328,state_changed
0,agent_140071462177328,state_changed
0,agent_140071462177328,state_changed
0,agent_140071462177328,state_changed
0,agent_140071462177328,state_changed
0,agent_140071462177328,state_changed
0,agent_140071462177328,state_changed
0,agent_140071462177328,state_changed
0,agent_140071462177328,state_changed
0,agent_319569ad,drone_registered
0,agent_96619913,drone_registered
0,agent_140071460196208,state_changed
0,agent_140071460196208,state_changed
0,agent_140071460196208,state_changed
0,agent_140071460196208,state_changed
0,agent_140071460196208,state_changed
0,agent_140071460196208,state_changed
0,agent_140071460196208,state_changed
0,agent_140071460196208,state_changed
0,agent_140071460196208,state_changed
0,agent_140071460196208,state_changed
0,agent_140071460196208,state_changed
0,agent_140071460196208,state_changed
0,agent_140071460196208,state_changed
0,agent_140071460196208,state_changed
0,agent_140071460196208,state_changed
0,agent_140071460196208,state_changed
0,agent_140071460196208,state_changed
0,agent_140071460196208,state_changed
0,agent_140071460196208,state_changed
0,agent_319569ad,drone_registered
0,agent_96619913,drone_registered
0,agent_140071460312240,state_changed
0,agent_140071460312240,state_changed
0,agent_140071460312240,state_changed
0,agent_140071460312240,state_changed
0,agent_140071460312240,state_changed
0,agent_140071460312240,state_changed
0,agent_140071460312240,state_changed
0,agent_140071460312240,state_changed
0,agent_140071460312240,state_changed
0,agent_140071460312240,state_changed
0,agent_140071460312240,state_changed
0,agent_140071460312240,state_changed
0,agent_140071460312240,state_changed
0,agent_140071460312240,state_changed
0,agent_140071460312240,state_changed
0,agent_140071460312240,state_changed
0,agent_140071460312240,state_changed
0,agent_140071460312240,state_changed
0,agent_140071460312240,state_changed
0,agent_319569ad,drone_registered
0,agent_96619913,drone_registered
0,agent_140071460411888,state_changed
0,agent_140071460411888,state_changed
0,agent_140071460411888,state_changed
0,agent_140071460411888,state_changed
0,agent_140071460411888,state_changed
0,agent_140071460411888,state_changed
0,agent_140071460411888,state_changed
0,agent_140071460411888,state_changed
0,agent_140071460411888,state_changed
0,agent_140071460411888,state_changed
0,agent_140071460411888,state_changed
0,agent_140071460411888,state_changed
0,agent_140071460411888,state_changed
0,agent_140071460411888,state_changed
0,agent_140071460411888,state_changed
0,agent_140071460411888,state_changed
0,agent_140071460411888,state_changed
0,agent_140071460411888,state_changed
0,agent_140071460411888,state_changed
0,agent_319569ad,drone_registered
0,agent_96619913,drone_registered
0,agent_140071460527920,state_changed
0,agent_140071460527920,state_changed
0,agent_140071460527920,state_changed
0,agent_140071460527920,state_changed
0,agent_140071460527920,state_changed
0,agent_140071460527920,state_changed
0,agent_140071460527920,state_changed
0,agent_140071460527920,state_changed
0,agent_140071460527920,state_changed
0,agent_140071460527920,state_changed
0,agent_140071460527920,state_changed
0,agent_140071460527920,state_changed
0,agent_140071460527920,state_changed
0,agent_140071460527920,state_changed
0,agent_140071460527920,state_changed
0,agent_140071460527920,state_changed
0,agent_140071460527920,state_changed
0,agent_140071460527920,state_changed
0,agent_140071460527920,state_changed
0,agent_319569ad,drone_registered
0,agent_96619913,drone_registered
0,agent_140071460643952,state_changed
0,agent_140071460643952,state_changed
0,agent_140071460643952,state_changed
0,agent_140071460643952,state_changed
0,agent_140071460643952,state_changed
0,agent_140071460643952,state_changed
0,agent_140071460643952,state_changed
0,agent_140071460643952,state_changed
0,agent_140071460643952,state_changed
0,agent_140071460643952,state_changed
0,agent_140071460643952,state_changed
0,agent_140071460643952,state_changed
0,agent_140071460643952,state_changed
0,agent_140071460643952,state_changed
0,agent_140071460643952,state_changed
0,agent_140071460643952,state_changed
0,agent_140071460643952,state_changed
0,agent_140071460643952,state_changed
0,agent_140071460643952,state_changed
0,agent_319569ad,drone_registered
0,agent_96619913,drone_registered
0,agent_140071460743600,state_changed
0,agent_140071460743600,state_changed
0,agent_140071460743600,state_changed
0,agent_140071460743600,state_changed
0,agent_140071460743600,state_changed
0,agent_140071460743600,state_changed
0,agent_140071460743600,state_changed
0,agent_140071460743600,state_changed
0,agent_140071460743600,state_changed
0,agent_140071460743600,state_changed
0,agent_140071460743600,state_changed
0,agent_140071460743600,state_changed
0,agent_140071460743600,state_changed
0,agent_140071460743600,state_changed
0,agent_140071460743600,state_changed
0,agent_140071460743600,state_changed
0,agent_140071460743600,state_changed
0,agent_140071460743600,state_changed
0,agent_140071460743600,state_changed
0,agent_319569ad,drone_registered
0,agent_96619913,drone_registered
0,agent_140071460843248,state_changed
0,agent_140071460843248,state_changed
0,agent_140071460843248,state_changed
0,agent_140071460843248,state_changed
0,agent_140071460843248,state_changed
0,agent_140071460843248,state_changed
0,agent_140071460843248,state_changed
0,agent_140071460843248,state_changed
0,agent_140071460843248,state_changed
0,agent_140071460843248,state_changed
0,agent_140071460843248,state_changed
0,agent_140071460843248,state_changed
0,agent_140071460843248,state_changed
0,agent_140071460843248,state_changed
0,agent_140071460843248,state_changed
0,agent_140071460843248,state_changed
0,agent_140071460843248,state_changed
0,agent_140071460843248,state_changed
0,agent_140071460843248,state_changed
0,agent_319569ad,drone_registered
0,agent_96619913,drone_registered
0,agent_140071460959280,state_changed
0,agent_140071460959280,state_changed
0,agent_140071460959280,state_changed
0,agent_140071460959280,state_changed
0,agent_140071460959280,state_changed
0,agent_140071460959280,state_changed
0,agent_140071460959280,state_changed
0,agent_140071460959280,state_changed
0,agent_140071460959280,state_changed
0,agent_140071460959280,state_changed
0,agent_140071460959280,state_changed
0,agent_140071460959280,state_changed
0,agent_140071460959280,state_changed
0,agent_140071460959280,state_changed
0,agent_140071460959280,state_changed
0,agent_140071460959280,state_changed
0,agent_140071460959280,state_changed
0,agent_140071460959280,state_changed
0,agent_140071460959280,state_changed
0,agent_319569ad,drone_registered
0,agent_96619913,drone_registered
0,agent_140071461042544,state_changed
0,agent_140071461042544,state_changed
0,agent_140071461042544,state_changed
0,agent_140071461042544,state_changed
0,agent_140071461042544,state_changed
0,agent_140071461042544,state_changed
0,agent_140071461042544,state_changed
0,agent_140071461042544,state_changed
0,agent_140071461042544,state_changed
0,agent_140071461042544,state_changed
0,agent_140071461042544,state_changed
0,agent_140071461042544,state_changed
0,agent_140071461042544,state_changed
0,agent_140071461042544,state_changed
0,agent_140071461042544,state_changed
0,agent_140071461042544,state_changed
0,agent_140071461042544,state_changed
0,agent_140071461042544,state_changed
0,agent_140071461042544,state_changed
0,agent_319569ad,drone_registered
0,agent_96619913,drone_registered
0,agent_140071461174960,state_changed
0,agent_140071461174960,state_changed
0,agent_140071461174960,state_changed
0,agent_140071461174960,state_changed
0,agent_140071461174960,state_changed
0,agent_140071461174960,state_changed
0,agent_140071461174960,state_changed
0,agent_140071461174960,state_changed
0,agent_140071461174960,state_changed
0,agent_140071461174960,state_changed
0,agent_140071461174960,state_changed
0,agent_140071461174960,state_changed
0,agent_140071461174960,state_changed
0,agent_140071461174960,state_changed
0,agent_140071461174960,state_changed
0,agent_140071461174960,state_changed
0,agent_140071461174960,state_changed
0,agent_140071461174960,state_changed
0,agent_140071461174960,state_changed
0,agent_319569ad,drone_registered
0,agent_96619913,drone_registered
0,agent_140071459292208,state_changed
0,agent_140071459292208,state_changed
0,agent_140071459292208,state_changed
0,agent_140071459292208,state_changed
0,agent_140071459292208,state_changed
0,agent_140071459292208,state_changed
0,agent_140071459292208,state_changed
0,agent_140071459292208,state_changed
0,agent_140071459292208,state_changed
0,agent_140071459292208,state_changed
0,agent_140071459292208,state_changed
0,agent_140071459292208,state_changed
0,agent_140071459292208,state_changed
0,agent_140071459292208,state_changed
0,agent_140071459292208,state_changed
0,agent_140071459292208,state_changed
0,agent_140071459292208,state_changed
0,agent_140071459292208,state_changed
0,agent_140071459292208,state_changed
0,agent_319569ad,drone_registered
0,agent_96619913,drone_registered
0,agent_140071459408240,state_changed
0,agent_140071459408240,state_changed
0,agent_140071459408240,state_changed
0,agent_140071459408240,state_changed
0,agent_140071459408240,state_changed
0,agent_140071459408240,state_changed
0,agent_140071459408240,state_changed
0,agent_140071459408240,state_changed
0,agent_140071459408240,state_changed
0,agent_140071459408240,state_changed
0,agent_140071459408240,state_changed
0,agent_140071459408240,state_changed
0,agent_140071459408240,state_changed
0,agent_140071459408240,state_changed
0,agent_140071459408240,state_changed
0,agent_140071459408240,state_changed
0,agent_140071459408240,state_changed
0,agent_140071459408240,state_changed
0,agent_140071459408240,state_changed
0,agent_319569ad,drone_registered
0,agent_96619913,drone_registered
0,agent_140071459491504,state_changed
0,agent_140071459491504,state_changed
0,agent_140071459491504,state_changed
0,agent_140071459491504,state_changed
0,agent_140071459491504,state_changed
0,agent_140071459491504,state_changed
0,agent_140071459491504,state_changed
0,agent_140071459491504,state_changed
0,agent_140071459491504,state_changed
0,agent_140071459491504,state_changed
0,agent_140071459491504,state_changed
0,agent_140071459491504,state_changed
0,agent_140071459491504,state_changed
0,agent_140071459491504,state_changed
0,agent_140071459491504,state_changed
0,agent_140071459491504,state_changed
0,agent_140071459491504,state_changed
0,agent_140071459491504,state_changed
0,agent_140071459491504,state_changed
0,agent_319569ad,drone_registered
0,agent_96619913,drone_registered
0,agent_140071459623920,state_changed
0,agent_140071459623920,state_changed
0,agent_140071459623920,state_changed
0,agent_140071459623920,state_changed
0,agent_140071459623920,state_changed
0,agent_140071459623920,state_changed
0,agent_140071459623920,state_changed
0,agent_140071459623920,state_changed
0,agent_140071459623920,state_changed
0,agent_140071459623920,state_changed
0,agent_140071459623920,state_changed
0,agent_140071459623920,state_changed
0,agent_140071459623920,state_changed
0,agent_140071459623920,state_changed
0,agent_140071459623920,state_changed
0,agent_140071459623920,state_changed
0,agent_140071459623920,state_changed
0,agent_140071459623920,state_changed
0,agent_140071459623920,state_changed
0,agent_319569ad,drone_registered
0,agent_96619913,drone_registered
0,agent_140071459707184,state_changed
0,agent_140071459707184,state_changed
0,agent_140071459707184,state_changed
0,agent_140071459707184,state_changed
0,agent_140071459707184,state_changed
0,agent_140071459707184,state_changed
0,agent_140071459707184,state_changed
0,agent_140071459707184,state_changed
0,agent_140071459707184,state_changed
0,agent_140071459707184,state_changed
0,agent_140071459707184,state_changed
0,agent_140071459707184,state_changed
0,agent_140071459707184,state_changed
0,agent_140071459707184,state_changed
0,agent_140071459707184,state_changed
0,agent_140071459707184,state_changed
0,agent_140071459707184,state_changed
0,agent_140071459707184,state_changed
0,agent_140071459707184,state_changed
0,agent_319569ad,drone_registered
0,agent_96619913,drone_registered
0,agent_140071459823216,state_changed
0,agent_140071459823216,state_changed
0,agent_140071459823216,state_changed
0,agent_140071459823216,state_changed
0,agent_140071459823216,state_changed
0,agent_140071459823216,state_changed
0,agent_140071459823216,state_changed
0,agent_140071459823216,state_changed
0,agent_140071459823216,state_changed
0,agent_140071459823216,state_changed
0,agent_140071459823216,state_changed
0,agent_140071459823216,state_changed
0,agent_140071459823216,state_changed
0,agent_140071459823216,state_changed
0,agent_140071459823216,state_changed
0,agent_140071459823216,state_changed
0,agent_140071459823216,state_changed
0,agent_140071459823216,state_changed
0,agent_140071459823216,state_changed
0,agent_319569ad,drone_registered
0,agent_96619913,drone_registered
0,agent_140071459939248,state_changed
0,agent_140071459939248,state_changed
0,agent_140071459939248,state_changed
0,agent_140071459939248,state_changed
0,agent_140071459939248,state_changed
0,agent_140071459939248,state_changed
0,agent_140071459939248,state_changed
0,agent_140071459939248,state_changed
0,agent_140071459939248,state_changed
0,agent_140071459939248,state_changed
0,agent_140071459939248,state_changed
0,agent_140071459939248,state_changed
0,agent_140071459939248,state_changed
0,agent_140071459939248,state_changed
0,agent_140071459939248,state_changed
0,agent_140071459939248,state_changed
0,agent_140071459939248,state_changed
0,agent_140071459939248,state_changed
0,agent_140071459939248,state_changed
0,agent_319569ad,drone_registered
0,agent_96619913,drone_registered
0,agent_140071460055280,state_changed
0,agent_140071460055280,state_changed
0,agent_140071460055280,state_changed
0,agent_140071460055280,state_changed
0,agent_140071460055280,state_changed
0,agent_140071460055280,state_changed
0,agent_140071460055280,state_changed
0,agent_140071460055280,state_changed
0,agent_140071460055280,state_changed
0,agent_140071460055280,state_changed
0,agent_140071460055280,state_changed
0,agent_140071460055280,state_changed
0,agent_140071460055280,state_changed
0,agent_140071460055280,state_changed
0,agent_140071460055280,state_changed
0,agent_140071460055280,state_changed
0,agent_140071460055280,state_changed
0,agent_140071460055280,state_changed
0,agent_140071460055280,state_changed
0,agent_319569ad,drone_registered
0,agent_96619913,drone_registered
0,agent_140071458090544,state_changed
0,agent_140071458090544,state_changed
0,agent_140071458090544,state_changed
0,agent_140071458090544,state_changed
0,agent_140071458090544,state_changed
0,agent_140071458090544,state_changed
0,agent_140071458090544,state_changed
0,agent_140071458090544,state_changed
0,agent_140071458090544,state_changed
0,agent_140071458090544,state_changed
0,agent_140071458090544,state_changed
0,agent_140071458090544,state_changed
0,agent_140071458090544,state_changed
0,agent_140071458090544,state_changed
0,agent_140071458090544,state_changed
0,agent_140071458090544,state_changed
0,agent_140071458090544,state_changed
0,agent_140071458090544,state_changed
0,agent_140071458090544,state_changed
0,agent_319569ad,drone_registered
0,agent_96619913,drone_registered
0,agent_140071458174192,state_changed
0,agent_140071458174192,state_changed
0,agent_140071458174192,state_changed
0,agent_140071458174192,state_changed
0,agent_140071458174192,state_changed
0,agent_140071458174192,state_changed
0,agent_140071458174192,state_changed
0,agent_140071458174192,state_changed
0,agent_140071458174192,state_changed
0,agent_140071458174192,state_changed
0,agent_140071458174192,state_changed
0,agent_140071458174192,state_changed
0,agent_140071458174192,state_changed
0,agent_140071458174192,state_changed
0,agent_140071458174192,state_changed
0,agent_140071458174192,state_changed
0,agent_140071458174192,state_changed
0,agent_140071458174192,state_changed
0,agent_140071458174192,state_changed
0,agent_319569ad,drone_registered
0,agent_96619913,drone_registered
0,agent_140071458273840,state_changed
0,agent_140071458273840,state_changed
0,agent_140071458273840,state_changed
0,agent_140071458273840,state_changed
0,agent_140071458273840,state_changed
0,agent_140071458273840,state_changed
0,agent_140071458273840,state_changed
0,agent_140071458273840,state_changed
0,agent_140071458273840,state_changed
0,agent_140071458273840,state_changed
0,agent_140071458273840,state_changed
0,agent_140071458273840,state_changed
0,agent_140071458273840,state_changed
0,agent_140071458273840,state_changed
0,agent_140071458273840,state_changed
0,agent_140071458273840,state_changed
0,agent_140071458273840,state_changed
0,agent_140071458273840,state_changed
0,agent_140071458273840,state_changed
0,agent_319569ad,drone_registered
0,agent_96619913,drone_registered
0,agent_140071458406256,state_changed
0,agent_140071458406256,state_changed
0,agent_140071458406256,state_changed
0,agent_140071458406256,state_changed
0,agent_140071458406256,state_changed
0,agent_140071458406256,state_changed
0,agent_140071458406256,state_changed
0,agent_140071458406256,state_changed
0,agent_140071458406256,state_changed
0,agent_140071458406256,state_changed
0,agent_140071458406256,state_changed
0,agent_140071458406256,state_changed
0,agent_140071458406256,state_changed
0,agent_140071458406256,state_changed
0,agent_140071458406256,state_changed
0,agent_140071458406256,state_changed
0,agent_140071458406256,state_changed
0,agent_140071458406256,state_changed
0,agent_140071458406256,state_changed
0,agent_319569ad,drone_registered
0,agent_96619913,drone_registered
0,agent_140071458620656,state_changed
0,agent_140071458620656,state_changed
0,agent_140071458620656,state_changed
0,agent_140071458620656,state_changed
0,agent_140071458620656,state_changed
0,agent_140071458620656,state_changed
0,agent_140071458620656,state_changed
0,agent_140071458620656,state_changed
0,agent_140071458620656,state_changed
0,agent_140071458620656,state_changed
0,agent_140071458620656,state_changed
0,agent_140071458620656,state_changed
0,agent_140071458620656,state_changed
0,agent_140071458620656,state_changed
0,agent_140071458620656,state_changed
0,agent_140071458620656,state_changed
0,agent_140071458620656,state_changed
0,agent_140071458620656,state_changed
0,agent_140071458620656,state_changed
0,agent_319569ad,drone_registered
0,agent_96619913,drone_registered
0,agent_140071458720304,state_changed
0,agent_140071458720304,state_changed
0,agent_140071458720304,state_changed
0,agent_140071458720304,state_changed
0,agent_140071458720304,state_changed
0,agent_140071458720304,state_changed
0,agent_140071458720304,state_changed
0,agent_140071458720304,state_changed
0,agent_140071458720304,state_changed
0,agent_140071458720304,state_changed
0,agent_140071458720304,state_changed
0,agent_140071458720304,state_changed
0,agent_140071458720304,state_changed
0,agent_140071458720304,state_changed
0,agent_140071458720304,state_changed
0,agent_140071458720304,state_changed
0,agent_140071458720304,state_changed
0,agent_140071458720304,state_changed
0,agent_140071458720304,state_changed
0,agent_319569ad,drone_registered
0,agent_96619913,drone_registered
0,agent_140071458803568,state_changed
0,agent_140071458803568,state_changed
0,agent_140071458803568,state_changed
0,agent_140071458803568,state_changed
0,agent_140071458803568,state_changed
0,agent_140071458803568,state_changed
0,agent_140071458803568,state_changed
0,agent_140071458803568,state_changed
0,agent_140071458803568,state_changed
0,agent_140071458803568,state_changed
0,agent_140071458803568,state_changed
0,agent_140071458803568,state_changed
0,agent_140071458803568,state_changed
0,agent_140071458803568,state_changed
0,agent_140071458803568,state_changed
0,agent_140071458803568,state_changed
0,agent_140071458803568,state_changed
0,agent_140071458803568,state_changed
0,agent_140071458803568,state_changed
0,agent_319569ad,drone_registered
0,agent_96619913,drone_registered
0,agent_140071458952368,state_changed
0,agent_140071458952368,state_changed
0,agent_140071458952368,state_changed
0,agent_140071458952368,state_changed
0,agent_140071458952368,state_changed
0,agent_140071458952368,state_changed
0,agent_140071458952368,state_changed
0,agent_140071458952368,state_changed
0,agent_140071458952368,state_changed
0,agent_140071458952368,state_changed
0,agent_140071458952368,state_changed
0,agent_140071458952368,state_changed
0,agent_140071458952368,state_changed
0,agent_140071458952368,state_changed
0,agent_140071458952368,state_changed
0,agent_140071458952368,state_changed
0,agent_140071458952368,state_changed
0,agent_140071458952368,state_changed
0,agent_140071458952368,state_changed
0,agent_319569ad,drone_registered
0,agent_96619913,drone_registered
0,agent_140071459019248,state_changed
0,agent_140071459019248,state_changed
0,agent_140071459019248,state_changed
0,agent_140071459019248,state_changed
0,agent_140071459019248,state_changed
0,agent_140071459019248,state_changed
0,agent_140071459019248,state_changed
0,agent_140071459019248,state_changed
0,agent_140071459019248,state_changed
0,agent_140071459019248,state_changed
0,agent_140071459019248,state_changed
0,agent_140071459019248,state_changed
0,agent_140071459019248,state_changed
0,agent_140071459019248,state_changed
0,agent_140071459019248,state_changed
0,agent_140071459019248,state_changed
0,agent_140071459019248,state_changed
0,agent_140071459019248,state_changed
0,agent_140071459019248,state_changed
0,agent_319569ad,drone_registered
0,agent_96619913,drone_registered
0,agent_140071457070896,state_changed
0,agent_140071457070896,state_changed
0,agent_140071457070896,state_changed
0,agent_140071457070896,state_changed
0,agent_140071457070896,state_changed
0,agent_140071457070896,state_changed
0,agent_140071457070896,state_changed
0,agent_140071457070896,state_changed
0,agent_140071457070896,state_changed
0,agent_140071457070896,state_changed
0,agent_140071457070896,state_changed
0,agent_140071457070896,state_changed
0,agent_140071457070896,state_changed
0,agent_140071457070896,state_changed
0,agent_140071457070896,state_changed
0,agent_140071457070896,state_changed
0,agent_140071457070896,state_changed
0,agent_140071457070896,state_changed
0,agent_140071457070896,state_changed
0,agent_319569ad,drone_registered
0,agent_96619913,drone_registered
0,agent_140071457170544,state_changed
0,agent_140071457170544,state_changed
0,agent_140071457170544,state_changed
0,agent_140071457170544,state_changed
0,agent_140071457170544,state_changed
0,agent_140071457170544,state_changed
0,agent_140071457170544,state_changed
0,agent_140071457170544,state_changed
0,agent_140071457170544,state_changed
0,agent_140071457170544,state_changed
0,agent_140071457170544,state_changed
0,agent_140071457170544,state_changed
0,agent_140071457170544,state_changed
0,agent_140071457170544,state_changed
0,agent_140071457170544,state_changed
0,agent_140071457170544,state_changed
0,agent_140071457170544,state_changed
0,agent_140071457170544,state_changed
0,agent_140071457170544,state_changed
0,agent_319569ad,drone_registered
0,agent_96619913,drone_registered
0,agent_140071457270192,state_changed
0,agent_140071457270192,state_changed
0,agent_140071457270192,state_changed
0,agent_140071457270192,state_changed
0,agent_140071457270192,state_changed
0,agent_140071457270192,state_changed
0,agent_140071457270192,state_changed
0,agent_140071457270192,state_changed
0,agent_140071457270192,state_changed
0,agent_140071457270192,state_changed
0,agent_140071457270192,state_changed
0,agent_140071457270192,state_changed
0,agent_140071457270192,state_changed
0,agent_140071457270192,state_changed
0,agent_140071457270192,state_changed
0,agent_140071457270192,state_changed
0,agent_140071457270192,state_changed
0,agent_140071457270192,state_changed
0,agent_140071457270192,state_changed
0,agent_319569ad,drone_registered
0,agent_96619913,drone_registered
0,agent_140071457369840,state_changed
0,agent_140071457369840,state_changed
0,agent_140071457369840,state_changed
0,agent_140071457369840,state_changed
0,agent_140071457369840,state_changed
0,agent_140071457369840,state_changed
0,agent_140071457369840,state_changed
0,agent_140071457369840,state_changed
0,agent_140071457369840,state_changed
0,agent_140071457369840,state_changed
0,agent_140071457369840,state_changed
0,agent_140071457369840,state_changed
0,agent_140071457369840,state_changed
0,agent_140071457369840,state_changed
0,agent_140071457369840,state_changed
0,agent_140071457369840,state_changed
0,agent_140071457369840,state_changed
0,agent_140071457369840,state_changed
0,agent_140071457369840,state_changed
0,agent_319569ad,drone_registered
0,agent_96619913,drone_registered
0,agent_140071457485872,state_changed
0,agent_140071457485872,state_changed
0,agent_140071457485872,state_changed
0,agent_140071457485872,state_changed
0,agent_140071457485872,state_changed
0,agent_140071457485872,state_changed
0,agent_140071457485872,state_changed
0,agent_140071457485872,state_changed
0,agent_140071457485872,state_changed
0,agent_140071457485872,state_changed
0,agent_140071457485872,state_changed
0,agent_140071457485872,state_changed
0,agent_140071457485872,state_changed
0,agent_140071457485872,state_changed
0,agent_140071457485872,state_changed
0,agent_140071457485872,state_changed
0,agent_140071457485872,state_changed
0,agent_140071457485872,state_changed
0,agent_140071457485872,state_changed
0,agent_319569ad,drone_registered
0,agent_96619913,drone_registered
0,agent_140071457601904,state_changed
0,agent_140071457601904,state_changed
0,agent_140071457601904,state_changed
0,agent_140071457601904,state_changed
0,agent_140071457601904,state_changed
0,agent_140071457601904,state_changed
0,agent_140071457601904,state_changed
0,agent_140071457601904,state_changed
0,agent_140071457601904,state_changed
0,agent_140071457601904,state_changed
0,agent_140071457601904,state_changed
0,agent_140071457601904,state_changed
0,agent_140071457601904,state_changed
0,agent_140071457601904,state_changed
0,agent_140071457601904,state_changed
0,agent_140071457601904,state_changed
0,agent_140071457601904,state_changed
0,agent_140071457601904,state_changed
0,agent_140071457601904,state_changed
0,agent_319569ad,drone_registered
0,agent_96619913,drone_registered
0,agent_140071457701552,state_changed
0,agent_140071457701552,state_changed
0,agent_140071457701552,state_changed
0,agent_140071457701552,state_changed
0,agent_140071457701552,state_changed
0,agent_140071457701552,state_changed
0,agent_140071457701552,state_changed
0,agent_140071457701552,state_changed
0,agent_140071457701552,state_changed
0,agent_140071457701552,state_changed
0,agent_140071457701552,state_changed
0,agent_140071457701552,state_changed
0,agent_140071457701552,state_changed
0,agent_140071457701552,state_changed
0,agent_140071457701552,state_changed
0,agent_140071457701552,state_changed
0,agent_140071457701552,state_changed
0,agent_140071457701552,state_changed
0,agent_140071457701552,state_changed
0,agent_319569ad,drone_registered
0,agent_96619913,drone_registered
0,agent_140071457915952,state_changed
0,agent_140071457915952,state_changed
0,agent_140071457915952,state_changed
0,agent_140071457915952,state_changed
0,agent_140071457915952,state_changed
0,agent_140071457915952,state_changed
0,agent_140071457915952,state_changed
0,agent_140071457915952,state_changed
0,agent_140071457915952,state_changed
0,agent_140071457915952,state_changed
0,agent_140071457915952,state_changed
0,agent_140071457915952,state_changed
0,agent_140071457915952,state_changed
0,agent_140071457915952,state_changed
0,agent_140071457915952,state_changed
0,agent_140071457915952,state_changed
0,agent_140071457915952,state_changed
0,agent_140071457915952,state_changed
0,agent_140071457915952,state_changed
0,agent_319569ad,drone_registered
0,agent_96619913,drone_registered
0,agent_140071458015600,state_changed
0,agent_140071458015600,state_changed
0,agent_140071458015600,state_changed
0,agent_140071458015600,state_changed
0,agent_140071458015600,state_changed
0,agent_140071458015600,state_changed
0,agent_140071458015600,state_changed
0,agent_140071458015600,state_changed
0,agent_140071458015600,state_changed
0,agent_140071458015600,state_changed
0,agent_140071458015600,state_changed
0,agent_140071458015600,state_changed
0,agent_140071458015600,state_changed
0,agent_140071458015600,state_changed
0,agent_140071458015600,state_changed
0,agent_140071458015600,state_changed
0,agent_140071458015600,state_changed
0,agent_140071458015600,state_changed
0,agent_140071458015600,state_changed
0,agent_319569ad,drone_registered
0,agent_96619913,drone_registered
0,agent_140071456067248,state_changed
0,agent_140071456067248,state_changed
0,agent_140071456067248,state_changed
0,agent_140071456067248,state_changed
0,agent_140071456067248,state_changed
0,agent_140071456067248,state_changed
0,agent_140071456067248,state_changed
0,agent_140071456067248,state_changed
0,agent_140071456067248,state_changed
0,agent_140071456067248,state_changed
0,agent_140071456067248,state_changed
0,agent_140071456067248,state_changed
0,agent_140071456067248,state_changed
0,agent_140071456067248,state_changed
0,agent_140071456067248,state_changed
0,agent_140071456067248,state_changed
0,agent_140071456067248,state_changed
0,agent_140071456067248,state_changed
0,agent_140071456067248,state_changed
0,agent_319569ad,drone_registered
0,agent_96619913,drone_registered
0,agent_140071456150512,state_changed
0,agent_140071456150512,state_changed
0,agent_140071456150512,state_changed
0,agent_140071456150512,state_changed
0,agent_140071456150512,state_changed
0,agent_140071456150512,state_changed
0,agent_140071456150512,state_changed
0,agent_140071456150512,state_changed
0,agent_140071456150512,state_changed
0,agent_140071456150512,state_changed
0,agent_140071456150512,state_changed
0,agent_140071456150512,state_changed
0,agent_140071456150512,state_changed
0,agent_140071456150512,state_changed
0,agent_140071456150512,state_changed
0,agent_140071456150512,state_changed
0,agent_140071456150512,state_changed
0,agent_140071456150512,state_changed
0,agent_140071456150512,state_changed
0,agent_319569ad,drone_registered
0,agent_96619913,drone_registered
0,agent_140071456266544,state_changed
0,agent_140071456266544,state_changed
0,agent_140071456266544,state_changed
0,agent_140071456266544,state_changed
0,agent_140071456266544,state_changed
0,agent_140071456266544,state_changed
0,agent_140071456266544,state_changed
0,agent_140071456266544,state_changed
0,agent_140071456266544,state_changed
0,agent_140071456266544,state_changed
0,agent_140071456266544,state_changed
0,agent_140071456266544,state_changed
0,agent_140071456266544,state_changed
0,agent_140071456266544,state_changed
0,agent_140071456266544,state_changed
0,agent_140071456266544,state_changed
0,agent_140071456266544,state_changed
0,agent_140071456266544,state_changed
0,agent_140071456266544,state_changed
0,agent_319569ad,drone_registered
0,agent_96619913,drone_registered
0,agent_140071456398960,state_changed
0,agent_140071456398960,state_changed
0,agent_140071456398960,state_changed
0,agent_140071456398960,state_changed
0,agent_140071456398960,state_changed
0,agent_140071456398960,state_changed
0,agent_140071456398960,state_changed
0,agent_140071456398960,state_changed
0,agent_140071456398960,state_changed
0,agent_140071456398960,state_changed
0,agent_140071456398960,state_changed
0,agent_140071456398960,state_changed
0,agent_140071456398960,state_changed
0,agent_140071456398960,state_changed
0,agent_140071456398960,state_changed
0,agent_140071456398960,state_changed
0,agent_140071456398960,state_changed
0,agent_140071456398960,state_changed
0,agent_140071456398960,state_changed
0,agent_319569ad,drone_registered
0,agent_96619913,drone_registered
0,agent_140071456465840,state_changed
0,agent_140071456465840,state_changed
0,agent_140071456465840,state_changed
0,agent_140071456465840,state_changed
0,agent_140071456465840,state_changed
0,agent_140071456465840,state_changed
0,agent_140071456465840,state_changed
0,agent_140071456465840,state_changed
0,agent_140071456465840,state_changed
0,agent_140071456465840,state_changed
0,agent_140071456465840,state_changed
0,agent_140071456465840,state_changed
0,agent_140071456465840,state_changed
0,agent_140071456465840,state_changed
0,agent_140071456465840,state_changed
0,agent_140071456465840,state_changed
0,agent_140071456465840,state_changed
0,agent_140071456465840,state_changed
0,agent_140071456465840,state_changed
0,agent_319569ad,drone_registered
0,agent_96619913,drone_registered
0,agent_140071456598256,state_changed
0,agent_140071456598256,state_changed
0,agent_140071456598256,state_changed
0,agent_140071456598256,state_changed
0,agent_140071456598256,state_changed
0,agent_140071456598256,state_changed
0,agent_140071456598256,state_changed
0,agent_140071456598256,state_changed
0,agent_140071456598256,state_changed
0,agent_140071456598256,state_changed
0,agent_140071456598256,state_changed
0,agent_140071456598256,state_changed
0,agent_140071456598256,state_changed
0,agent_140071456598256,state_changed
0,agent_140071456598256,state_changed
0,agent_140071456598256,state_changed
0,agent_140071456598256,state_changed
0,agent_140071456598256,state_changed
0,agent_140071456598256,state_changed
0,agent_319569ad,drone_registered
0,agent_96619913,drone_registered
0,agent_140071456681520,state_changed
0,agent_140071456681520,state_changed
0,agent_140071456681520,state_changed
0,agent_140071456681520,state_changed
0,agent_140071456681520,state_changed
0,agent_140071456681520,state_changed
0,agent_140071456681520,state_changed
0,agent_140071456681520,state_changed
0,agent_140071456681520,state_changed
0,agent_140071456681520,state_changed
0,agent_140071456681520,state_changed
0,agent_140071456681520,state_changed
0,agent_140071456681520,state_changed
0,agent_140071456681520,state_changed
0,agent_140071456681520,state_changed
0,agent_140071456681520,state_changed
0,agent_140071456681520,state_changed
0,agent_140071456681520,state_changed
0,agent_140071456681520,state_changed
0,agent_319569ad,drone_registered
0,agent_96619913,drone_registered
0,agent_140071456797552,state_changed
0,agent_140071456797552,state_changed
0,agent_140071456797552,state_changed
0,agent_140071456797552,state_changed
0,agent_140071456797552,state_changed
0,agent_140071456797552,state_changed
0,agent_140071456797552,state_changed
0,agent_140071456797552,state_changed
0,agent_140071456797552,state_changed
0,agent_140071456797552,state_changed
0,agent_140071456797552,state_changed
0,agent_140071456797552,state_changed
0,agent_140071456797552,state_changed
0,agent_140071456797552,state_changed
0,agent_140071456797552,state_changed
0,agent_140071456797552,state_changed
0,agent_140071456797552,state_changed
0,agent_140071456797552,state_changed
0,agent_140071456797552,state_changed
0,agent_319569ad,drone_registered
0,agent_96619913,drone_registered
0,agent_140071456913584,state_changed
0,agent_140071456913584,state_changed
0,agent_140071456913584,state_changed
0,agent_140071456913584,state_changed
0,agent_140071456913584,state_changed
0,agent_140071456913584,state_changed
0,agent_140071456913584,state_changed
0,agent_140071456913584,state_changed
0,agent_140071456913584,state_changed
0,agent_140071456913584,state_changed
0,agent_140071456913584,state_changed
0,agent_140071456913584,state_changed
0,agent_140071456913584,state_changed
0,agent_140071456913584,state_changed
0,agent_140071456913584,state_changed
0,agent_140071456913584,state_changed
0,agent_140071456913584,state_changed
0,agent_140071456913584,state_changed
0,agent_140071456913584,state_changed
0,agent_319569ad,drone_registered
0,agent_96619913,drone_registered
0,agent_140071454948848,state_changed
0,agent_140071454948848,state_changed
0,agent_140071454948848,state_changed
0,agent_140071454948848,state_changed
0,agent_140071454948848,state_changed
0,agent_140071454948848,state_changed
0,agent_140071454948848,state_changed
0,agent_140071454948848,state_changed
0,agent_140071454948848,state_changed
0,agent_140071454948848,state_changed
0,agent_140071454948848,state_changed
0,agent_140071454948848,state_changed
0,agent_140071454948848,state_changed
0,agent_140071454948848,state_changed
0,agent_140071454948848,state_changed
0,agent_140071454948848,state_changed
0,agent_140071454948848,state_changed
0,agent_140071454948848,state_changed
0,agent_140071454948848,state_changed
0,agent_319569ad,drone_registered
0,agent_96619913,drone_registered
0,agent_140071455146864,state_changed
0,agent_140071455146864,state_changed
0,agent_140071455146864,state_changed
0,agent_140071455146864,state_changed
0,agent_140071455146864,state_changed
0,agent_140071455146864,state_changed
0,agent_140071455146864,state_changed
0,agent_140071455146864,state_changed
0,agent_140071455146864,state_changed
0,agent_140071455146864,state_changed
0,agent_140071455146864,state_changed
0,agent_140071455146864,state_changed
0,agent_140071455146864,state_changed
0,agent_140071455146864,state_changed
0,agent_140071455146864,state_changed
0,agent_140071455146864,state_changed
0,agent_140071455146864,state_changed
0,agent_140071455146864,state_changed
0,agent_140071455146864,state_changed
0,agent_319569ad,drone_registered
0,agent_96619913,drone_registered
0,agent_140071455246512,state_changed
0,agent_140071455246512,state_changed
0,agent_140071455246512,state_changed
0,agent_140071455246512,state_changed
0,agent_140071455246512,state_changed
0,agent_140071455246512,state_changed
0,agent_140071455246512,state_changed
0,agent_140071455246512,state_changed
0,agent_140071455246512,state_changed
0,agent_140071455246512,state_changed
0,agent_140071455246512,state_changed
0,agent_140071455246512,state_changed
0,agent_140071455246512,state_changed
0,agent_140071455246512,state_changed
0,agent_140071455246512,state_changed
0,agent_140071455246512,state_changed
0,agent_140071455246512,state_changed
0,agent_140071455246512,state_changed
0,agent_140071455246512,state_changed
0,agent_319569ad,drone_registered
0,agent_96619913,drone_registered
0,agent_140071455362544,state_changed
0,agent_140071455362544,state_changed
0,agent_140071455362544,state_changed
0,agent_140071455362544,state_changed
0,agent_140071455362544,state_changed
0,agent_140071455362544,state_changed
0,agent_140071455362544,state_changed
0,agent_140071455362544,state_changed
0,agent_140071455362544,state_changed
0,agent_140071455362544,state_changed
0,agent_140071455362544,state_changed
0,agent_140071455362544,state_changed
0,agent_140071455362544,state_changed
0,agent_140071455362544,state_changed
0,agent_140071455362544,state_changed
0,agent_140071455362544,state_changed
0,agent_140071455362544,state_changed
0,agent_140071455362544,state_changed
0,agent_140071455362544,state_changed
0,agent_319569ad,drone_registered
0,agent_96619913,drone_registered
0,agent_140071455462192,state_changed
0,agent_140071455462192,state_changed
0,agent_140071455462192,state_changed
0,agent_140071455462192,state_changed
0,agent_140071455462192,state_changed
0,agent_140071455462192,state_changed
0,agent_140071455462192,state_changed
0,agent_140071455462192,state_changed
0,agent_140071455462192,state_changed
0,agent_140071455462192,state_changed
0,agent_140071455462192,state_changed
0,agent_140071455462192,state_changed
0,agent_140071455462192,state_changed
0,agent_140071455462192,state_changed
0,agent_140071455462192,state_changed
0,agent_140071455462192,state_changed
0,agent_140071455462192,state_changed
0,agent_140071455462192,state_changed
0,agent_140071455462192,state_changed
0,agent_319569ad,drone_registered
0,agent_96619913,drone_registered
0,agent_140071455610992,state_changed
0,agent_140071455610992,state_changed
0,agent_140071455610992,state_changed
0,agent_140071455610992,state_changed
0,agent_140071455610992,state_changed
0,agent_140071455610992,state_changed
0,agent_140071455610992,state_changed
0,agent_140071455610992,state_changed
0,agent_140071455610992,state_changed
0,agent_140071455610992,state_changed
0,agent_140071455610992,state_changed
0,agent_140071455610992,state_changed
0,agent_140071455610992,state_changed
0,agent_140071455610992,state_changed
0,agent_140071455610992,state_changed
0,agent_140071455610992,state_changed
0,agent_140071455610992,state_changed
0,agent_140071455610992,state_changed
0,agent_140071455610992,state_changed
0,agent_319569ad,drone_registered
0,agent_96619913,drone_registered
0,agent_140071455710640,state_changed
0,agent_140071455710640,state_changed
0,agent_140071455710640,state_changed
0,agent_140071455710640,state_changed
0,agent_140071455710640,state_changed
0,agent_140071455710640,state_changed
0,agent_140071455710640,state_changed
0,agent_140071455710640,state_changed
0,agent_140071455710640,state_changed
0,agent_140071455710640,state_changed
0,agent_140071455710640,state_changed
0,agent_140071455710640,state_changed
0,agent_140071455710640,state_changed
0,agent_140071455710640,state_changed
0,agent_140071455710640,state_changed
0,agent_140071455710640,state_changed
0,agent_140071455710640,state_changed
0,agent_140071455710640,state_changed
0,agent_140071455710640,state_changed
0,agent_319569ad,drone_registered
0,agent_96619913,drone_registered
0,agent_140071455810288,state_changed
0,agent_140071455810288,state_changed
0,agent_140071455810288,state_changed
0,agent_140071455810288,state_changed
0,agent_140071455810288,state_changed
0,agent_140071455810288,state_changed
0,agent_140071455810288,state_changed
0,agent_140071455810288,state_changed
0,agent_140071455810288,state_changed
0,agent_140071455810288,state_changed
0,agent_140071455810288,state_changed
0,agent_140071455810288,state_changed
0,agent_140071455810288,state_changed
0,agent_140071455810288,state_changed
0,agent_140071455810288,state_changed
0,agent_140071455810288,state_changed
0,agent_140071455810288,state_changed
0,agent_140071455810288,state_changed
0,agent_140071455810288,state_changed
0,agent_319569ad,drone_registered
0,agent_96619913,drone_registered
0,agent_140071455926320,state_changed
0,agent_140071455926320,state_changed
0,agent_140071455926320,state_changed
0,agent_140071455926320,state_changed
0,agent_140071455926320,state_changed
0,agent_140071455926320,state_changed
0,agent_140071455926320,state_changed
0,agent_140071455926320,state_changed
0,agent_140071455926320,state_changed
0,agent_140071455926320,state_changed
0,agent_140071455926320,state_changed
0,agent_140071455926320,state_changed
0,agent_140071455926320,state_changed
0,agent_140071455926320,state_changed
0,agent_140071455926320,state_changed
0,agent_140071455926320,state_changed
0,agent_140071455926320,state_changed
0,agent_140071455926320,state_changed
0,agent_140071455926320,state_changed
0,agent_319569ad,drone_registered
0,agent_96619913,drone_registered
0,agent_140071453912432,state_changed
0,agent_140071453912432,state_changed
0,agent_140071453912432,state_changed
0,agent_140071453912432,state_changed
0,agent_140071453912432,state_changed
0,agent_140071453912432,state_changed
0,agent_140071453912432,state_changed
0,agent_140071453912432,state_changed
0,agent_140071453912432,state_changed
0,agent_140071453912432,state_changed
0,agent_140071453912432,state_changed
0,agent_140071453912432,state_changed
0,agent_140071453912432,state_changed
0,agent_140071453912432,state_changed
0,agent_140071453912432,state_changed
0,agent_140071453912432,state_changed
0,agent_140071453912432,state_changed
0,agent_140071453912432,state_changed
0,agent_140071453912432,state_changed
0,agent_319569ad,drone_registered
0,agent_96619913,drone_registered
0,agent_140071454028464,state_changed
0,agent_140071454028464,state_changed
0,agent_140071454028464,state_changed
0,agent_140071454028464,state_changed
0,agent_140071454028464,state_changed
0,agent_140071454028464,state_changed
0,agent_140071454028464,state_changed
0,agent_140071454028464,state_changed
0,agent_140071454028464,state_changed
0,agent_140071454028464,state_changed
0,agent_140071454028464,state_changed
0,agent_140071454028464,state_changed
0,agent_140071454028464,state_changed
0,agent_140071454028464,state_changed
0,agent_140071454028464,state_changed
0,agent_140071454028464,state_changed
0,agent_140071454028464,state_changed
0,agent_140071454028464,state_changed
0,agent_140071454028464,state_changed
0,agent_319569ad,drone_registered
0,agent_96619913,drone_registered
0,agent_140071454144880,state_changed
0,agent_140071454144880,state_changed
0,agent_140071454144880,state_changed
0,agent_140071454144880,state_changed
0,agent_140071454144880,state_changed
0,agent_140071454144880,state_changed
0,agent_140071454144880,state_changed
0,agent_140071454144880,state_changed
0,agent_140071454144880,state_changed
0,agent_140071454144880,state_changed
0,agent_140071454144880,state_changed
0,agent_140071454144880,state_changed
0,agent_140071454144880,state_changed
0,agent_140071454144880,state_changed
0,agent_140071454144880,state_changed
0,agent_140071454144880,state_changed
0,agent_140071454144880,state_changed
0,agent_140071454144880,state_changed
0,agent_140071454144880,state_changed
0,agent_319569ad,drone_registered
0,agent_96619913,drone_registered
0,agent_140071454260912,state_changed
0,agent_140071454260912,state_changed
0,agent_140071454260912,state_changed
0,agent_140071454260912,state_changed
0,agent_140071454260912,state_changed
0,agent_140071454260912,state_changed
0,agent_140071454260912,state_changed
0,agent_140071454260912,state_changed
0,agent_140071454260912,state_changed
0,agent_140071454260912,state_changed
0,agent_140071454260912,state_changed
0,agent_140071454260912,state_changed
0,agent_140071454260912,state_changed
0,agent_140071454260912,state_changed
0,agent_140071454260912,state_changed
0,agent_140071454260912,state_changed
0,agent_140071454260912,state_changed
0,agent_140071454260912,state_changed
0,agent_140071454260912,state_changed
0,agent_319569ad,drone_registered
0,agent_96619913,drone_registered
0,agent_140071454442544,state_changed
0,agent_140071454442544,state_changed
0,agent_140071454442544,state_changed
0,agent_140071454442544,state_changed
0,agent_140071454442544,state_changed
0,agent_140071454442544,state_changed
0,agent_140071454442544,state_changed
0,agent_140071454442544,state_changed
0,agent_140071454442544,state_changed
0,agent_140071454442544,state_changed
0,agent_140071454442544,state_changed
0,agent_140071454442544,state_changed
0,agent_140071454442544,state_changed
0,agent_140071454442544,state_changed
0,agent_140071454442544,state_changed
0,agent_140071454442544,state_changed
0,agent_140071454442544,state_changed
0,agent_140071454442544,state_changed
0,agent_140071454442544,state_changed
0,agent_319569ad,drone_registered
0,agent_96619913,drone_registered
0,agent_140071454542192,state_changed
0,agent_140071454542192,state_changed
0,agent_140071454542192,state_changed
0,agent_140071454542192,state_changed
0,agent_140071454542192,state_changed
0,agent_140071454542192,state_changed
0,agent_140071454542192,state_changed
0,agent_140071454542192,state_changed
0,agent_140071454542192,state_changed
0,agent_140071454542192,state_changed
0,agent_140071454542192,state_changed
0,agent_140071454542192,state_changed
0,agent_140071454542192,state_changed
0,agent_140071454542192,state_changed
0,agent_140071454542192,state_changed
0,agent_140071454542192,state_changed
0,agent_140071454542192,state_changed
0,agent_140071454542192,state_changed
0,agent_140071454542192,state_changed
0,agent_319569ad,drone_registered
0,agent_96619913,drone_registered
0,agent_140071454658224,state_changed
0,agent_140071454658224,state_changed
0,agent_140071454658224,state_changed
0,agent_140071454658224,state_changed
0,agent_140071454658224,state_changed
0,agent_140071454658224,state_changed
0,agent_140071454658224,state_changed
0,agent_140071454658224,state_changed
0,agent_140071454658224,state_changed
0,agent_140071454658224,state_changed
0,agent_140071454658224,state_changed
0,agent_140071454658224,state_changed
0,agent_140071454658224,state_changed
0,agent_140071454658224,state_changed
0,agent_140071454658224,state_changed
0,agent_140071454658224,state_changed
0,agent_140071454658224,state_changed
0,agent_140071454658224,state_changed
0,agent_140071454658224,state_changed
0,agent_319569ad,drone_registered
0,agent_96619913,drone_registered
0,agent_140071454774256,state_changed
0,agent_140071454774256,state_changed
0,agent_140071454774256,state_changed
0,agent_140071454774256,state_changed
0,agent_140071454774256,state_changed
0,agent_140071454774256,state_changed
0,agent_140071454774256,state_changed
0,agent_140071454774256,state_changed
0,agent_140071454774256,state_changed
0,agent_140071454774256,state_changed
0,agent_140071454774256,state_changed
0,agent_140071454774256,state_changed
0,agent_140071454774256,state_changed
0,agent_140071454774256,state_changed
0,agent_140071454774256,state_changed
0,agent_140071454774256,state_changed
0,agent_140071454774256,state_changed
0,agent_140071454774256,state_changed
0,agent_140071454774256,state_changed
0,agent_319569ad,drone_registered
0,agent_96619913,drone_registered
0,agent_140071452809520,state_changed
0,agent_140071452809520,state_changed
0,agent_140071452809520,state_changed
0,agent_140071452809520,state_changed
0,agent_140071452809520,state_changed
0,agent_140071452809520,state_changed
0,agent_140071452809520,state_changed
0,agent_140071452809520,state_changed
0,agent_140071452809520,state_changed
0,agent_140071452809520,state_changed
0,agent_140071452809520,state_changed
0,agent_140071452809520,state_changed
0,agent_140071452809520,state_changed
0,agent_140071452809520,state_changed
0,agent_140071452809520,state_changed
0,agent_140071452809520,state_changed
0,agent_140071452809520,state_changed
0,agent_140071452809520,state_changed
0,agent_140071452809520,state_changed
0,agent_319569ad,drone_registered
0,agent_96619913,drone_registered
0,agent_140071452892784,state_changed
0,agent_140071452892784,state_changed
0,agent_140071452892784,state_changed
0,agent_140071452892784,state_changed
0,agent_140071452892784,state_changed
0,agent_140071452892784,state_changed
0,agent_140071452892784,state_changed
0,agent_140071452892784,state_changed
0,agent_140071452892784,state_changed
0,agent_140071452892784,state_changed
0,agent_140071452892784,state_changed
0,agent_140071452892784,state_changed
0,agent_140071452892784,state_changed
0,agent_140071452892784,state_changed
0,agent_140071452892784,state_changed
0,agent_140071452892784,state_changed
0,agent_140071452892784,state_changed
0,agent_140071452892784,state_changed
0,agent_140071452892784,state_changed
0,agent_319569ad,drone_registered
0,agent_96619913,drone_registered
0,agent_140071453008816,state_changed
0,agent_140071453008816,state_changed
0,agent_140071453008816,state_changed
0,agent_140071453008816,state_changed
0,agent_140071453008816,state_changed
0,agent_140071453008816,state_changed
0,agent_140071453008816,state_changed
0,agent_140071453008816,state_changed
0,agent_140071453008816,state_changed
0,agent_140071453008816,state_changed
0,agent_140071453008816,state_changed
0,agent_140071453008816,state_changed
0,agent_140071453008816,state_changed
0,agent_140071453008816,state_changed
0,agent_140071453008816,state_changed
0,agent_140071453008816,state_changed
0,agent_140071453008816,state_changed
0,agent_140071453008816,state_changed
0,agent_140071453008816,state_changed
0,agent_319569ad,drone_registered
0,agent_96619913,drone_registered
0,agent_140071453124848,state_changed
0,agent_140071453124848,state_changed
0,agent_140071453124848,state_changed
0,agent_140071453124848,state_changed
0,agent_140071453124848,state_changed
0,agent_140071453124848,state_changed
0,agent_140071453124848,state_changed
0,agent_140071453124848,state_changed
0,agent_140071453124848,state_changed
0,agent_140071453124848,state_changed
0,agent_140071453124848,state_changed
0,agent_140071453124848,state_changed
0,agent_140071453124848,state_changed
0,agent_140071453124848,state_changed
0,agent_140071453124848,state_changed
0,agent_140071453124848,state_changed
0,agent_140071453124848,state_changed
0,agent_140071453124848,state_changed
0,agent_140071453124848,state_changed
0,agent_319569ad,drone_registered
0,agent_96619913,drone_registered
0,agent_140071453224496,state_changed
0,agent_140071453224496,state_changed
0,agent_140071453224496,state_changed
0,agent_140071453224496,state_changed
0,agent_140071453224496,state_changed
0,agent_140071453224496,state_changed
0,agent_140071453224496,state_changed
0,agent_140071453224496,state_changed
0,agent_140071453224496,state_changed
0,agent_140071453224496,state_changed
0,agent_140071453224496,state_changed
0,agent_140071453224496,state_changed
0,agent_140071453224496,state_changed
0,agent_140071453224496,state_changed
0,agent_140071453224496,state_changed
0,agent_140071453224496,state_changed
0,agent_140071453224496,state_changed
0,agent_140071453224496,state_changed
0,agent_140071453224496,state_changed
0,agent_319569ad,drone_registered
0,agent_96619913,drone_registered
0,agent_140071453373296,state_changed
0,agent_140071453373296,state_changed
0,agent_140071453373296,state_changed
0,agent_140071453373296,state_changed
0,agent_140071453373296,state_changed
0,agent_140071453373296,state_changed
0,agent_140071453373296,state_changed
0,agent_140071453373296,state_changed
0,agent_140071453373296,state_changed
0,agent_140071453373296,state_changed
0,agent_140071453373296,state_changed
0,agent_140071453373296,state_changed
0,agent_140071453373296,state_changed
0,agent_140071453373296,state_changed
0,agent_140071453373296,state_changed
0,agent_140071453373296,state_changed
0,agent_140071453373296,state_changed
0,agent_140071453373296,state_changed
0,agent_140071453373296,state_changed
0,agent_319569ad,drone_registered
0,agent_96619913,drone_registered
0,agent_140071453456560,state_changed
0,agent_140071453456560,state_changed
0,agent_140071453456560,state_changed
0,agent_140071453456560,state_changed
0,agent_140071453456560,state_changed
0,agent_140071453456560,state_changed
0,agent_140071453456560,state_changed
0,agent_140071453456560,state_changed
0,agent_140071453456560,state_changed
0,agent_140071453456560,state_changed
0,agent_140071453456560,state_changed
0,agent_140071453456560,state_changed
0,agent_140071453456560,state_changed
0,agent_140071453456560,state_changed
0,agent_140071453456560,state_changed
0,agent_140071453456560,state_changed
0,agent_140071453456560,state_changed
0,agent_140071453456560,state_changed
0,agent_140071453456560,state_changed
0,agent_319569ad,drone_registered
0,agent_96619913,drone_registered
0,agent_140071453556208,state_changed
0,agent_140071453556208,state_changed
0,agent_140071453556208,state_changed
0,agent_140071453556208,state_changed
0,agent_140071453556208,state_changed
0,agent_140071453556208,state_changed
0,agent_140071453556208,state_changed
0,agent_140071453556208,state_changed
0,agent_140071453556208,state_changed
0,agent_140071453556208,state_changed
0,agent_140071453556208,state_changed
0,agent_140071453556208,state_changed
0,agent_140071453556208,state_changed
0,agent_140071453556208,state_changed
0,agent_140071453556208,state_changed
0,agent_140071453556208,state_changed
0,agent_140071453556208,state_changed
0,agent_140071453556208,state_changed
0,agent_140071453556208,state_changed
0,agent_319569ad,drone_registered
0,agent_96619913,drone_registered
0,agent_140071453770608,state_changed
0,agent_140071453770608,state_changed
0,agent_140071453770608,state_changed
0,agent_140071453770608,state_changed
0,agent_140071453770608,state_changed
0,agent_140071453770608,state_changed
0,agent_140071453770608,state_changed
0,agent_140071453770608,state_changed
0,agent_140071453770608,state_changed
0,agent_140071453770608,state_changed
0,agent_140071453770608,state_changed
0,agent_140071453770608,state_changed
0,agent_140071453770608,state_changed
0,agent_140071453770608,state_changed
0,agent_140071453770608,state_changed
0,agent_140071453770608,state_changed
0,agent_140071453770608,state_changed
0,agent_140071453770608,state_changed
0,agent_140071453770608,state_changed
0,agent_319569ad,drone_registered
0,agent_96619913,drone_registered
0,agent_140071451789488,state_changed
0,agent_140071451789488,state_changed
0,agent_140071451789488,state_changed
0,agent_140071451789488,state_changed
0,agent_140071451789488,state_changed
0,agent_140071451789488,state_changed
0,agent_140071451789488,state_changed
0,agent_140071451789488,state_changed
0,agent_140071451789488,state_changed
0,agent_140071451789488,state_changed
0,agent_140071451789488,state_changed
0,agent_140071451789488,state_changed
0,agent_140071451789488,state_changed
0,agent_140071451789488,state_changed
0,agent_140071451789488,state_changed
0,agent_140071451789488,state_changed
0,agent_140071451789488,state_changed
0,agent_140071451789488,state_changed
0,agent_140071451789488,state_changed
0,agent_319569ad,drone_registered
0,agent_96619913,drone_registered
0,agent_140071451921904,state_changed
0,agent_140071451921904,state_changed
0,agent_140071451921904,state_changed
0,agent_140071451921904,state_changed
0,agent_140071451921904,state_changed
0,agent_140071451921904,state_changed
0,agent_140071451921904,state_changed
0,agent_140071451921904,state_changed
0,agent_140071451921904,state_changed
0,agent_140071451921904,state_changed
0,agent_140071451921904,state_changed
0,agent_140071451921904,state_changed
0,agent_140071451921904,state_changed
0,agent_140071451921904,state_changed
0,agent_140071451921904,state_changed
0,agent_140071451921904,state_changed
0,agent_140071451921904,state_changed
0,agent_140071451921904,state_changed
0,agent_140071451921904,state_changed
0,agent_319569ad,drone_registered
0,agent_96619913,drone_registered
0,agent_140071452021552,state_changed
0,agent_140071452021552,state_changed
0,agent_140071452021552,state_changed
0,agent_140071452021552,state_changed
0,agent_140071452021552,state_changed
0,agent_140071452021552,state_changed
0,agent_140071452021552,state_changed
0,agent_140071452021552,state_changed
0,agent_140071452021552,state_changed
0,agent_140071452021552,state_changed
0,agent_140071452021552,state_changed
0,agent_140071452021552,state_changed
0,agent_140071452021552,state_changed
0,agent_140071452021552,state_changed
0,agent_140071452021552,state_changed
0,agent_140071452021552,state_changed
0,agent_140071452021552,state_changed
0,agent_140071452021552,state_changed
0,agent_140071452021552,state_changed
0,agent_319569ad,drone_registered
0,agent_96619913,drone_registered
0,agent_140071452121200,state_changed
0,agent_140071452121200,state_changed
0,agent_140071452121200,state_changed
0,agent_140071452121200,state_changed
0,agent_140071452121200,state_changed
0,agent_140071452121200,state_changed
0,agent_140071452121200,state_changed
0,agent_140071452121200,state_changed
0,agent_140071452121200,state_changed
0,agent_140071452121200,state_changed
0,agent_140071452121200,state_changed
0,agent_140071452121200,state_changed
0,agent_140071452121200,state_changed
0,agent_140071452121200,state_changed
0,agent_140071452121200,state_changed
0,agent_140071452121200,state_changed
0,agent_140071452121200,state_changed
0,agent_140071452121200,state_changed
0,agent_140071452121200,state_changed
0,agent_319569ad,drone_registered
0,agent_96619913,drone_registered
10.0,env_140071554605664,visual_update
10.0,agent_319569ad,state_changed
10.0,agent_96619913,state_changed
20.0,env_140071554605664,visual_update
20.0,workflow_manager_140071533322320,workflow_registered
20.0,agent_319569ad,inspection_workflow_created
20.0,agent_319569ad,inspection_task_generated
21.0,workflow_b3582943,workflow_status_changed
21.0,workflow_b3582943,sm_status_changed
21.0,agent_140071533566640,workflow_assigned
21.0,workflow_manager_140071533322320,workflow_started
21.0,task_manager_6e7a94e2,task_selected
25,task_manager_6e7a94e2,task_selected
25,agent_140071533566640,task_started
25,agent_140071533566640,MoveTo.task_started
25,agent_140071533566640,MoveTo.metric_changed
30.0,env_140071554605664,visual_update
30.0,agent_140071533566640,state_changed
30.0,task_manager_6e7a94e2,task_selected
30.0,agent_140071533566640,state_changed
30.0,task_73e9a825,state_changed
30.0,agent_140071533566640,state_changed
30.0,agent_140071533566640,state_changed
30.0,agent_140071533566640,state_changed
30.0,agent_140071533566640,state_changed
40.0,env_140071554605664,visual_update
40.0,agent_140071533566640,state_changed
40.0,task_73e9a825,state_changed
40.0,agent_140071533566640,state_changed
40.0,agent_140071533566640,state_changed
40.0,agent_140071533566640,state_changed
50.0,env_140071554605664,visual_update
50.0,agent_140071533566640,state_changed
50.0,task_73e9a825,state_changed
50.0,agent_140071533566640,state_changed
50.0,agent_140071533566640,state_changed
50.0,agent_140071533566640,state_changed
60.0,env_140071554605664,visual_update
60.0,agent_140071533566640,state_changed
60.0,task_73e9a825,state_changed
60.0,agent_140071533566640,state_changed
60.0,agent_140071533566640,state_changed
60.0,agent_140071533566640,state_changed
70.0,env_140071554605664,visual_update
70.0,agent_140071533566640,state_changed
70.0,task_73e9a825,state_changed
70.0,agent_140071533566640,state_changed
70.0,agent_140071533566640,state_changed
70.0,agent_140071533566640,state_changed
80.0,workflow_manager_140071533322320,workflow_registered
80.0,agent_319569ad,inspection_workflow_created
80.0,agent_319569ad,inspection_task_generated
80.0,env_140071554605664,visual_update
80.0,agent_140071533566640,state_changed
80.0,task_73e9a825,state_changed
80.0,agent_140071533566640,state_changed
80.0,agent_140071533566640,state_changed
80.0,agent_140071533566640,state_changed
81.0,workflow_3e58e5a6,workflow_status_changed
81.0,workflow_3e58e5a6,sm_status_changed
81.0,agent_140071510900352,workflow_assigned
81.0,workflow_manager_140071533322320,workflow_started
81.0,task_manager_6e7a94e2,task_selected
85,task_manager_6e7a94e2,task_selected
85,agent_140071510900352,task_started
85,agent_140071510900352,MoveTo.task_started
85,agent_140071510900352,MoveTo.metric_changed
90.0,env_140071554605664,visual_update
90.0,agent_140071510900352,state_changed
90.0,agent_140071533566640,state_changed
90.0,task_73e9a825,state_changed
90.0,agent_140071533566640,state_changed
90.0,agent_140071533566640,state_changed
90.0,agent_140071533566640,state_changed
90.0,task_manager_6e7a94e2,task_selected
90.0,agent_140071510900352,state_changed
90.0,task_b12c55ec,state_changed
90.0,agent_140071510900352,state_changed
90.0,agent_140071510900352,state_changed
90.0,agent_140071510900352,state_changed
90.0,agent_140071510900352,state_changed
97.422,agent_140071533566640,state_changed
97.422,task_73e9a825,state_changed
97.422,agent_140071533566640,state_changed
97.422,agent_140071533566640,state_changed
97.422,agent_140071533566640,state_changed
97.422,agent_140071533566640,state_changed
97.422,agent_140071533566640,MoveTo.task_completed
97.422,workflow_b3582943,waypoint_completed
97.422,workflow_b3582943,sm_status_changed
97.422,agent_140071533566640,MoveTo.metric_changed
97.422,agent_140071533566640,task_completed
100.0,env_140071554605664,visual_update
100,task_manager_6e7a94e2,task_selected
100,agent_140071533566640,task_started
100,agent_140071533566640,MoveTo.task_started
100,agent_140071533566640,MoveTo.metric_changed
100,agent_140071533566640,MoveTo.task_completed
100.0,task_manager_6e7a94e2,task_selected
100.0,agent_140071510900352,state_changed
100.0,task_b12c55ec,state_changed
100.0,agent_140071510900352,state_changed
100.0,agent_140071510900352,state_changed
100.0,agent_140071510900352,state_changed
100,agent_140071533566640,task_completed
105,task_manager_6e7a94e2,task_selected
105,agent_140071533566640,task_started
105,agent_140071533566640,MoveTo.task_started
105,agent_140071533566640,MoveTo.metric_changed
110.0,env_140071554605664,visual_update
110.0,task_manager_6e7a94e2,task_selected
110.0,agent_140071510900352,state_changed
110.0,task_b12c55ec,state_changed
110.0,agent_140071510900352,state_changed
110.0,agent_140071510900352,state_changed
110.0,agent_140071510900352,state_changed
110.0,agent_140071533566640,state_changed
110.0,task_dda801e3,state_changed
110.0,agent_140071533566640,state_changed
110.0,agent_140071533566640,state_changed
110.0,agent_140071533566640,state_changed
110.0,agent_140071533566640,state_changed
113.286,agent_140071533566640,state_changed
113.286,task_dda801e3,state_changed
113.286,agent_140071533566640,state_changed
113.286,agent_140071533566640,state_changed
113.286,agent_140071533566640,state_changed
113.286,agent_140071533566640,state_changed
113.286,agent_140071533566640,MoveTo.task_completed
113.286,workflow_b3582943,waypoint_completed
113.286,workflow_b3582943,sm_status_changed
113.286,agent_140071533566640,MoveTo.metric_changed
113.286,agent_140071533566640,task_completed
115,task_manager_6e7a94e2,task_selected
115,agent_140071533566640,task_started
115,agent_140071533566640,MoveTo.task_started
115,agent_140071533566640,MoveTo.metric_changed
115,agent_140071533566640,MoveTo.task_completed
115,agent_140071533566640,task_completed
120.0,env_140071554605664,visual_update
120.0,agent_140071533566640,state_changed
120.0,task_manager_6e7a94e2,task_selected
120.0,agent_140071510900352,state_changed
120.0,task_b12c55ec,state_changed
120.0,agent_140071510900352,state_changed
120.0,agent_140071510900352,state_changed
120.0,agent_140071510900352,state_changed
125,task_manager_6e7a94e2,task_selected
125,agent_140071533566640,task_started
125,agent_140071533566640,MoveTo.task_started
125,agent_140071533566640,MoveTo.metric_changed
130.0,env_140071554605664,visual_update
130.0,agent_140071533566640,state_changed
130.0,task_manager_6e7a94e2,task_selected
130.0,agent_140071510900352,state_changed
130.0,task_b12c55ec,state_changed
130.0,agent_140071510900352,state_changed
130.0,agent_140071510900352,state_changed
130.0,agent_140071510900352,state_changed
130.0,agent_140071533566640,state_changed
130.0,task_e4872676,state_changed
130.0,agent_140071533566640,state_changed
130.0,agent_140071533566640,state_changed
130.0,agent_140071533566640,state_changed
130.0,agent_140071533566640,state_changed
138.302,agent_140071533566640,state_changed
138.302,task_e4872676,state_changed
138.302,agent_140071533566640,state_changed
138.302,agent_140071533566640,state_changed
138.302,agent_140071533566640,state_changed
138.302,agent_140071533566640,state_changed
138.302,agent_140071533566640,MoveTo.task_completed
138.302,workflow_b3582943,waypoint_completed
138.302,workflow_b3582943,inspection_completed
138.302,workflow_b3582943,workflow_status_changed
138.302,workflow_b3582943,sm_status_changed
138.302,agent_140071533566640,MoveTo.metric_changed
138.302,agent_140071533566640,task_completed
138.302,workflow_manager_140071533322320,workflow_completed
140.0,workflow_manager_140071533322320,workflow_registered
140.0,agent_319569ad,inspection_workflow_created
140.0,agent_319569ad,inspection_task_generated
140.0,env_140071554605664,visual_update
140,task_manager_6e7a94e2,task_selected
140,agent_140071533566640,task_started
140,agent_140071533566640,MoveTo.task_started
140,agent_140071533566640,MoveTo.metric_changed
140,agent_140071533566640,MoveTo.task_completed
140.0,agent_140071533566640,state_changed
140.0,agent_140071510900352,state_changed
140.0,task_b12c55ec,state_changed
140.0,agent_140071510900352,state_changed
140.0,agent_140071510900352,state_changed
140.0,agent_140071510900352,state_changed
140,agent_140071533566640,task_completed
141.0,workflow_9ea98566,workflow_status_changed
141.0,workflow_9ea98566,sm_status_changed
141.0,agent_140071511163904,workflow_assigned
141.0,workflow_manager_140071533322320,workflow_started
141.0,task_manager_6e7a94e2,task_selected
145,task_manager_6e7a94e2,task_selected
145,agent_140071511163904,task_started
145,agent_140071511163904,MoveTo.task_started
145,agent_140071511163904,MoveTo.metric_changed
150.0,env_140071554605664,visual_update
150.0,agent_140071511163904,state_changed
150.0,agent_140071510900352,state_changed
150.0,task_b12c55ec,state_changed
150.0,agent_140071510900352,state_changed
150.0,agent_140071510900352,state_changed
150.0,agent_140071510900352,state_changed
150.0,task_manager_6e7a94e2,task_selected
150.0,agent_140071511163904,state_changed
150.0,task_b191eb86,state_changed
150.0,agent_140071511163904,state_changed
150.0,agent_140071511163904,state_changed
150.0,agent_140071511163904,state_changed
150.0,agent_140071511163904,state_changed
160.0,env_140071554605664,visual_update
160.0,agent_140071510900352,state_changed
160.0,task_b12c55ec,state_changed
160.0,agent_140071510900352,state_changed
160.0,agent_140071510900352,state_changed
160.0,agent_140071510900352,state_changed
160.0,agent_140071511163904,state_changed
160.0,task_b191eb86,state_changed
160.0,agent_140071511163904,state_changed
160.0,agent_140071511163904,state_changed
160.0,agent_140071511163904,state_changed
162.799,agent_140071510900352,state_changed
162.799,task_b12c55ec,state_changed
162.799,agent_140071510900352,state_changed
162.799,agent_140071510900352,state_changed
162.799,agent_140071510900352,state_changed
162.799,agent_140071510900352,state_changed
162.799,agent_140071510900352,MoveTo.task_completed
162.799,workflow_3e58e5a6,waypoint_completed
162.799,workflow_3e58e5a6,sm_status_changed
162.799,agent_140071510900352,MoveTo.metric_changed
162.799,agent_140071510900352,task_completed
165,task_manager_6e7a94e2,task_selected
165,agent_140071510900352,task_started
165,agent_140071510900352,MoveTo.task_started
165,agent_140071510900352,MoveTo.metric_changed
165,agent_140071510900352,MoveTo.task_completed
165,agent_140071510900352,task_completed
170.0,env_140071554605664,visual_update
170.0,agent_140071510900352,state_changed
170.0,task_manager_6e7a94e2,task_selected
170.0,agent_140071511163904,state_changed
170.0,task_b191eb86,state_changed
170.0,agent_140071511163904,state_changed
170.0,agent_140071511163904,state_changed
170.0,agent_140071511163904,state_changed
175,task_manager_6e7a94e2,task_selected
175,agent_140071510900352,task_started
175,agent_140071510900352,MoveTo.task_started
175,agent_140071510900352,MoveTo.metric_changed
180.0,env_140071554605664,visual_update
180.0,agent_140071510900352,state_changed
180.0,task_manager_6e7a94e2,task_selected
180.0,agent_140071511163904,state_changed
180.0,task_b191eb86,state_changed
180.0,agent_140071511163904,state_changed
180.0,agent_140071511163904,state_changed
180.0,agent_140071511163904,state_changed
180.0,agent_140071510900352,state_changed
180.0,task_c112fa56,state_changed
180.0,agent_140071510900352,state_changed
180.0,agent_140071510900352,state_changed
180.0,agent_140071510900352,state_changed
180.0,agent_140071510900352,state_changed
185.041,agent_140071511163904,state_changed
185.041,task_b191eb86,state_changed
185.041,agent_140071511163904,state_changed
185.041,agent_140071511163904,state_changed
185.041,agent_140071511163904,state_changed
185.041,agent_140071511163904,state_changed
185.041,agent_140071511163904,MoveTo.task_completed
185.041,workflow_9ea98566,waypoint_completed
185.041,workflow_9ea98566,sm_status_changed
185.041,agent_140071511163904,MoveTo.metric_changed
185.041,agent_140071511163904,task_completed
190.0,env_140071554605664,visual_update
190,task_manager_6e7a94e2,task_selected
190,agent_140071511163904,task_started
190,agent_140071511163904,MoveTo.task_started
190,agent_140071511163904,MoveTo.metric_changed
190,agent_140071511163904,MoveTo.task_completed
190.0,task_manager_6e7a94e2,task_selected
190.0,agent_140071510900352,state_changed
190.0,task_c112fa56,state_changed
190.0,agent_140071510900352,state_changed
190.0,agent_140071510900352,state_changed
190.0,agent_140071510900352,state_changed
190,agent_140071511163904,task_completed
195,task_manager_6e7a94e2,task_selected
195,agent_140071511163904,task_started
195,agent_140071511163904,MoveTo.task_started
195,agent_140071511163904,MoveTo.metric_changed
198.806,agent_140071510900352,state_changed
198.806,task_c112fa56,state_changed
198.806,agent_140071510900352,state_changed
198.806,agent_140071510900352,state_changed
198.806,agent_140071510900352,state_changed
198.806,agent_140071510900352,state_changed
198.806,agent_140071510900352,MoveTo.task_completed
198.806,workflow_3e58e5a6,waypoint_completed
198.806,workflow_3e58e5a6,sm_status_changed
198.806,agent_140071510900352,MoveTo.metric_changed
198.806,agent_140071510900352,task_completed
200.0,workflow_manager_140071533322320,workflow_registered
200.0,agent_319569ad,inspection_workflow_created
200.0,agent_319569ad,inspection_task_generated
200.0,env_140071554605664,visual_update
200,task_manager_6e7a94e2,task_selected
200,agent_140071510900352,task_started
200,agent_140071510900352,MoveTo.task_started
200,agent_140071510900352,MoveTo.metric_changed
200,agent_140071510900352,MoveTo.task_completed
200.0,task_manager_6e7a94e2,task_selected
200.0,task_manager_6e7a94e2,task_selected
200.0,agent_140071511163904,state_changed
200.0,task_1c4a163f,state_changed
200.0,agent_140071511163904,state_changed
200.0,agent_140071511163904,state_changed
200.0,agent_140071511163904,state_changed
200.0,agent_140071511163904,state_changed
200,agent_140071510900352,task_completed
201.0,workflow_d281b3d2,workflow_status_changed
201.0,workflow_d281b3d2,sm_status_changed
201.0,agent_140071511296320,workflow_assigned
201.0,workflow_manager_140071533322320,workflow_started
201.0,task_manager_6e7a94e2,task_selected
205,task_manager_6e7a94e2,task_selected
205,agent_140071510900352,task_started
205,agent_140071510900352,MoveTo.task_started
205,agent_140071510900352,MoveTo.metric_changed
205,task_manager_6e7a94e2,task_selected
205,agent_140071511296320,task_started
205,agent_140071511296320,MoveTo.task_started
205,agent_140071511296320,MoveTo.metric_changed
210.0,env_140071554605664,visual_update
210.0,agent_140071511296320,state_changed
210.0,task_manager_6e7a94e2,task_selected
210.0,agent_140071511163904,state_changed
210.0,task_1c4a163f,state_changed
210.0,agent_140071511163904,state_changed
210.0,agent_140071511163904,state_changed
210.0,agent_140071511163904,state_changed
210.0,task_manager_6e7a94e2,task_selected
210.0,agent_140071510900352,state_changed
210.0,task_0789ecbf,state_changed
210.0,agent_140071510900352,state_changed
210.0,agent_140071510900352,state_changed
210.0,agent_140071510900352,state_changed
210.0,agent_140071510900352,state_changed
210.0,agent_140071511296320,state_changed
210.0,task_94550c8d,state_changed
210.0,agent_140071511296320,state_changed
210.0,agent_140071511296320,state_changed
210.0,agent_140071511296320,state_changed
210.0,agent_140071511296320,state_changed
212.736,agent_140071511163904,state_changed
212.736,task_1c4a163f,state_changed
212.736,agent_140071511163904,state_changed
212.736,agent_140071511163904,state_changed
212.736,agent_140071511163904,state_changed
212.736,agent_140071511163904,MoveTo.task_completed
212.736,workflow_9ea98566,waypoint_completed
212.736,workflow_9ea98566,sm_status_changed
212.736,agent_140071511163904,MoveTo.metric_changed
212.736,agent_140071511163904,task_completed
215,task_manager_6e7a94e2,task_selected
215,agent_140071511163904,task_started
215,agent_140071511163904,MoveTo.task_started
215,agent_140071511163904,MoveTo.metric_changed
215,agent_140071511163904,MoveTo.task_completed
215,agent_140071511163904,task_completed
220.0,env_140071554605664,visual_update
220.0,agent_140071511163904,state_changed
220.0,task_manager_6e7a94e2,task_selected
220.0,agent_140071510900352,state_changed
220.0,task_0789ecbf,state_changed
220.0,agent_140071510900352,state_changed
220.0,agent_140071510900352,state_changed
220.0,agent_140071510900352,state_changed
220.0,agent_140071511296320,state_changed
220.0,task_94550c8d,state_changed
220.0,agent_140071511296320,state_changed
220.0,agent_140071511296320,state_changed
220.0,agent_140071511296320,state_changed
225,task_manager_6e7a94e2,task_selected
225,agent_140071511163904,task_started
225,agent_140071511163904,MoveTo.task_started
225,agent_140071511163904,MoveTo.metric_changed
229.995,agent_140071510900352,state_changed
229.995,task_0789ecbf,state_changed
229.995,agent_140071510900352,state_changed
229.995,agent_140071510900352,state_changed
229.995,agent_140071510900352,state_changed
229.995,agent_140071510900352,state_changed
229.995,agent_140071510900352,MoveTo.task_completed
229.995,workflow_3e58e5a6,waypoint_completed
229.995,workflow_3e58e5a6,inspection_completed
229.995,workflow_3e58e5a6,workflow_status_changed
229.995,workflow_3e58e5a6,sm_status_changed
229.995,agent_140071510900352,MoveTo.metric_changed
229.995,agent_140071510900352,task_completed
229.995,workflow_manager_140071533322320,workflow_completed
230.0,env_140071554605664,visual_update
230,task_manager_6e7a94e2,task_selected
230,agent_140071510900352,task_started
230,agent_140071510900352,MoveTo.task_started
230,agent_140071510900352,MoveTo.metric_changed
230.0,agent_140071511163904,state_changed
230,agent_140071510900352,MoveTo.task_completed
230.0,agent_140071510900352,state_changed
230.0,task_manager_6e7a94e2,task_selected
230.0,agent_140071511296320,state_changed
230.0,task_94550c8d,state_changed
230.0,agent_140071511296320,state_changed
230.0,agent_140071511296320,state_changed
230.0,agent_140071511296320,state_changed
230.0,agent_140071511163904,state_changed
230.0,task_fac0902d,state_changed
230.0,agent_140071511163904,state_changed
230.0,agent_140071511163904,state_changed
230.0,agent_140071511163904,state_changed
230.0,agent_140071511163904,state_changed
230,agent_140071510900352,task_completed
240.0,env_140071554605664,visual_update
240.0,agent_140071511296320,state_changed
240.0,task_94550c8d,state_changed
240.0,agent_140071511296320,state_changed
240.0,agent_140071511296320,state_changed
240.0,agent_140071511296320,state_changed
240.0,agent_140071511163904,state_changed
240.0,task_fac0902d,state_changed
240.0,agent_140071511163904,state_changed
240.0,agent_140071511163904,state_changed
240.0,agent_140071511163904,state_changed
246.642,agent_140071511296320,state_changed
246.642,task_94550c8d,state_changed
246.642,agent_140071511296320,state_changed
246.642,agent_140071511296320,state_changed
246.642,agent_140071511296320,state_changed
246.642,agent_140071511296320,state_changed
246.642,agent_140071511296320,MoveTo.task_completed
246.642,workflow_d281b3d2,waypoint_completed
246.642,workflow_d281b3d2,sm_status_changed
246.642,agent_140071511296320,MoveTo.metric_changed
246.642,agent_140071511296320,task_completed
247.127,agent_140071511163904,state_changed
247.127,task_fac0902d,state_changed
247.127,agent_140071511163904,state_changed
247.127,agent_140071511163904,state_changed
247.127,agent_140071511163904,state_changed
247.127,agent_140071511163904,state_changed
247.127,agent_140071511163904,MoveTo.task_completed
247.127,workflow_9ea98566,waypoint_completed
247.127,workflow_9ea98566,inspection_completed
247.127,workflow_9ea98566,workflow_status_changed
247.127,workflow_9ea98566,sm_status_changed
247.127,agent_140071511163904,MoveTo.metric_changed
247.127,agent_140071511163904,task_completed
247.127,workflow_manager_140071533322320,workflow_completed
250.0,env_140071554605664,visual_update
250,task_manager_6e7a94e2,task_selected
250,agent_140071511163904,task_started
250,agent_140071511163904,MoveTo.task_started
250,agent_140071511163904,MoveTo.metric_changed
250,task_manager_6e7a94e2,task_selected
250,agent_140071511296320,task_started
250,agent_140071511296320,MoveTo.task_started
250,agent_140071511296320,MoveTo.metric_changed
250,agent_140071511163904,MoveTo.task_completed
250,agent_140071511296320,MoveTo.task_completed
250.0,agent_140071511163904,state_changed
250.0,task_manager_6e7a94e2,task_selected
250,agent_140071511163904,task_completed
250,agent_140071511296320,task_completed
255,task_manager_6e7a94e2,task_selected
255,agent_140071511296320,task_started
255,agent_140071511296320,MoveTo.task_started
255,agent_140071511296320,MoveTo.metric_changed
260.0,workflow_manager_140071533322320,workflow_registered
260.0,agent_319569ad,inspection_workflow_created
260.0,agent_319569ad,inspection_task_generated
260.0,env_140071554605664,visual_update
260.0,task_manager_6e7a94e2,task_selected
260.0,agent_140071511296320,state_changed
260.0,task_e1b9f279,state_changed
260.0,agent_140071511296320,state_changed
260.0,agent_140071511296320,state_changed
260.0,agent_140071511296320,state_changed
260.0,agent_140071511296320,state_changed
261.0,workflow_3d16b76c,workflow_status_changed
261.0,workflow_3d16b76c,sm_status_changed
261.0,agent_140071511412352,workflow_assigned
261.0,workflow_manager_140071533322320,workflow_started
261.0,task_manager_6e7a94e2,task_selected
265,task_manager_6e7a94e2,task_selected
265,agent_140071511412352,task_started
265,agent_140071511412352,MoveTo.task_started
265,agent_140071511412352,MoveTo.metric_changed
270.0,env_140071554605664,visual_update
270.0,agent_140071511412352,state_changed
270.0,agent_140071511296320,state_changed
270.0,task_e1b9f279,state_changed
270.0,agent_140071511296320,state_changed
270.0,agent_140071511296320,state_changed
270.0,agent_140071511296320,state_changed
270.0,task_manager_6e7a94e2,task_selected
270.0,agent_140071511412352,state_changed
270.0,task_364c92a4,state_changed
270.0,agent_140071511412352,state_changed
270.0,agent_140071511412352,state_changed
270.0,agent_140071511412352,state_changed
270.0,agent_140071511412352,state_changed
274.383,agent_140071511296320,state_changed
274.383,task_e1b9f279,state_changed
274.383,agent_140071511296320,state_changed
274.383,agent_140071511296320,state_changed
274.383,agent_140071511296320,state_changed
274.383,agent_140071511296320,state_changed
274.383,agent_140071511296320,MoveTo.task_completed
274.383,workflow_d281b3d2,waypoint_completed
274.383,workflow_d281b3d2,sm_status_changed
274.383,agent_140071511296320,MoveTo.metric_changed
274.383,agent_140071511296320,task_completed
275,task_manager_6e7a94e2,task_selected
275,agent_140071511296320,task_started
275,agent_140071511296320,MoveTo.task_started
275,agent_140071511296320,MoveTo.metric_changed
275,agent_140071511296320,MoveTo.task_completed
275,agent_140071511296320,task_completed
280.0,env_140071554605664,visual_update
280.0,agent_140071511296320,state_changed
280.0,task_manager_6e7a94e2,task_selected
280.0,agent_140071511412352,state_changed
280.0,task_364c92a4,state_changed
280.0,agent_140071511412352,state_changed
280.0,agent_140071511412352,state_changed
280.0,agent_140071511412352,state_changed
285,task_manager_6e7a94e2,task_selected
285,agent_140071511296320,task_started
285,agent_140071511296320,MoveTo.task_started
285,agent_140071511296320,MoveTo.metric_changed
290.0,env_140071554605664,visual_update
290.0,agent_140071511296320,state_changed
290.0,task_manager_6e7a94e2,task_selected
290.0,agent_140071511412352,state_changed
290.0,task_364c92a4,state_changed
290.0,agent_140071511412352,state_changed
290.0,agent_140071511412352,state_changed
290.0,agent_140071511412352,state_changed
290.0,agent_140071511296320,state_changed
290.0,task_17465d27,state_changed
290.0,agent_140071511296320,state_changed
290.0,agent_140071511296320,state_changed
290.0,agent_140071511296320,state_changed
290.0,agent_140071511296320,state_changed
292.441,agent_140071511412352,state_changed
292.441,task_364c92a4,state_changed
292.441,agent_140071511412352,state_changed
292.441,agent_140071511412352,state_changed
292.441,agent_140071511412352,state_changed
292.441,agent_140071511412352,MoveTo.task_completed
292.441,workflow_3d16b76c,waypoint_completed
292.441,workflow_3d16b76c,sm_status_changed
292.441,agent_140071511412352,MoveTo.metric_changed
292.441,agent_140071511412352,task_completed
295,task_manager_6e7a94e2,task_selected
295,agent_140071511412352,task_started
295,agent_140071511412352,MoveTo.task_started
295,agent_140071511412352,MoveTo.metric_changed
295,agent_140071511412352,MoveTo.task_completed
295,agent_140071511412352,task_completed
300.0,env_140071554605664,visual_update
300.0,agent_140071511412352,state_changed
300.0,task_manager_6e7a94e2,task_selected
300.0,agent_140071511296320,state_changed
300.0,task_17465d27,state_changed
300.0,agent_140071511296320,state_changed
300.0,agent_140071511296320,state_changed
300.0,agent_140071511296320,state_changed
304.461,agent_140071511296320,state_changed
304.461,task_17465d27,state_changed
304.461,agent_140071511296320,state_changed
304.461,agent_140071511296320,state_changed
304.461,agent_140071511296320,state_changed
304.461,agent_140071511296320,MoveTo.task_completed
304.461,workflow_d281b3d2,waypoint_completed
304.461,workflow_d281b3d2,inspection_completed
304.461,workflow_d281b3d2,workflow_status_changed
304.461,workflow_d281b3d2,sm_status_changed
304.461,agent_140071511296320,MoveTo.metric_changed
304.461,agent_140071511296320,task_completed
304.461,workflow_manager_140071533322320,workflow_completed
305,task_manager_6e7a94e2,task_selected
305,agent_140071511296320,task_started
305,agent_140071511296320,MoveTo.task_started
305,agent_140071511296320,MoveTo.metric_changed
305,task_manager_6e7a94e2,task_selected
305,agent_140071511412352,task_started
305,agent_140071511412352,MoveTo.task_started
305,agent_140071511412352,MoveTo.metric_changed
305,agent_140071511296320,MoveTo.task_completed
305,agent_140071511296320,task_completed
310.0,env_140071554605664,visual_update
310.0,agent_140071511296320,state_changed
310.0,agent_140071511412352,state_changed
310.0,task_manager_6e7a94e2,task_selected
310.0,agent_140071511412352,state_changed
310.0,task_0686ebbe,state_changed
310.0,agent_140071511412352,state_changed
310.0,agent_140071511412352,state_changed
310.0,agent_140071511412352,state_changed
310.0,agent_140071511412352,state_changed
320.0,workflow_manager_140071533322320,workflow_registered
320.0,agent_319569ad,inspection_workflow_created
320.0,agent_319569ad,inspection_task_generated
320.0,env_140071554605664,visual_update
320.0,agent_140071511412352,state_changed
320.0,task_0686ebbe,state_changed
320.0,agent_140071511412352,state_changed
320.0,agent_140071511412352,state_changed
320.0,agent_140071511412352,state_changed
320.637,agent_140071511412352,state_changed
320.637,task_0686ebbe,state_changed
320.637,agent_140071511412352,state_changed
320.637,agent_140071511412352,state_changed
320.637,agent_140071511412352,state_changed
320.637,agent_140071511412352,MoveTo.task_completed
320.637,workflow_3d16b76c,waypoint_completed
320.637,workflow_3d16b76c,sm_status_changed
320.637,agent_140071511412352,MoveTo.metric_changed
320.637,agent_140071511412352,task_completed
321.0,workflow_79542ff7,workflow_status_changed
321.0,workflow_79542ff7,sm_status_changed
321.0,agent_140071509431232,workflow_assigned
321.0,workflow_manager_140071533322320,workflow_started
321.0,task_manager_6e7a94e2,task_selected
325,task_manager_6e7a94e2,task_selected
325,agent_140071511412352,task_started
325,agent_140071511412352,MoveTo.task_started
325,agent_140071511412352,MoveTo.metric_changed
325,task_manager_6e7a94e2,task_selected
325,agent_140071509431232,task_started
325,agent_140071509431232,MoveTo.task_started
325,agent_140071509431232,MoveTo.metric_changed
325,agent_140071511412352,MoveTo.task_completed
325,agent_140071511412352,task_completed
330.0,env_140071554605664,visual_update
330.0,agent_140071511412352,state_changed
330.0,agent_140071509431232,state_changed
330.0,task_manager_6e7a94e2,task_selected
330.0,task_manager_6e7a94e2,task_selected
330.0,agent_140071509431232,state_changed
330.0,task_a0f84494,state_changed
330.0,agent_140071509431232,state_changed
330.0,agent_140071509431232,state_changed
330.0,agent_140071509431232,state_changed
330.0,agent_140071509431232,state_changed
335,task_manager_6e7a94e2,task_selected
335,agent_140071511412352,task_started
335,agent_140071511412352,MoveTo.task_started
335,agent_140071511412352,MoveTo.metric_changed
339.989,agent_140071511412352,state_changed
339.989,task_d9e9d0ce,state_changed
339.989,agent_140071511412352,state_changed
339.989,agent_140071511412352,state_changed
339.989,agent_140071511412352,state_changed
339.989,agent_140071511412352,state_changed
339.989,agent_140071511412352,state_changed
339.989,agent_140071511412352,MoveTo.task_completed
339.989,workflow_3d16b76c,waypoint_completed
339.989,workflow_3d16b76c,inspection_completed
339.989,workflow_3d16b76c,workflow_status_changed
339.989,workflow_3d16b76c,sm_status_changed
339.989,agent_140071511412352,MoveTo.metric_changed
339.989,agent_140071511412352,task_completed
339.989,workflow_manager_140071533322320,workflow_completed
340.0,env_140071554605664,visual_update
340.0,agent_140071509431232,state_changed
340.0,task_a0f84494,state_changed
340.0,agent_140071509431232,state_changed
340.0,agent_140071509431232,state_changed
340.0,agent_140071509431232,state_changed
350.0,env_140071554605664,visual_update
350.0,agent_140071509431232,state_changed
350.0,task_a0f84494,state_changed
350.0,agent_140071509431232,state_changed
350.0,agent_140071509431232,state_changed
350.0,agent_140071509431232,state_changed
360.0,env_140071554605664,visual_update
360.0,agent_140071509431232,state_changed
360.0,task_a0f84494,state_changed
360.0,agent_140071509431232,state_changed
360.0,agent_140071509431232,state_changed
360.0,agent_140071509431232,state_changed
368.314,agent_140071509431232,state_changed
368.314,task_a0f84494,state_changed
368.314,agent_140071509431232,state_changed
368.314,agent_140071509431232,state_changed
368.314,agent_140071509431232,state_changed
368.314,agent_140071509431232,MoveTo.task_completed
368.314,workflow_79542ff7,waypoint_completed
368.314,workflow_79542ff7,sm_status_changed
368.314,agent_140071509431232,MoveTo.metric_changed
368.314,agent_140071509431232,task_completed
370.0,env_140071554605664,visual_update
370,task_manager_6e7a94e2,task_selected
370,agent_140071509431232,task_started
370,agent_140071509431232,MoveTo.task_started
370,agent_140071509431232,MoveTo.metric_changed
370,agent_140071509431232,MoveTo.task_completed
370.0,task_manager_6e7a94e2,task_selected
370,agent_140071509431232,task_completed
375,task_manager_6e7a94e2,task_selected
375,agent_140071509431232,task_started
375,agent_140071509431232,MoveTo.task_started
375,agent_140071509431232,MoveTo.metric_changed
380.0,workflow_manager_140071533322320,workflow_registered
380.0,agent_319569ad,inspection_workflow_created
380.0,agent_319569ad,inspection_task_generated
380.0,env_140071554605664,visual_update
380.0,task_manager_6e7a94e2,task_selected
380.0,agent_140071509431232,state_changed
380.0,task_edc9c61b,state_changed
380.0,agent_140071509431232,state_changed
380.0,agent_140071509431232,state_changed
380.0,agent_140071509431232,state_changed
380.0,agent_140071509431232,state_changed
381.0,workflow_155366ff,workflow_status_changed
381.0,workflow_155366ff,sm_status_changed
381.0,agent_140071509481728,workflow_assigned
381.0,workflow_manager_140071533322320,workflow_started
381.0,task_manager_6e7a94e2,task_selected
385,task_manager_6e7a94e2,task_selected
385,agent_140071509481728,task_started
385,agent_140071509481728,MoveTo.task_started
385,agent_140071509481728,MoveTo.metric_changed
386.966,agent_140071509431232,state_changed
386.966,task_edc9c61b,state_changed
386.966,agent_140071509431232,state_changed
386.966,agent_140071509431232,state_changed
386.966,agent_140071509431232,state_changed
386.966,agent_140071509431232,MoveTo.task_completed
386.966,workflow_79542ff7,waypoint_completed
386.966,workflow_79542ff7,sm_status_changed
386.966,agent_140071509431232,MoveTo.metric_changed
386.966,agent_140071509431232,task_completed
390.0,env_140071554605664,visual_update
390,task_manager_6e7a94e2,task_selected
390,agent_140071509431232,task_started
390,agent_140071509431232,MoveTo.task_started
390,agent_140071509431232,MoveTo.metric_changed
390.0,agent_140071509481728,state_changed
390,agent_140071509431232,MoveTo.task_completed
390.0,task_manager_6e7a94e2,task_selected
390.0,task_manager_6e7a94e2,task_selected
390.0,agent_140071509481728,state_changed
390.0,task_bb062b79,state_changed
390.0,agent_140071509481728,state_changed
390.0,agent_140071509481728,state_changed
390.0,agent_140071509481728,state_changed
390.0,agent_140071509481728,state_changed
390,agent_140071509431232,task_completed
395,task_manager_6e7a94e2,task_selected
395,agent_140071509431232,task_started
395,agent_140071509431232,MoveTo.task_started
395,agent_140071509431232,MoveTo.metric_changed
400.0,env_140071554605664,visual_update
400.0,task_manager_6e7a94e2,task_selected
400.0,agent_140071509481728,state_changed
400.0,task_bb062b79,state_changed
400.0,agent_140071509481728,state_changed
400.0,agent_140071509481728,state_changed
400.0,agent_140071509481728,state_changed
400.0,agent_140071509431232,state_changed
400.0,task_64dc2e43,state_changed
400.0,agent_140071509431232,state_changed
400.0,agent_140071509431232,state_changed
400.0,agent_140071509431232,state_changed
400.0,agent_140071509431232,state_changed
410.0,env_140071554605664,visual_update
410.0,agent_140071509481728,state_changed
410.0,task_bb062b79,state_changed
410.0,agent_140071509481728,state_changed
410.0,agent_140071509481728,state_changed
410.0,agent_140071509481728,state_changed
410.0,agent_140071509431232,state_changed
410.0,task_64dc2e43,state_changed
410.0,agent_140071509431232,state_changed
410.0,agent_140071509431232,state_changed
410.0,agent_140071509431232,state_changed
417.905,agent_140071509431232,state_changed
417.905,task_64dc2e43,state_changed
417.905,agent_140071509431232,state_changed
417.905,agent_140071509431232,state_changed
417.905,agent_140071509431232,state_changed
417.905,agent_140071509431232,MoveTo.task_completed
417.905,workflow_79542ff7,waypoint_completed
417.905,workflow_79542ff7,inspection_completed
417.905,workflow_79542ff7,workflow_status_changed
417.905,workflow_79542ff7,sm_status_changed
417.905,agent_140071509431232,MoveTo.metric_changed
417.905,agent_140071509431232,task_completed
417.905,workflow_manager_140071533322320,workflow_completed
420.0,env_140071554605664,visual_update
420,task_manager_6e7a94e2,task_selected
420,agent_140071509431232,task_started
420,agent_140071509431232,MoveTo.task_started
420,agent_140071509431232,MoveTo.metric_changed
420,agent_140071509431232,MoveTo.task_completed
420.0,agent_140071509431232,state_changed
420.0,agent_140071509481728,state_changed
420.0,task_bb062b79,state_changed
420.0,agent_140071509481728,state_changed
420.0,agent_140071509481728,state_changed
420.0,agent_140071509481728,state_changed
420,agent_140071509431232,task_completed
430.0,env_140071554605664,visual_update
430.0,agent_140071509481728,state_changed
430.0,task_bb062b79,state_changed
430.0,agent_140071509481728,state_changed
430.0,agent_140071509481728,state_changed
430.0,agent_140071509481728,state_changed
440.0,workflow_manager_140071533322320,workflow_registered
440.0,agent_319569ad,inspection_workflow_created
440.0,agent_319569ad,inspection_task_generated
440.0,env_140071554605664,visual_update
440.0,agent_140071509481728,state_changed
440.0,task_bb062b79,state_changed
440.0,agent_140071509481728,state_changed
440.0,agent_140071509481728,state_changed
440.0,agent_140071509481728,state_changed
441.0,workflow_05053526,workflow_status_changed
441.0,workflow_05053526,sm_status_changed
441.0,agent_140071509679680,workflow_assigned
441.0,workflow_manager_140071533322320,workflow_started
441.0,task_manager_6e7a94e2,task_selected
445,task_manager_6e7a94e2,task_selected
445,agent_140071509679680,task_started
445,agent_140071509679680,MoveTo.task_started
445,agent_140071509679680,MoveTo.metric_changed
449.745,agent_140071509481728,state_changed
449.745,task_bb062b79,state_changed
449.745,agent_140071509481728,state_changed
449.745,agent_140071509481728,state_changed
449.745,agent_140071509481728,state_changed
449.745,agent_140071509481728,MoveTo.task_completed
449.745,workflow_155366ff,waypoint_completed
449.745,workflow_155366ff,sm_status_changed
449.745,agent_140071509481728,MoveTo.metric_changed
449.745,agent_140071509481728,task_completed
450.0,env_140071554605664,visual_update
450,task_manager_6e7a94e2,task_selected
450,agent_140071509481728,task_started
450,agent_140071509481728,MoveTo.task_started
450,agent_140071509481728,MoveTo.metric_changed
450.0,agent_140071509679680,state_changed
450,agent_140071509481728,MoveTo.task_completed
450.0,task_manager_6e7a94e2,task_selected
450.0,task_manager_6e7a94e2,task_selected
450.0,agent_140071509679680,state_changed
450.0,task_61325a09,state_changed
450.0,agent_140071509679680,state_changed
450.0,agent_140071509679680,state_changed
450.0,agent_140071509679680,state_changed
450.0,agent_140071509679680,state_changed
450,agent_140071509481728,task_completed
455,task_manager_6e7a94e2,task_selected
455,agent_140071509481728,task_started
455,agent_140071509481728,MoveTo.task_started
455,agent_140071509481728,MoveTo.metric_changed
460.0,env_140071554605664,visual_update
460.0,task_manager_6e7a94e2,task_selected
460.0,agent_140071509679680,state_changed
460.0,task_61325a09,state_changed
460.0,agent_140071509679680,state_changed
460.0,agent_140071509679680,state_changed
460.0,agent_140071509679680,state_changed
460.0,agent_140071509481728,state_changed
460.0,task_ba10fe64,state_changed
460.0,agent_140071509481728,state_changed
460.0,agent_140071509481728,state_changed
460.0,agent_140071509481728,state_changed
460.0,agent_140071509481728,state_changed
466.973,agent_140071509481728,state_changed
466.973,task_ba10fe64,state_changed
466.973,agent_140071509481728,state_changed
466.973,agent_140071509481728,state_changed
466.973,agent_140071509481728,state_changed
466.973,agent_140071509481728,state_changed
466.973,agent_140071509481728,MoveTo.task_completed
466.973,workflow_155366ff,waypoint_completed
466.973,workflow_155366ff,sm_status_changed
466.973,agent_140071509481728,MoveTo.metric_changed
466.973,agent_140071509481728,task_completed
470.0,env_140071554605664,visual_update
470,task_manager_6e7a94e2,task_selected
470,agent_140071509481728,task_started
470,agent_140071509481728,MoveTo.task_started
470,agent_140071509481728,MoveTo.metric_changed
470,agent_140071509481728,MoveTo.task_completed
470.0,task_manager_6e7a94e2,task_selected
470.0,agent_140071509679680,state_changed
470.0,task_61325a09,state_changed
470.0,agent_140071509679680,state_changed
470.0,agent_140071509679680,state_changed
470.0,agent_140071509679680,state_changed
470,agent_140071509481728,task_completed
475,task_manager_6e7a94e2,task_selected
475,agent_140071509481728,task_started
475,agent_140071509481728,MoveTo.task_started
475,agent_140071509481728,MoveTo.metric_changed
480.0,env_140071554605664,visual_update
480.0,task_manager_6e7a94e2,task_selected
480.0,agent_140071509679680,state_changed
480.0,task_61325a09,state_changed
480.0,agent_140071509679680,state_changed
480.0,agent_140071509679680,state_changed
480.0,agent_140071509679680,state_changed
480.0,agent_140071509481728,state_changed
480.0,task_be25445b,state_changed
480.0,agent_140071509481728,state_changed
480.0,agent_140071509481728,state_changed
480.0,agent_140071509481728,state_changed
480.0,agent_140071509481728,state_changed
483.788,agent_140071509481728,state_changed
483.788,task_be25445b,state_changed
483.788,agent_140071509481728,state_changed
483.788,agent_140071509481728,state_changed
483.788,agent_140071509481728,state_changed
483.788,agent_140071509481728,MoveTo.task_completed
483.788,workflow_155366ff,waypoint_completed
483.788,workflow_155366ff,inspection_completed
483.788,workflow_155366ff,workflow_status_changed
483.788,workflow_155366ff,sm_status_changed
483.788,agent_140071509481728,MoveTo.metric_changed
483.788,agent_140071509481728,task_completed
483.788,workflow_manager_140071533322320,workflow_completed
485,task_manager_6e7a94e2,task_selected
485,agent_140071509481728,task_started
485,agent_140071509481728,MoveTo.task_started
485,agent_140071509481728,MoveTo.metric_changed
485,agent_140071509481728,MoveTo.task_completed
485,agent_140071509481728,task_completed
490.0,env_140071554605664,visual_update
490.0,agent_140071509481728,state_changed
490.0,agent_140071509679680,state_changed
490.0,task_61325a09,state_changed
490.0,agent_140071509679680,state_changed
490.0,agent_140071509679680,state_changed
490.0,agent_140071509679680,state_changed
500.0,workflow_manager_140071533322320,workflow_registered
500.0,agent_319569ad,inspection_workflow_created
500.0,agent_319569ad,inspection_task_generated
500.0,env_140071554605664,visual_update
500.0,agent_140071509679680,state_changed
500.0,task_61325a09,state_changed
500.0,agent_140071509679680,state_changed
500.0,agent_140071509679680,state_changed
500.0,agent_140071509679680,state_changed
501.0,workflow_cc33d1aa,workflow_status_changed
501.0,workflow_cc33d1aa,sm_status_changed
501.0,agent_140071509779328,workflow_assigned
501.0,workflow_manager_140071533322320,workflow_started
501.0,task_manager_6e7a94e2,task_selected
501.987,agent_140071509679680,state_changed
501.987,task_61325a09,state_changed
501.987,agent_140071509679680,state_changed
501.987,agent_140071509679680,state_changed
501.987,agent_140071509679680,state_changed
501.987,agent_140071509679680,MoveTo.task_completed
501.987,workflow_05053526,waypoint_completed
501.987,workflow_05053526,sm_status_changed
501.987,agent_140071509679680,MoveTo.metric_changed
501.987,agent_140071509679680,task_completed
505,task_manager_6e7a94e2,task_selected
505,agent_140071509679680,task_started
505,agent_140071509679680,MoveTo.task_started
505,agent_140071509679680,MoveTo.metric_changed
505,task_manager_6e7a94e2,task_selected
505,agent_140071509779328,task_started
505,agent_140071509779328,MoveTo.task_started
505,agent_140071509779328,MoveTo.metric_changed
505,agent_140071509679680,MoveTo.task_completed
505,agent_140071509679680,task_completed
510.0,env_140071554605664,visual_update
510.0,agent_140071509679680,state_changed
510.0,agent_140071509779328,state_changed
510.0,task_manager_6e7a94e2,task_selected
510.0,task_manager_6e7a94e2,task_selected
510.0,agent_140071509779328,state_changed
510.0,task_84c22fb6,state_changed
510.0,agent_140071509779328,state_changed
510.0,agent_140071509779328,state_changed
510.0,agent_140071509779328,state_changed
510.0,agent_140071509779328,state_changed
515,task_manager_6e7a94e2,task_selected
515,agent_140071509679680,task_started
515,agent_140071509679680,MoveTo.task_started
515,agent_140071509679680,MoveTo.metric_changed
520.0,env_140071554605664,visual_update
520.0,agent_140071509679680,state_changed
520.0,task_manager_6e7a94e2,task_selected
520.0,agent_140071509779328,state_changed
520.0,task_84c22fb6,state_changed
520.0,agent_140071509779328,state_changed
520.0,agent_140071509779328,state_changed
520.0,agent_140071509779328,state_changed
520.0,agent_140071509679680,state_changed
520.0,task_7f53983e,state_changed
520.0,agent_140071509679680,state_changed
520.0,agent_140071509679680,state_changed
520.0,agent_140071509679680,state_changed
520.0,agent_140071509679680,state_changed
530.0,env_140071554605664,visual_update
530.0,agent_140071509779328,state_changed
530.0,task_84c22fb6,state_changed
530.0,agent_140071509779328,state_changed
530.0,agent_140071509779328,state_changed
530.0,agent_140071509779328,state_changed
530.0,agent_140071509679680,state_changed
530.0,task_7f53983e,state_changed
530.0,agent_140071509679680,state_changed
530.0,agent_140071509679680,state_changed
530.0,agent_140071509679680,state_changed
531.266,agent_140071509679680,state_changed
531.266,task_7f53983e,state_changed
531.266,agent_140071509679680,state_changed
531.266,agent_140071509679680,state_changed
531.266,agent_140071509679680,state_changed
531.266,agent_140071509679680,state_changed
531.266,agent_140071509679680,MoveTo.task_completed
531.266,workflow_05053526,waypoint_completed
531.266,workflow_05053526,sm_status_changed
531.266,agent_140071509679680,MoveTo.metric_changed
531.266,agent_140071509679680,task_completed
535,task_manager_6e7a94e2,task_selected
535,agent_140071509679680,task_started
535,agent_140071509679680,MoveTo.task_started
535,agent_140071509679680,MoveTo.metric_changed
535,agent_140071509679680,MoveTo.task_completed
535,agent_140071509679680,task_completed
540.0,env_140071554605664,visual_update
540.0,agent_140071509679680,state_changed
540.0,task_manager_6e7a94e2,task_selected
540.0,agent_140071509779328,state_changed
540.0,task_84c22fb6,state_changed
540.0,agent_140071509779328,state_changed
540.0,agent_140071509779328,state_changed
540.0,agent_140071509779328,state_changed
545,task_manager_6e7a94e2,task_selected
545,agent_140071509679680,task_started
545,agent_140071509679680,MoveTo.task_started
545,agent_140071509679680,MoveTo.metric_changed
550.0,env_140071554605664,visual_update
550.0,agent_140071509679680,state_changed
550.0,task_manager_6e7a94e2,task_selected
550.0,agent_140071509779328,state_changed
550.0,task_84c22fb6,state_changed
550.0,agent_140071509779328,state_changed
550.0,agent_140071509779328,state_changed
550.0,agent_140071509779328,state_changed
550.0,agent_140071509679680,state_changed
550.0,task_c5a86081,state_changed
550.0,agent_140071509679680,state_changed
550.0,agent_140071509679680,state_changed
550.0,agent_140071509679680,state_changed
550.0,agent_140071509679680,state_changed
560.0,workflow_manager_140071533322320,workflow_registered
560.0,agent_319569ad,inspection_workflow_created
560.0,agent_319569ad,inspection_task_generated
560.0,env_140071554605664,visual_update
560.0,agent_140071509779328,state_changed
560.0,task_84c22fb6,state_changed
560.0,agent_140071509779328,state_changed
560.0,agent_140071509779328,state_changed
560.0,agent_140071509779328,state_changed
560.0,agent_140071509679680,state_changed
560.0,task_c5a86081,state_changed
560.0,agent_140071509679680,state_changed
560.0,agent_140071509679680,state_changed
560.0,agent_140071509679680,state_changed
561.0,workflow_ee4c926d,workflow_status_changed
561.0,workflow_ee4c926d,sm_status_changed
561.0,agent_140071509895360,workflow_assigned
561.0,workflow_manager_140071533322320,workflow_started
561.0,task_manager_6e7a94e2,task_selected
564.836,agent_140071509679680,state_changed
564.836,task_c5a86081,state_changed
564.836,agent_140071509679680,state_changed
564.836,agent_140071509679680,state_changed
564.836,agent_140071509679680,state_changed
564.836,agent_140071509679680,state_changed
564.836,agent_140071509679680,MoveTo.task_completed
564.836,workflow_05053526,waypoint_completed
564.836,workflow_05053526,inspection_completed
564.836,workflow_05053526,workflow_status_changed
564.836,workflow_05053526,sm_status_changed
564.836,agent_140071509679680,MoveTo.metric_changed
564.836,agent_140071509679680,task_completed
564.836,workflow_manager_140071533322320,workflow_completed
565,task_manager_6e7a94e2,task_selected
565,agent_140071509679680,task_started
565,agent_140071509679680,MoveTo.task_started
565,agent_140071509679680,MoveTo.metric_changed
565,task_manager_6e7a94e2,task_selected
565,agent_140071509895360,task_started
565,agent_140071509895360,MoveTo.task_started
565,agent_140071509895360,MoveTo.metric_changed
565,agent_140071509679680,MoveTo.task_completed
565,agent_140071509679680,task_completed
569.81,agent_140071509779328,state_changed
569.81,task_84c22fb6,state_changed
569.81,agent_140071509779328,state_changed
569.81,agent_140071509779328,state_changed
569.81,agent_140071509779328,state_changed
569.81,agent_140071509779328,state_changed
569.81,agent_140071509779328,MoveTo.task_completed
569.81,workflow_cc33d1aa,waypoint_completed
569.81,workflow_cc33d1aa,sm_status_changed
569.81,agent_140071509779328,MoveTo.metric_changed
569.81,agent_140071509779328,task_completed
570.0,env_140071554605664,visual_update
570,task_manager_6e7a94e2,task_selected
570,agent_140071509779328,task_started
570,agent_140071509779328,MoveTo.task_started
570,agent_140071509779328,MoveTo.metric_changed
570.0,agent_140071509679680,state_changed
570.0,agent_140071509895360,state_changed
570,agent_140071509779328,MoveTo.task_completed
570.0,task_manager_6e7a94e2,task_selected
570.0,task_manager_6e7a94e2,task_selected
570.0,agent_140071509895360,state_changed
570.0,task_d5e9743c,state_changed
570.0,agent_140071509895360,state_changed
570.0,agent_140071509895360,state_changed
570.0,agent_140071509895360,state_changed
570.0,agent_140071509895360,state_changed
570,agent_140071509779328,task_completed
575,task_manager_6e7a94e2,task_selected
575,agent_140071509779328,task_started
575,agent_140071509779328,MoveTo.task_started
575,agent_140071509779328,MoveTo.metric_changed
580.0,env_140071554605664,visual_update
580.0,task_manager_6e7a94e2,task_selected
580.0,agent_140071509895360,state_changed
580.0,task_d5e9743c,state_changed
580.0,agent_140071509895360,state_changed
580.0,agent_140071509895360,state_changed
580.0,agent_140071509895360,state_changed
580.0,agent_140071509779328,state_changed
580.0,task_4ed31554,state_changed
580.0,agent_140071509779328,state_changed
580.0,agent_140071509779328,state_changed
580.0,agent_140071509779328,state_changed
580.0,agent_140071509779328,state_changed
583.909,agent_140071509895360,state_changed
583.909,task_d5e9743c,state_changed
583.909,agent_140071509895360,state_changed
583.909,agent_140071509895360,state_changed
583.909,agent_140071509895360,state_changed
583.909,agent_140071509895360,state_changed
583.909,agent_140071509895360,MoveTo.task_completed
583.909,workflow_ee4c926d,waypoint_completed
583.909,workflow_ee4c926d,sm_status_changed
583.909,agent_140071509895360,MoveTo.metric_changed
583.909,agent_140071509895360,task_completed
585,task_manager_6e7a94e2,task_selected
585,agent_140071509895360,task_started
585,agent_140071509895360,MoveTo.task_started
585,agent_140071509895360,MoveTo.metric_changed
585,agent_140071509895360,MoveTo.task_completed
585,agent_140071509895360,task_completed
590.0,env_140071554605664,visual_update
590.0,agent_140071509895360,state_changed
590.0,task_manager_6e7a94e2,task_selected
590.0,agent_140071509779328,state_changed
590.0,task_4ed31554,state_changed
590.0,agent_140071509779328,state_changed
590.0,agent_140071509779328,state_changed
590.0,agent_140071509779328,state_changed
593.658,agent_140071509779328,state_changed
593.658,task_4ed31554,state_changed
593.658,agent_140071509779328,state_changed
593.658,agent_140071509779328,state_changed
593.658,agent_140071509779328,state_changed
593.658,agent_140071509779328,state_changed
593.658,agent_140071509779328,MoveTo.task_completed
593.658,workflow_cc33d1aa,waypoint_completed
593.658,workflow_cc33d1aa,sm_status_changed
593.658,agent_140071509779328,MoveTo.metric_changed
593.658,agent_140071509779328,task_completed
595,task_manager_6e7a94e2,task_selected
595,agent_140071509779328,task_started
595,agent_140071509779328,MoveTo.task_started
595,agent_140071509779328,MoveTo.metric_changed
595,task_manager_6e7a94e2,task_selected
595,agent_140071509895360,task_started
595,agent_140071509895360,MoveTo.task_started
595,agent_140071509895360,MoveTo.metric_changed
595,agent_140071509779328,MoveTo.task_completed
595,agent_140071509779328,task_completed
600.0,env_140071554605664,visual_update
600.0,agent_140071509779328,state_changed
600.0,agent_140071509895360,state_changed
600.0,task_manager_6e7a94e2,task_selected
600.0,task_manager_6e7a94e2,task_selected
600.0,agent_140071509895360,state_changed
600.0,task_59e6244d,state_changed
600.0,agent_140071509895360,state_changed
600.0,agent_140071509895360,state_changed
600.0,agent_140071509895360,state_changed
600.0,agent_140071509895360,state_changed
605,task_manager_6e7a94e2,task_selected
605,agent_140071509779328,task_started
605,agent_140071509779328,MoveTo.task_started
605,agent_140071509779328,MoveTo.metric_changed
610.0,env_140071554605664,visual_update
610.0,agent_140071509779328,state_changed
610.0,task_manager_6e7a94e2,task_selected
610.0,agent_140071509895360,state_changed
610.0,task_59e6244d,state_changed
610.0,agent_140071509895360,state_changed
610.0,agent_140071509895360,state_changed
610.0,agent_140071509895360,state_changed
610.0,agent_140071509779328,state_changed
610.0,task_b7293403,state_changed
610.0,agent_140071509779328,state_changed
610.0,agent_140071509779328,state_changed
610.0,agent_140071509779328,state_changed
610.0,agent_140071509779328,state_changed
620.0,workflow_manager_140071533322320,workflow_registered
620.0,agent_319569ad,inspection_workflow_created
620.0,agent_319569ad,inspection_task_generated
620.0,env_140071554605664,visual_update
620.0,agent_140071509895360,state_changed
620.0,task_59e6244d,state_changed
620.0,agent_140071509895360,state_changed
620.0,agent_140071509895360,state_changed
620.0,agent_140071509895360,state_changed
620.0,agent_140071509779328,state_changed
620.0,task_b7293403,state_changed
620.0,agent_140071509779328,state_changed
620.0,agent_140071509779328,state_changed
620.0,agent_140071509779328,state_changed
620.177,agent_140071509779328,state_changed
620.177,task_b7293403,state_changed
620.177,agent_140071509779328,state_changed
620.177,agent_140071509779328,state_changed
620.177,agent_140071509779328,state_changed
620.177,agent_140071509779328,MoveTo.task_completed
620.177,workflow_cc33d1aa,waypoint_completed
620.177,workflow_cc33d1aa,inspection_completed
620.177,workflow_cc33d1aa,workflow_status_changed
620.177,workflow_cc33d1aa,sm_status_changed
620.177,agent_140071509779328,MoveTo.metric_changed
620.177,agent_140071509779328,task_completed
620.177,workflow_manager_140071533322320,workflow_completed
621.0,workflow_0eb4b5e2,workflow_status_changed
621.0,workflow_0eb4b5e2,sm_status_changed
621.0,agent_140071510012928,workflow_assigned
621.0,workflow_manager_140071533322320,workflow_started
621.0,task_manager_6e7a94e2,task_selected
625,task_manager_6e7a94e2,task_selected
625,agent_140071509779328,task_started
625,agent_140071509779328,MoveTo.task_started
625,agent_140071509779328,MoveTo.metric_changed
625,task_manager_6e7a94e2,task_selected
625,agent_140071510012928,task_started
625,agent_140071510012928,MoveTo.task_started
625,agent_140071510012928,MoveTo.metric_changed
625,agent_140071509779328,MoveTo.task_completed
625,agent_140071509779328,task_completed
626.259,agent_140071509895360,state_changed
626.259,task_59e6244d,state_changed
626.259,agent_140071509895360,state_changed
626.259,agent_140071509895360,state_changed
626.259,agent_140071509895360,state_changed
626.259,agent_140071509895360,state_changed
626.259,agent_140071509895360,MoveTo.task_completed
626.259,workflow_ee4c926d,waypoint_completed
626.259,workflow_ee4c926d,sm_status_changed
626.259,agent_140071509895360,MoveTo.metric_changed
626.259,agent_140071509895360,task_completed
630.0,env_140071554605664,visual_update
630,task_manager_6e7a94e2,task_selected
630,agent_140071509895360,task_started
630,agent_140071509895360,MoveTo.task_started
630,agent_140071509895360,MoveTo.metric_changed
630.0,agent_140071509779328,state_changed
630.0,agent_140071510012928,state_changed
630,agent_140071509895360,MoveTo.task_completed
630.0,task_manager_6e7a94e2,task_selected
630.0,task_manager_6e7a94e2,task_selected
630.0,agent_140071510012928,state_changed
630.0,task_59c78079,state_changed
630.0,agent_140071510012928,state_changed
630.0,agent_140071510012928,state_changed
630.0,agent_140071510012928,state_changed
630.0,agent_140071510012928,state_changed
630,agent_140071509895360,task_completed
635,task_manager_6e7a94e2,task_selected
635,agent_140071509895360,task_started
635,agent_140071509895360,MoveTo.task_started
635,agent_140071509895360,MoveTo.metric_changed
640.0,env_140071554605664,visual_update
640.0,task_manager_6e7a94e2,task_selected
640.0,agent_140071510012928,state_changed
640.0,task_59c78079,state_changed
640.0,agent_140071510012928,state_changed
640.0,agent_140071510012928,state_changed
640.0,agent_140071510012928,state_changed
640.0,agent_140071509895360,state_changed
640.0,task_e8ffec83,state_changed
640.0,agent_140071509895360,state_changed
640.0,agent_140071509895360,state_changed
640.0,agent_140071509895360,state_changed
640.0,agent_140071509895360,state_changed
647.293,agent_140071509895360,state_changed
647.293,task_e8ffec83,state_changed
647.293,agent_140071509895360,state_changed
647.293,agent_140071509895360,state_changed
647.293,agent_140071509895360,state_changed
647.293,agent_140071509895360,MoveTo.task_completed
647.293,workflow_ee4c926d,waypoint_completed
647.293,workflow_ee4c926d,inspection_completed
647.293,workflow_ee4c926d,workflow_status_changed
647.293,workflow_ee4c926d,sm_status_changed
647.293,agent_140071509895360,MoveTo.metric_changed
647.293,agent_140071509895360,task_completed
647.293,workflow_manager_140071533322320,workflow_completed
650.0,env_140071554605664,visual_update
650,task_manager_6e7a94e2,task_selected
650,agent_140071509895360,task_started
650,agent_140071509895360,MoveTo.task_started
650,agent_140071509895360,MoveTo.metric_changed
650,agent_140071509895360,MoveTo.task_completed
650.0,agent_140071509895360,state_changed
650.0,agent_140071510012928,state_changed
650.0,task_59c78079,state_changed
650.0,agent_140071510012928,state_changed
650.0,agent_140071510012928,state_changed
650.0,agent_140071510012928,state_changed
650,agent_140071509895360,task_completed
660.0,env_140071554605664,visual_update
660.0,agent_140071510012928,state_changed
660.0,task_59c78079,state_changed
660.0,agent_140071510012928,state_changed
660.0,agent_140071510012928,state_changed
660.0,agent_140071510012928,state_changed
663.953,agent_140071510012928,state_changed
663.953,task_59c78079,state_changed
663.953,agent_140071510012928,state_changed
663.953,agent_140071510012928,state_changed
663.953,agent_140071510012928,state_changed
663.953,agent_140071510012928,MoveTo.task_completed
663.953,workflow_0eb4b5e2,waypoint_completed
663.953,workflow_0eb4b5e2,sm_status_changed
663.953,agent_140071510012928,MoveTo.metric_changed
663.953,agent_140071510012928,task_completed
665,task_manager_6e7a94e2,task_selected
665,agent_140071510012928,task_started
665,agent_140071510012928,MoveTo.task_started
665,agent_140071510012928,MoveTo.metric_changed
665,agent_140071510012928,MoveTo.task_completed
665,agent_140071510012928,task_completed
670.0,env_140071554605664,visual_update
670.0,agent_140071510012928,state_changed
670.0,task_manager_6e7a94e2,task_selected
675,task_manager_6e7a94e2,task_selected
675,agent_140071510012928,task_started
675,agent_140071510012928,MoveTo.task_started
675,agent_140071510012928,MoveTo.metric_changed
680.0,workflow_manager_140071533322320,workflow_registered
680.0,agent_319569ad,inspection_workflow_created
680.0,agent_319569ad,inspection_task_generated
680.0,env_140071554605664,visual_update
680.0,agent_140071510012928,state_changed
680.0,task_manager_6e7a94e2,task_selected
680.0,agent_140071510012928,state_changed
680.0,task_2d23951e,state_changed
680.0,agent_140071510012928,state_changed
680.0,agent_140071510012928,state_changed
680.0,agent_140071510012928,state_changed
680.0,agent_140071510012928,state_changed
681.0,workflow_4c472618,workflow_status_changed
681.0,workflow_4c472618,sm_status_changed
681.0,agent_140071510096192,workflow_assigned
681.0,workflow_manager_140071533322320,workflow_started
681.0,task_manager_6e7a94e2,task_selected
685,task_manager_6e7a94e2,task_selected
685,agent_140071510096192,task_started
685,agent_140071510096192,MoveTo.task_started
685,agent_140071510096192,MoveTo.metric_changed
690.0,env_140071554605664,visual_update
690.0,agent_140071510096192,state_changed
690.0,agent_140071510012928,state_changed
690.0,task_2d23951e,state_changed
690.0,agent_140071510012928,state_changed
690.0,agent_140071510012928,state_changed
690.0,agent_140071510012928,state_changed
690.0,task_manager_6e7a94e2,task_selected
690.0,agent_140071510096192,state_changed
690.0,task_22ddc639,state_changed
690.0,agent_140071510096192,state_changed
690.0,agent_140071510096192,state_changed
690.0,agent_140071510096192,state_changed
690.0,agent_140071510096192,state_changed
694.827,agent_140071510012928,state_changed
694.827,task_2d23951e,state_changed
694.827,agent_140071510012928,state_changed
694.827,agent_140071510012928,state_changed
694.827,agent_140071510012928,state_changed
694.827,agent_140071510012928,state_changed
694.827,agent_140071510012928,MoveTo.task_completed
694.827,workflow_0eb4b5e2,waypoint_completed
694.827,workflow_0eb4b5e2,sm_status_changed
694.827,agent_140071510012928,MoveTo.metric_changed
694.827,agent_140071510012928,task_completed
695,task_manager_6e7a94e2,task_selected
695,agent_140071510012928,task_started
695,agent_140071510012928,MoveTo.task_started
695,agent_140071510012928,MoveTo.metric_changed
695,agent_140071510012928,MoveTo.task_completed
695,agent_140071510012928,task_completed
700.0,env_140071554605664,visual_update
700.0,agent_140071510012928,state_changed
700.0,task_manager_6e7a94e2,task_selected
700.0,agent_140071510096192,state_changed
700.0,task_22ddc639,state_changed
700.0,agent_140071510096192,state_changed
700.0,agent_140071510096192,state_changed
700.0,agent_140071510096192,state_changed
705,task_manager_6e7a94e2,task_selected
705,agent_140071510012928,task_started
705,agent_140071510012928,MoveTo.task_started
705,agent_140071510012928,MoveTo.metric_changed
710.0,env_140071554605664,visual_update
710.0,agent_140071510012928,state_changed
710.0,task_manager_6e7a94e2,task_selected
710.0,agent_140071510096192,state_changed
710.0,task_22ddc639,state_changed
710.0,agent_140071510096192,state_changed
710.0,agent_140071510096192,state_changed
710.0,agent_140071510096192,state_changed
710.0,agent_140071510012928,state_changed
710.0,task_b1ac6262,state_changed
710.0,agent_140071510012928,state_changed
710.0,agent_140071510012928,state_changed
710.0,agent_140071510012928,state_changed
710.0,agent_140071510012928,state_changed
720.0,env_140071554605664,visual_update
720.0,agent_140071510096192,state_changed
720.0,task_22ddc639,state_changed
720.0,agent_140071510096192,state_changed
720.0,agent_140071510096192,state_changed
720.0,agent_140071510096192,state_changed
720.0,agent_140071510012928,state_changed
720.0,task_b1ac6262,state_changed
720.0,agent_140071510012928,state_changed
720.0,agent_140071510012928,state_changed
720.0,agent_140071510012928,state_changed
725.21,agent_140071510012928,state_changed
725.21,task_b1ac6262,state_changed
725.21,agent_140071510012928,state_changed
725.21,agent_140071510012928,state_changed
725.21,agent_140071510012928,state_changed
725.21,agent_140071510012928,state_changed
725.21,agent_140071510012928,MoveTo.task_completed
725.21,workflow_0eb4b5e2,waypoint_completed
725.21,workflow_0eb4b5e2,inspection_completed
725.21,workflow_0eb4b5e2,workflow_status_changed
725.21,workflow_0eb4b5e2,sm_status_changed
725.21,agent_140071510012928,MoveTo.metric_changed
725.21,agent_140071510012928,task_completed
725.21,workflow_manager_140071533322320,workflow_completed
730.0,env_140071554605664,visual_update
730,task_manager_6e7a94e2,task_selected
730,agent_140071510012928,task_started
730,agent_140071510012928,MoveTo.task_started
730,agent_140071510012928,MoveTo.metric_changed
730,agent_140071510012928,MoveTo.task_completed
730.0,agent_140071510012928,state_changed
730.0,agent_140071510096192,state_changed
730.0,task_22ddc639,state_changed
730.0,agent_140071510096192,state_changed
730.0,agent_140071510096192,state_changed
730.0,agent_140071510096192,state_changed
730,agent_140071510012928,task_completed
740.0,workflow_manager_140071533322320,workflow_registered
740.0,agent_319569ad,inspection_workflow_created
740.0,agent_319569ad,inspection_task_generated
740.0,env_140071554605664,visual_update
740.0,agent_140071510096192,state_changed
740.0,task_22ddc639,state_changed
740.0,agent_140071510096192,state_changed
740.0,agent_140071510096192,state_changed
740.0,agent_140071510096192,state_changed
741.0,workflow_ff57b6cc,workflow_status_changed
741.0,workflow_ff57b6cc,sm_status_changed
741.0,agent_140071510195840,workflow_assigned
741.0,workflow_manager_140071533322320,workflow_started
741.0,task_manager_6e7a94e2,task_selected
745,task_manager_6e7a94e2,task_selected
745,agent_140071510195840,task_started
745,agent_140071510195840,MoveTo.task_started
745,agent_140071510195840,MoveTo.metric_changed
745.336,agent_140071510096192,state_changed
745.336,task_22ddc639,state_changed
745.336,agent_140071510096192,state_changed
745.336,agent_140071510096192,state_changed
745.336,agent_140071510096192,state_changed
745.336,agent_140071510096192,MoveTo.task_completed
745.336,workflow_4c472618,waypoint_completed
745.336,workflow_4c472618,sm_status_changed
745.336,agent_140071510096192,MoveTo.metric_changed
745.336,agent_140071510096192,task_completed
750.0,env_140071554605664,visual_update
750,task_manager_6e7a94e2,task_selected
750,agent_140071510096192,task_started
750,agent_140071510096192,MoveTo.task_started
750,agent_140071510096192,MoveTo.metric_changed
750.0,agent_140071510195840,state_changed
750,agent_140071510096192,MoveTo.task_completed
750.0,task_manager_6e7a94e2,task_selected
750.0,task_manager_6e7a94e2,task_selected
750.0,agent_140071510195840,state_changed
750.0,task_cfa6fb0d,state_changed
750.0,agent_140071510195840,state_changed
750.0,agent_140071510195840,state_changed
750.0,agent_140071510195840,state_changed
750.0,agent_140071510195840,state_changed
750,agent_140071510096192,task_completed
755,task_manager_6e7a94e2,task_selected
755,agent_140071510096192,task_started
755,agent_140071510096192,MoveTo.task_started
755,agent_140071510096192,MoveTo.metric_changed
760.0,env_140071554605664,visual_update
760.0,task_manager_6e7a94e2,task_selected
760.0,agent_140071510195840,state_changed
760.0,task_cfa6fb0d,state_changed
760.0,agent_140071510195840,state_changed
760.0,agent_140071510195840,state_changed
760.0,agent_140071510195840,state_changed
760.0,agent_140071510096192,state_changed
760.0,task_f96cbd5c,state_changed
760.0,agent_140071510096192,state_changed
760.0,agent_140071510096192,state_changed
760.0,agent_140071510096192,state_changed
760.0,agent_140071510096192,state_changed
765.608,agent_140071510096192,state_changed
765.608,task_f96cbd5c,state_changed
765.608,agent_140071510096192,state_changed
765.608,agent_140071510096192,state_changed
765.608,agent_140071510096192,state_changed
765.608,agent_140071510096192,MoveTo.task_completed
765.608,workflow_4c472618,waypoint_completed
765.608,workflow_4c472618,sm_status_changed
765.608,agent_140071510096192,MoveTo.metric_changed
765.608,agent_140071510096192,task_completed
770.0,env_140071554605664,visual_update
770,task_manager_6e7a94e2,task_selected
770,agent_140071510096192,task_started
770,agent_140071510096192,MoveTo.task_started
770,agent_140071510096192,MoveTo.metric_changed
770,agent_140071510096192,MoveTo.task_completed
770.0,task_manager_6e7a94e2,task_selected
770.0,agent_140071510195840,state_changed
770.0,task_cfa6fb0d,state_changed
770.0,agent_140071510195840,state_changed
770.0,agent_140071510195840,state_changed
770.0,agent_140071510195840,state_changed
770,agent_140071510096192,task_completed
775,task_manager_6e7a94e2,task_selected
775,agent_140071510096192,task_started
775,agent_140071510096192,MoveTo.task_started
775,agent_140071510096192,MoveTo.metric_changed
780.0,env_140071554605664,visual_update
780.0,task_manager_6e7a94e2,task_selected
780.0,agent_140071510195840,state_changed
780.0,task_cfa6fb0d,state_changed
780.0,agent_140071510195840,state_changed
780.0,agent_140071510195840,state_changed
780.0,agent_140071510195840,state_changed
780.0,agent_140071510096192,state_changed
780.0,task_31afe303,state_changed
780.0,agent_140071510096192,state_changed
780.0,agent_140071510096192,state_changed
780.0,agent_140071510096192,state_changed
780.0,agent_140071510096192,state_changed
780.744,agent_140071510096192,state_changed
780.744,task_31afe303,state_changed
780.744,agent_140071510096192,state_changed
780.744,agent_140071510096192,state_changed
780.744,agent_140071510096192,state_changed
780.744,agent_140071510096192,state_changed
780.744,agent_140071510096192,MoveTo.task_completed
780.744,workflow_4c472618,waypoint_completed
780.744,workflow_4c472618,inspection_completed
780.744,workflow_4c472618,workflow_status_changed
780.744,workflow_4c472618,sm_status_changed
780.744,agent_140071510096192,MoveTo.metric_changed
780.744,agent_140071510096192,task_completed
780.744,workflow_manager_140071533322320,workflow_completed
785,task_manager_6e7a94e2,task_selected
785,agent_140071510096192,task_started
785,agent_140071510096192,MoveTo.task_started
785,agent_140071510096192,MoveTo.metric_changed
785,agent_140071510096192,MoveTo.task_completed
785,agent_140071510096192,task_completed
790.0,env_140071554605664,visual_update
790.0,agent_140071510096192,state_changed
790.0,agent_140071510195840,state_changed
790.0,task_cfa6fb0d,state_changed
790.0,agent_140071510195840,state_changed
790.0,agent_140071510195840,state_changed
790.0,agent_140071510195840,state_changed
800.0,workflow_manager_140071533322320,workflow_registered
800.0,agent_319569ad,inspection_workflow_created
800.0,agent_319569ad,inspection_task_generated
800.0,env_140071554605664,visual_update
800.0,agent_140071510195840,state_changed
800.0,task_cfa6fb0d,state_changed
800.0,agent_140071510195840,state_changed
800.0,agent_140071510195840,state_changed
800.0,agent_140071510195840,state_changed
801.0,workflow_690ac837,workflow_status_changed
801.0,workflow_690ac837,sm_status_changed
801.0,agent_140071510410240,workflow_assigned
801.0,workflow_manager_140071533322320,workflow_started
801.0,task_manager_6e7a94e2,task_selected
805,task_manager_6e7a94e2,task_selected
805,agent_140071510410240,task_started
805,agent_140071510410240,MoveTo.task_started
805,agent_140071510410240,MoveTo.metric_changed
807.824,agent_140071510195840,state_changed
807.824,task_cfa6fb0d,state_changed
807.824,agent_140071510195840,state_changed
807.824,agent_140071510195840,state_changed
807.824,agent_140071510195840,state_changed
807.824,agent_140071510195840,MoveTo.task_completed
807.824,workflow_ff57b6cc,waypoint_completed
807.824,workflow_ff57b6cc,sm_status_changed
807.824,agent_140071510195840,MoveTo.metric_changed
807.824,agent_140071510195840,task_completed
810.0,env_140071554605664,visual_update
810,task_manager_6e7a94e2,task_selected
810,agent_140071510195840,task_started
810,agent_140071510195840,MoveTo.task_started
810,agent_140071510195840,MoveTo.metric_changed
810.0,agent_140071510410240,state_changed
810,agent_140071510195840,MoveTo.task_completed
810.0,task_manager_6e7a94e2,task_selected
810.0,task_manager_6e7a94e2,task_selected
810.0,agent_140071510410240,state_changed
810.0,task_0448d1c2,state_changed
810.0,agent_140071510410240,state_changed
810.0,agent_140071510410240,state_changed
810.0,agent_140071510410240,state_changed
810.0,agent_140071510410240,state_changed
810,agent_140071510195840,task_completed
815,task_manager_6e7a94e2,task_selected
815,agent_140071510195840,task_started
815,agent_140071510195840,MoveTo.task_started
815,agent_140071510195840,MoveTo.metric_changed
819.022,agent_140071510195840,state_changed
819.022,task_15bbe9ab,state_changed
819.022,agent_140071510195840,state_changed
819.022,agent_140071510195840,state_changed
819.022,agent_140071510195840,state_changed
819.022,agent_140071510195840,state_changed
819.022,agent_140071510195840,state_changed
819.022,agent_140071510195840,MoveTo.task_completed
819.022,workflow_ff57b6cc,waypoint_completed
819.022,workflow_ff57b6cc,sm_status_changed
819.022,agent_140071510195840,MoveTo.metric_changed
819.022,agent_140071510195840,task_completed
820.0,env_140071554605664,visual_update
820.0,agent_140071510195840,state_changed
820.0,task_manager_6e7a94e2,task_selected
820.0,agent_140071510410240,state_changed
820.0,task_0448d1c2,state_changed
820.0,agent_140071510410240,state_changed
820.0,agent_140071510410240,state_changed
820.0,agent_140071510410240,state_changed
825,task_manager_6e7a94e2,task_selected
825,agent_140071510195840,task_started
825,agent_140071510195840,MoveTo.task_started
825,agent_140071510195840,MoveTo.metric_changed
829.645,agent_140071510410240,state_changed
829.645,task_0448d1c2,state_changed
829.645,agent_140071510410240,state_changed
829.645,agent_140071510410240,state_changed
829.645,agent_140071510410240,state_changed
829.645,agent_140071510410240,MoveTo.task_completed
829.645,workflow_690ac837,waypoint_completed
829.645,workflow_690ac837,sm_status_changed
829.645,agent_140071510410240,MoveTo.metric_changed
829.645,agent_140071510410240,task_completed
830.0,env_140071554605664,visual_update
830,task_manager_6e7a94e2,task_selected
830,agent_140071510410240,task_started
830,agent_140071510410240,MoveTo.task_started
830,agent_140071510410240,MoveTo.metric_changed
830.0,agent_140071510195840,state_changed
830,agent_140071510410240,MoveTo.task_completed
830.0,task_manager_6e7a94e2,task_selected
830.0,task_manager_6e7a94e2,task_selected
830.0,agent_140071510195840,state_changed
830.0,task_cf4bf1fb,state_changed
830.0,agent_140071510195840,state_changed
830.0,agent_140071510195840,state_changed
830.0,agent_140071510195840,state_changed
830.0,agent_140071510195840,state_changed
830,agent_140071510410240,task_completed
835,task_manager_6e7a94e2,task_selected
835,agent_140071510410240,task_started
835,agent_140071510410240,MoveTo.task_started
835,agent_140071510410240,MoveTo.metric_changed
837.837,agent_140071510195840,state_changed
837.837,task_cf4bf1fb,state_changed
837.837,agent_140071510195840,state_changed
837.837,agent_140071510195840,state_changed
837.837,agent_140071510195840,state_changed
837.837,agent_140071510195840,MoveTo.task_completed
837.837,workflow_ff57b6cc,waypoint_completed
837.837,workflow_ff57b6cc,inspection_completed
837.837,workflow_ff57b6cc,workflow_status_changed
837.837,workflow_ff57b6cc,sm_status_changed
837.837,agent_140071510195840,MoveTo.metric_changed
837.837,agent_140071510195840,task_completed
837.837,workflow_manager_140071533322320,workflow_completed
840.0,env_140071554605664,visual_update
840,task_manager_6e7a94e2,task_selected
840,agent_140071510195840,task_started
840,agent_140071510195840,MoveTo.task_started
840,agent_140071510195840,MoveTo.metric_changed
840,agent_140071510195840,MoveTo.task_completed
840.0,agent_140071510195840,state_changed
840.0,task_manager_6e7a94e2,task_selected
840.0,agent_140071510410240,state_changed
840.0,task_808e5d94,state_changed
840.0,agent_140071510410240,state_changed
840.0,agent_140071510410240,state_changed
840.0,agent_140071510410240,state_changed
840.0,agent_140071510410240,state_changed
840,agent_140071510195840,task_completed
840.919,agent_140071510410240,state_changed
840.919,task_808e5d94,state_changed
840.919,agent_140071510410240,state_changed
840.919,agent_140071510410240,state_changed
840.919,agent_140071510410240,state_changed
840.919,agent_140071510410240,state_changed
840.919,agent_140071510410240,MoveTo.task_completed
840.919,workflow_690ac837,waypoint_completed
840.919,workflow_690ac837,sm_status_changed
840.919,agent_140071510410240,MoveTo.metric_changed
840.919,agent_140071510410240,task_completed
845,task_manager_6e7a94e2,task_selected
845,agent_140071510410240,task_started
845,agent_140071510410240,MoveTo.task_started
845,agent_140071510410240,MoveTo.metric_changed
845,agent_140071510410240,MoveTo.task_completed
845,agent_140071510410240,task_completed
850.0,env_140071554605664,visual_update
850.0,agent_140071510410240,state_changed
850.0,task_manager_6e7a94e2,task_selected
855,task_manager_6e7a94e2,task_selected
855,agent_140071510410240,task_started
855,agent_140071510410240,MoveTo.task_started
855,agent_140071510410240,MoveTo.metric_changed
860.0,workflow_manager_140071533322320,workflow_registered
860.0,agent_319569ad,inspection_workflow_created
860.0,agent_319569ad,inspection_task_generated
860.0,env_140071554605664,visual_update
860.0,agent_140071510410240,state_changed
860.0,task_manager_6e7a94e2,task_selected
860.0,agent_140071510410240,state_changed
860.0,task_306e4162,state_changed
860.0,agent_140071510410240,state_changed
860.0,agent_140071510410240,state_changed
860.0,agent_140071510410240,state_changed
860.0,agent_140071510410240,state_changed
861.0,workflow_25c14aea,workflow_status_changed
861.0,workflow_25c14aea,sm_status_changed
861.0,agent_140071508445888,workflow_assigned
861.0,workflow_manager_140071533322320,workflow_started
861.0,task_manager_6e7a94e2,task_selected
865,task_manager_6e7a94e2,task_selected
865,agent_140071508445888,task_started
865,agent_140071508445888,MoveTo.task_started
865,agent_140071508445888,MoveTo.metric_changed
867.921,agent_140071510410240,state_changed
867.921,task_306e4162,state_changed
867.921,agent_140071510410240,state_changed
867.921,agent_140071510410240,state_changed
867.921,agent_140071510410240,state_changed
867.921,agent_140071510410240,state_changed
867.921,agent_140071510410240,MoveTo.task_completed
867.921,workflow_690ac837,waypoint_completed
867.921,workflow_690ac837,inspection_completed
867.921,workflow_690ac837,workflow_status_changed
867.921,workflow_690ac837,sm_status_changed
867.921,agent_140071510410240,MoveTo.metric_changed
867.921,agent_140071510410240,task_completed
867.921,workflow_manager_140071533322320,workflow_completed
870.0,env_140071554605664,visual_update
870,task_manager_6e7a94e2,task_selected
870,agent_140071510410240,task_started
870,agent_140071510410240,MoveTo.task_started
870,agent_140071510410240,MoveTo.metric_changed
870.0,agent_140071508445888,state_changed
870,agent_140071510410240,MoveTo.task_completed
870.0,agent_140071510410240,state_changed
870.0,task_manager_6e7a94e2,task_selected
870.0,agent_140071508445888,state_changed
870.0,task_9d7bd226,state_changed
870.0,agent_140071508445888,state_changed
870.0,agent_140071508445888,state_changed
870.0,agent_140071508445888,state_changed
870.0,agent_140071508445888,state_changed
870,agent_140071510410240,task_completed
877.185,agent_140071508445888,state_changed
877.185,task_9d7bd226,state_changed
877.185,agent_140071508445888,state_changed
877.185,agent_140071508445888,state_changed
877.185,agent_140071508445888,state_changed
877.185,agent_140071508445888,state_changed
877.185,agent_140071508445888,MoveTo.task_completed
877.185,workflow_25c14aea,waypoint_completed
877.185,workflow_25c14aea,sm_status_changed
877.185,agent_140071508445888,MoveTo.metric_changed
877.185,agent_140071508445888,task_completed
880.0,env_140071554605664,visual_update
880,task_manager_6e7a94e2,task_selected
880,agent_140071508445888,task_started
880,agent_140071508445888,MoveTo.task_started
880,agent_140071508445888,MoveTo.metric_changed
880,agent_140071508445888,MoveTo.task_completed
880.0,task_manager_6e7a94e2,task_selected
880,agent_140071508445888,task_completed
885,task_manager_6e7a94e2,task_selected
885,agent_140071508445888,task_started
885,agent_140071508445888,MoveTo.task_started
885,agent_140071508445888,MoveTo.metric_changed
890.0,env_140071554605664,visual_update
890.0,task_manager_6e7a94e2,task_selected
890.0,agent_140071508445888,state_changed
890.0,task_9cfe109c,state_changed
890.0,agent_140071508445888,state_changed
890.0,agent_140071508445888,state_changed
890.0,agent_140071508445888,state_changed
890.0,agent_140071508445888,state_changed
900.0,env_140071554605664,visual_update
900.0,agent_140071508445888,state_changed
900.0,task_9cfe109c,state_changed
900.0,agent_140071508445888,state_changed
900.0,agent_140071508445888,state_changed
900.0,agent_140071508445888,state_changed
902.342,agent_140071508445888,state_changed
902.342,task_9cfe109c,state_changed
902.342,agent_140071508445888,state_changed
902.342,agent_140071508445888,state_changed
902.342,agent_140071508445888,state_changed
902.342,agent_140071508445888,MoveTo.task_completed
902.342,workflow_25c14aea,waypoint_completed
902.342,workflow_25c14aea,sm_status_changed
902.342,agent_140071508445888,MoveTo.metric_changed
902.342,agent_140071508445888,task_completed
905,task_manager_6e7a94e2,task_selected
905,agent_140071508445888,task_started
905,agent_140071508445888,MoveTo.task_started
905,agent_140071508445888,MoveTo.metric_changed
905,agent_140071508445888,MoveTo.task_completed
905,agent_140071508445888,task_completed
910.0,env_140071554605664,visual_update
910.0,agent_140071508445888,state_changed
910.0,task_manager_6e7a94e2,task_selected
915,task_manager_6e7a94e2,task_selected
915,agent_140071508445888,task_started
915,agent_140071508445888,MoveTo.task_started
915,agent_140071508445888,MoveTo.metric_changed
920.0,workflow_manager_140071533322320,workflow_registered
920.0,agent_319569ad,inspection_workflow_created
920.0,agent_319569ad,inspection_task_generated
920.0,env_140071554605664,visual_update
920.0,agent_140071508445888,state_changed
920.0,task_manager_6e7a94e2,task_selected
920.0,agent_140071508445888,state_changed
920.0,task_26dd5608,state_changed
920.0,agent_140071508445888,state_changed
920.0,agent_140071508445888,state_changed
920.0,agent_140071508445888,state_changed
920.0,agent_140071508445888,state_changed
921.0,workflow_c8c4dd8c,workflow_status_changed
921.0,workflow_c8c4dd8c,sm_status_changed
921.0,agent_140071508545536,workflow_assigned
921.0,workflow_manager_140071533322320,workflow_started
921.0,task_manager_6e7a94e2,task_selected
925,task_manager_6e7a94e2,task_selected
925,agent_140071508545536,task_started
925,agent_140071508545536,MoveTo.task_started
925,agent_140071508545536,MoveTo.metric_changed
930.0,env_140071554605664,visual_update
930.0,agent_140071508545536,state_changed
930.0,agent_140071508445888,state_changed
930.0,task_26dd5608,state_changed
930.0,agent_140071508445888,state_changed
930.0,agent_140071508445888,state_changed
930.0,agent_140071508445888,state_changed
930.0,task_manager_6e7a94e2,task_selected
930.0,agent_140071508545536,state_changed
930.0,task_591d354e,state_changed
930.0,agent_140071508545536,state_changed
930.0,agent_140071508545536,state_changed
930.0,agent_140071508545536,state_changed
930.0,agent_140071508545536,state_changed
932.74,agent_140071508445888,state_changed
932.74,task_26dd5608,state_changed
932.74,agent_140071508445888,state_changed
932.74,agent_140071508445888,state_changed
932.74,agent_140071508445888,state_changed
932.74,agent_140071508445888,state_changed
932.74,agent_140071508445888,MoveTo.task_completed
932.74,workflow_25c14aea,waypoint_completed
932.74,workflow_25c14aea,inspection_completed
932.74,workflow_25c14aea,workflow_status_changed
932.74,workflow_25c14aea,sm_status_changed
932.74,agent_140071508445888,MoveTo.metric_changed
932.74,agent_140071508445888,task_completed
932.74,workflow_manager_140071533322320,workflow_completed
935,task_manager_6e7a94e2,task_selected
935,agent_140071508445888,task_started
935,agent_140071508445888,MoveTo.task_started
935,agent_140071508445888,MoveTo.metric_changed
935,agent_140071508445888,MoveTo.task_completed
935,agent_140071508445888,task_completed
940.0,env_140071554605664,visual_update
940.0,agent_140071508445888,state_changed
940.0,agent_140071508545536,state_changed
940.0,task_591d354e,state_changed
940.0,agent_140071508545536,state_changed
940.0,agent_140071508545536,state_changed
940.0,agent_140071508545536,state_changed
950.0,env_140071554605664,visual_update
950.0,agent_140071508545536,state_changed
950.0,task_591d354e,state_changed
950.0,agent_140071508545536,state_changed
950.0,agent_140071508545536,state_changed
950.0,agent_140071508545536,state_changed
960.0,env_140071554605664,visual_update
960.0,agent_140071508545536,state_changed
960.0,task_591d354e,state_changed
960.0,agent_140071508545536,state_changed
960.0,agent_140071508545536,state_changed
960.0,agent_140071508545536,state_changed
970.0,env_140071554605664,visual_update
970.0,agent_140071508545536,state_changed
970.0,task_591d354e,state_changed
970.0,agent_140071508545536,state_changed
970.0,agent_140071508545536,state_changed
970.0,agent_140071508545536,state_changed
979.347,agent_140071508545536,state_changed
979.347,task_591d354e,state_changed
979.347,agent_140071508545536,state_changed
979.347,agent_140071508545536,state_changed
979.347,agent_140071508545536,state_changed
979.347,agent_140071508545536,state_changed
979.347,agent_140071508545536,MoveTo.task_completed
979.347,workflow_c8c4dd8c,waypoint_completed
979.347,workflow_c8c4dd8c,sm_status_changed
979.347,agent_140071508545536,MoveTo.metric_changed
979.347,agent_140071508545536,task_completed
980.0,workflow_manager_140071533322320,workflow_registered
980.0,agent_319569ad,inspection_workflow_created
980.0,agent_319569ad,inspection_task_generated
980.0,env_140071554605664,visual_update
980,task_manager_6e7a94e2,task_selected
980,agent_140071508545536,task_started
980,agent_140071508545536,MoveTo.task_started
980,agent_140071508545536,MoveTo.metric_changed
980,agent_140071508545536,MoveTo.task_completed
980.0,task_manager_6e7a94e2,task_selected
980,agent_140071508545536,task_completed
981.0,workflow_7a47c7be,workflow_status_changed
981.0,workflow_7a47c7be,sm_status_changed
981.0,agent_140071508645184,workflow_assigned
981.0,workflow_manager_140071533322320,workflow_started
981.0,task_manager_6e7a94e2,task_selected
985,task_manager_6e7a94e2,task_selected
985,agent_140071508545536,task_started
985,agent_140071508545536,MoveTo.task_started
985,agent_140071508545536,MoveTo.metric_changed
985,task_manager_6e7a94e2,task_selected
985,agent_140071508645184,task_started
985,agent_140071508645184,MoveTo.task_started
985,agent_140071508645184,MoveTo.metric_changed
990.0,env_140071554605664,visual_update
990.0,agent_140071508645184,state_changed
990.0,task_manager_6e7a94e2,task_selected
990.0,task_manager_6e7a94e2,task_selected
990.0,agent_140071508545536,state_changed
990.0,task_3bd54baf,state_changed
990.0,agent_140071508545536,state_changed
990.0,agent_140071508545536,state_changed
990.0,agent_140071508545536,state_changed
990.0,agent_140071508545536,state_changed
990.0,agent_140071508645184,state_changed
990.0,task_a3049f9b,state_changed
990.0,agent_140071508645184,state_changed
990.0,agent_140071508645184,state_changed
990.0,agent_140071508645184,state_changed
990.0,agent_140071508645184,state_changed
993.815,agent_140071508545536,state_changed
993.815,task_3bd54baf,state_changed
993.815,agent_140071508545536,state_changed
993.815,agent_140071508545536,state_changed
993.815,agent_140071508545536,state_changed
993.815,agent_140071508545536,state_changed
993.815,agent_140071508545536,MoveTo.task_completed
993.815,workflow_c8c4dd8c,waypoint_completed
993.815,workflow_c8c4dd8c,sm_status_changed
993.815,agent_140071508545536,MoveTo.metric_changed
993.815,agent_140071508545536,task_completed
995,task_manager_6e7a94e2,task_selected
995,agent_140071508545536,task_started
995,agent_140071508545536,MoveTo.task_started
995,agent_140071508545536,MoveTo.metric_changed
995,agent_140071508545536,MoveTo.task_completed
995,agent_140071508545536,task_completed
